Episode,Score,Pipes_Surpassed,Epsilon,Mean_Score_Last_100
1,-600.7269436367155,0,0.3,
2,-566.5415551584204,0,0.2994188376753507,
3,-123.19171894291992,0,0.2988376753507014,
4,-262.5419591076722,0,0.2982565130260521,
5,-399.2208185382386,0,0.2976753507014028,
6,-342.70115645672,0,0.2970941883767535,
7,-353.87992442548006,0,0.2965130260521042,
8,-151.30269018557465,0,0.2959318637274549,
9,-575.7804625772006,0,0.2953507014028056,
10,-331.96160324083274,0,0.2947695390781563,
11,-551.542738624471,0,0.294188376753507,
12,-291.02349900539895,0,0.29360721442885773,
13,-255.34352768255707,0,0.2930260521042084,
14,-417.87119113644593,0,0.2924448897795591,
15,-476.77536232205455,0,0.2918637274549098,
16,-202.59832041657614,0,0.2912825651302605,
17,-664.2034816704904,0,0.2907014028056112,
18,-610.1376746921092,0,0.2901202404809619,
19,-452.7728910185044,0,0.28953907815631263,
20,-516.6418148825844,0,0.2889579158316633,
21,-440.60772494995325,0,0.288376753507014,
22,-532.744536811512,0,0.2877955911823647,
23,-244.09960541060929,0,0.2872144288577154,
24,-166.94616196083825,0,0.28663326653306614,
25,-303.92458275971927,0,0.2860521042084168,
26,-152.43410533173926,0,0.28547094188376754,
27,-281.24613123254244,0,0.2848897795591182,
28,-530.058835227726,0,0.28430861723446893,
29,-514.6062905672998,0,0.28372745490981965,
30,-578.1346358297673,0,0.2831462925851703,
31,-208.8770630587225,0,0.28256513026052105,
32,-205.38851135837785,0,0.2819839679358717,
33,-161.18446411934758,0,0.28140280561122244,
34,-232.67819166734012,0,0.2808216432865731,
35,-275.50068820921626,0,0.28024048096192383,
36,-459.51523807925196,0,0.27965931863727456,
37,-128.33846140205912,0,0.2790781563126252,
38,-574.8929274648484,0,0.27849699398797595,
39,-318.11800136658104,0,0.2779158316633267,
40,-699.4750406826992,0,0.27733466933867734,
41,-638.6896357365052,0,0.27675350701402807,
42,-456.3697249499579,0,0.27617234468937873,
43,-390.7172852264463,0,0.27559118236472946,
44,-245.09112205011382,0,0.2750100200400801,
45,-640.6885344109122,0,0.27442885771543085,
46,-539.40136779334,0,0.2738476953907816,
47,-208.0633732977023,0,0.27326653306613224,
48,-285.0134894073914,0,0.27268537074148297,
49,-627.3465129204222,0,0.27210420841683364,
50,-132.7786134607402,0,0.27152304609218436,
51,-601.810330519831,0,0.2709418837675351,
52,-604.4679243997637,0,0.27036072144288575,
53,-398.97248337188887,0,0.2697795591182365,
54,-297.72351762356533,0,0.26919839679358715,
55,-475.9271736646215,0,0.26861723446893787,
56,-597.2880604261387,0,0.2680360721442886,
57,-415.41968515603793,0,0.26745490981963926,
58,-633.009031914202,0,0.26687374749499,
59,-498.2891365137913,0,0.26629258517034066,
60,-592.0430648604114,0,0.2657114228456914,
61,-189.06101282223318,0,0.26513026052104205,
62,-684.748691437251,0,0.2645490981963928,
63,-376.97472306953,0,0.2639679358717435,
64,-379.90038375500075,0,0.26338677354709417,
65,-612.345912447401,0,0.2628056112224449,
66,-275.0350239285099,0,0.2622244488977956,
67,-316.7086507042952,0,0.2616432865731463,
68,-233.6189145685255,0,0.261062124248497,
69,-195.06712592373094,0,0.2604809619238477,
70,-334.2249811721823,0,0.2598997995991984,
71,-399.8313212357387,0,0.25931863727454907,
72,-655.1984597049197,0,0.2587374749498998,
73,-625.1915689239274,0,0.2581563126252505,
74,-216.79512678021126,0,0.2575751503006012,
75,-473.29572262651175,0,0.2569939879759519,
76,-527.423444228469,0,0.2564128256513026,
77,-325.20149179776956,0,0.2558316633266533,
78,-360.4441553436793,0,0.255250501002004,
79,-484.63506677034707,0,0.2546693386773547,
80,-326.4140804484724,0,0.2540881763527054,
81,-534.8724692242189,0,0.2535070140280561,
82,-230.56365055931235,0,0.2529258517034068,
83,-290.4107178596153,0,0.25234468937875754,
84,-298.9906429590244,0,0.2517635270541082,
85,-597.4894302082728,0,0.25118236472945893,
86,-628.9249434844294,0,0.2506012024048096,
87,-298.5464524386216,0,0.2500200400801603,
88,-556.2700664485799,0,0.24943887775551102,
89,-312.91096334837687,0,0.24885771543086171,
90,-124.96638608170952,0,0.2482765531062124,
91,-540.1095851692319,0,0.2476953907815631,
92,-148.54973671139442,0,0.24711422845691383,
93,-370.95938328327264,0,0.24653306613226453,
94,-161.85481285400067,0,0.24595190380761522,
95,-409.3304313642506,0,0.24537074148296592,
96,-624.8702446312029,0,0.24478957915831662,
97,-367.6120139382632,0,0.24420841683366734,
98,-377.71094379983447,0,0.24362725450901804,
99,-298.492342813938,0,0.24304609218436873,
100,-330.71583559212996,0,0.24246492985971943,-399.3090750937329
101,-507.6091198803555,0,0.24188376753507013,-398.37789685616934
102,-432.7038347323408,0,0.24130260521042085,-397.0395196519084
103,-387.41840163489513,0,0.24072144288577155,-399.68178647882814
104,-372.02187892411627,0,0.24014028056112224,-400.7765856769927
105,-335.106336680466,0,0.23955911823647294,-400.13544085841494
106,-440.2269753173947,0,0.23897795591182364,-401.1106990470217
107,-476.6049314116576,0,0.23839679358717436,-402.33794911688346
108,-666.7215066016443,0,0.23781563126252506,-407.4921372810442
109,-589.7749152721661,0,0.23723446893787575,-407.6320818079938
110,-405.1278722652071,0,0.23665330661322645,-408.3637444982375
111,-179.87116406784128,0,0.23607214428857715,-404.6470287526712
112,-528.3875720075602,0,0.23549098196392787,-407.0206694826929
113,-54.869367916027954,0,0.23490981963927854,-405.01592788502757
114,-344.9395844541369,0,0.23432865731462926,-404.28661181820445
115,-665.3274526468568,0,0.23374749498997996,-406.1721327214525
116,-527.9410338557823,0,0.23316633266533066,-409.42555985584454
117,-92.34503338282889,0,0.23258517034068138,-403.70697537296786
118,-144.36441032900473,0,0.23200400801603205,-399.0492427293369
119,-563.0674394903243,0,0.23142284569138277,-400.1521882140551
120,-227.29795137199733,0,0.23084168336673347,-397.2587495789493
121,-478.1539683866316,0,0.23026052104208417,-397.634212013316
122,-563.698320068723,0,0.22967935871743486,-397.9437498458881
123,-164.67242758519,0,0.22909819639278556,-397.149478067634
124,-280.7537940546023,0,0.22851703406813628,-398.2875543885716
125,-151.98984692754766,0,0.22793587174348698,-396.7682070302499
126,-161.59495969174043,0,0.22735470941883767,-396.85981557384986
127,-526.5905280522984,0,0.22677354709418837,-399.31325954204755
128,-478.51201645808635,0,0.22619238476953907,-398.79779135435115
129,-632.8136841318556,0,0.2256112224448898,-399.97986528999667
130,-372.2808672145074,0,0.22503006012024046,-397.92132760384396
131,-173.16473259538213,0,0.22444889779559118,-397.5642042992106
132,-564.3377337719896,0,0.22386773547094188,-401.15369652334664
133,-633.8342117161156,0,0.22328657314629258,-405.8801939993144
134,-523.9005836761175,0,0.2227054108216433,-408.79241791940217
135,-131.44883640182184,0,0.22212424849699397,-407.35189940132824
136,-186.89967237891415,0,0.2215430861723447,-404.62574374432495
137,-158.66329740723575,0,0.2209619238476954,-404.9289921043767
138,-404.1101592707005,0,0.2203807615230461,-403.22116442243515
139,-122.41018465529191,0,0.2197995991983968,-401.26408625532224
140,-267.2448194337819,0,0.21921843687374748,-396.9417840428331
141,-639.6200735868306,0,0.2186372745490982,-396.9510884213364
142,-369.93491172540325,0,0.2180561122244489,-396.08674028909087
143,-686.9080808588292,0,0.2174749498997996,-399.04864824541465
144,-360.11869579771377,0,0.21689378757515032,-400.19892398289056
145,-426.910748562292,0,0.216312625250501,-398.0611461244044
146,-289.09082954737244,0,0.2157314629258517,-395.55804074194464
147,-530.0143291338807,0,0.2151503006012024,-398.77755030030653
148,-515.9872403202403,0,0.2145691382765531,-401.087287809435
149,-515.6772896918364,0,0.2139879759519038,-399.97059557714914
150,-242.3365615738835,0,0.2134068136272545,-401.0661750582805
151,-684.25253054571,0,0.21282565130260522,-401.89059705853936
152,-337.17166478727415,0,0.2122444889779559,-399.2176344624144
153,-624.3844686362863,0,0.21166332665330662,-401.47175431505843
154,-628.7622637454165,0,0.2110821643286573,-404.782141776277
155,-681.6869289933417,0,0.210501002004008,-406.83973932956417
156,-379.1314114152719,0,0.20991983967935873,-404.65817283945546
157,-594.0518765617923,0,0.2093386773547094,-406.4444947535131
158,-163.51129588360413,0,0.20875751503006013,-401.749517393207
159,-339.02407187750737,0,0.20817635270541082,-400.15686674684423
160,-464.3987228126453,0,0.20759519038076152,-398.8804233263665
161,-114.79565931286925,0,0.20701402805611224,-398.13776979127294
162,-529.7561026431622,0,0.2064328657314629,-396.58784390333204
163,-174.82250753552285,0,0.20585170340681364,-394.566321747992
164,-521.8024588348711,0,0.20527054108216433,-395.98534249879066
165,-427.1523809989991,0,0.20468937875751503,-394.13340718430663
166,-492.4757619354151,0,0.20410821643286575,-396.3078145643756
167,-426.60324815720014,0,0.20352705410821642,-397.4067605389046
168,-564.4825457026964,0,0.20294589178356714,-400.7153968502464
169,-410.0502190781203,0,0.20236472945891784,-402.8652277817903
170,-542.8790585819713,0,0.20178356713426854,-404.9517685558882
171,-590.9281987411407,0,0.20120240480961923,-406.86273733094225
172,-280.82287923593356,0,0.20062124248496993,-403.1189815262524
173,-221.98278830747626,0,0.20004008016032065,-399.0868937200878
174,-690.1415475927723,0,0.19945891783567135,-403.82035792821347
175,-72.81038959527336,0,0.19887775551102205,-399.8155045979011
176,-445.22834154586224,0,0.19829659318637274,-398.9935535710749
177,-210.70930816399647,0,0.19771543086172344,-397.8486317347373
178,-533.0101729481005,0,0.19713426853707416,-399.57429191078154
179,-173.8378997688551,0,0.19655310621242483,-396.46632024076666
180,-489.0127416833401,0,0.19597194388777556,-398.0923068531153
181,-441.56583521938535,0,0.19539078156312625,-397.159240513067
182,-680.6018385920852,0,0.19480961923847695,-401.6596223933947
183,-575.7532947715538,0,0.19422845691382767,-404.5130481625141
184,-178.11573950699233,0,0.19364729458917834,-403.30429912799366
185,-358.30174041436425,0,0.19306613226452907,-400.9124222300546
186,-644.6461119748726,0,0.19248496993987976,-401.06963391495896
187,-188.978764554252,0,0.19190380761523046,-399.97395703611534
188,-496.61649716317976,0,0.19132264529058118,-399.3774213432613
189,-495.77797149532785,0,0.19074148296593185,-401.2060914247309
190,-288.09845276664504,0,0.19016032064128258,-402.8374120915803
191,-340.7214512507936,0,0.18957915831663327,-400.8435307523958
192,-228.1832496414031,0,0.18899799599198397,-401.6398658816959
193,-122.42124473982255,0,0.18841683366733467,-399.15448449626143
194,-179.9306921704814,0,0.18783567134268536,-399.3352432894263
195,-240.06088612094914,0,0.18725450901803609,-397.64254783699323
196,-307.56116101581625,0,0.18667334669338678,-394.4694570008394
197,-635.8670416445906,0,0.18609218436873748,-397.1520072779026
198,-213.6678717512629,0,0.18551102204408818,-395.5115765574169
199,-435.9076927456498,0,0.18492985971943887,-396.88573005673396
200,-469.2276337214806,0,0.1843486973947896,-398.27084803802757
201,-678.5047066660426,0,0.18376753507014026,-399.97980390588435
202,-150.01839658406618,0,0.183186372745491,-397.1529495244016
203,-450.35914975064554,0,0.18260521042084168,-397.78235700555916
204,-175.71358254525057,0,0.18202404809619238,-395.81927404177054
205,-331.8306841742664,0,0.1814428857715431,-395.78651751670856
206,-655.8811821192002,0,0.18086172344689377,-397.9430595847265
207,-663.2409115963295,0,0.1802805611222445,-399.80941938657327
208,-554.5643060806506,0,0.1796993987975952,-398.6878473813634
209,-606.3323765474399,0,0.1791182364729459,-398.85342199411616
210,-67.29003854152654,0,0.17853707414829662,-395.47504365687934
211,-559.2713691786848,0,0.17795591182364728,-399.2690457079878
212,-489.8418823134107,0,0.177374749498998,-398.8835888110463
213,-597.0806805728002,0,0.1767935871743487,-404.30570193761395
214,-628.2161746281918,0,0.1762124248496994,-407.1384678393546
215,-442.17858554099104,0,0.17563126252505012,-404.9069791682959
216,-580.0563926079255,0,0.1750501002004008,-405.4281327558173
217,-554.8320094380908,0,0.17446893787575152,-410.0530025163699
218,-654.0572329640202,0,0.1738877755511022,-415.1499307427201
219,-369.2627092191964,0,0.1733066132264529,-413.21188344000876
220,-434.1639526087402,0,0.1727254509018036,-415.2805434523762
221,-239.20337275986833,0,0.1721442885771543,-412.89103749610854
222,-107.834907398322,0,0.17156312625250503,-408.3324033694045
223,-692.0423267754516,0,0.17098196392785572,-413.60610236130714
224,-611.7583781021766,0,0.17040080160320642,-416.91614820178285
225,-228.3742775216021,0,0.16981963927855712,-417.67999250772345
226,-640.1763819739351,0,0.1692384769539078,-422.46580673054535
227,-270.32479019727873,0,0.1686573146292585,-419.9031493519952
228,-275.808288054678,0,0.16807615230460923,-417.8761120679612
229,-664.3655897606675,0,0.16749498997995993,-418.1916311242492
230,-660.6454091278512,0,0.16691382765531063,-421.07527654338264
231,-402.8081951947786,0,0.16633266533066132,-423.37171116937657
232,-494.94589213925224,0,0.16575150300601202,-422.67779275304923
233,-130.75302652995651,0,0.16517034068136274,-417.64698090118765
234,-401.0768319122573,0,0.16458917835671344,-416.4187433835491
235,-151.07471218829278,0,0.16400801603206414,-416.6150021414138
236,-557.4199048407974,0,0.16342685370741483,-420.32020446603275
237,-284.59900887123064,0,0.16284569138276553,-421.5795615806726
238,-483.06064513688773,0,0.16226452905811625,-422.3690664393344
239,-186.25648713481473,0,0.16168336673346695,-423.0075294641296
240,-295.77857719732657,0,0.16110220440881765,-423.29286704176513
241,-537.2865345268203,0,0.16052104208416834,-422.2695316511651
242,-514.0018302690414,0,0.15993987975951904,-423.7102008366014
243,-428.25252724247514,0,0.15935871743486973,-421.123645300438
244,-211.64822380990478,0,0.15877755511022046,-419.63894058055985
245,-374.4316123164207,0,0.15819639278557115,-419.1141492181011
246,-420.40492557576806,0,0.15761523046092185,-420.427290178385
247,-653.3684618183482,0,0.15703406813627255,-421.6608315052297
248,-437.44132455414734,0,0.15645290581162324,-420.87537234756877
249,-479.2759259284368,0,0.15587174348697397,-420.51135870993477
250,-245.2129608061906,0,0.15529058116232466,-420.54012270225786
251,-415.6975793875861,0,0.15470941883767536,-417.8545731906766
252,-177.10308093960703,0,0.15412825651302606,-416.2538873521998
253,-128.7462077984195,0,0.15354709418837675,-411.2975047438211
254,-623.0872396715399,0,0.15296593186372745,-411.2407545030825
255,-306.4669466391334,0,0.15238476953907817,-407.48855467954047
256,-384.83858215833425,0,0.15180360721442887,-407.54562638697104
257,-148.2214407315263,0,0.15122244488977957,-403.0873220286685
258,-222.34580405444268,0,0.15064128256513026,-403.6756671103768
259,-377.15344094453746,0,0.15006012024048096,-404.0569608010471
260,-101.11132549497347,0,0.14947895791583168,-400.42408682787044
261,-619.1994919955644,0,0.14889779559118238,-405.46812515469736
262,-361.39658589377075,0,0.14831663326653308,-403.78452998720337
263,-352.1240079099243,0,0.14773547094188377,-405.55754499094735
264,-457.19783424548916,0,0.14715430861723447,-404.9114987450536
265,-653.0080494660192,0,0.14657314629258517,-407.1700554297238
266,-172.29300656295277,0,0.1459919839679359,-403.96822787599916
267,-180.51579006472684,0,0.1454108216432866,-401.50735329507444
268,-138.8181896952907,0,0.14482965931863728,-397.2507097350003
269,-174.99734690342075,0,0.14424849699398798,-394.90018101325336
270,-220.0733351846672,0,0.14366733466933868,-391.6721237792803
271,-217.43936097992065,0,0.1430861723446894,-387.9372354016681
272,-407.7782790271207,0,0.1425050100200401,-389.20678939958003
273,-190.0712967576058,0,0.1419238476953908,-388.8876744840813
274,-173.73363279080058,0,0.1413426853707415,-383.72359533606163
275,-372.1434145510287,0,0.14076152304609219,-386.7169255856191
276,-407.65059844560665,0,0.14018036072144288,-386.3411481546165
277,-446.7835094883351,0,0.1395991983967936,-388.70189016786
278,-410.60232168203487,0,0.1390180360721443,-387.47781165519933
279,-309.7451124909657,0,0.138436873747495,-388.83688378242033
280,-304.4729979089996,0,0.1378557114228457,-386.99148634467696
281,-368.1227437782477,0,0.1372745490981964,-386.2570554302656
282,-306.0271897891904,0,0.13669338677354712,-382.51130894223667
283,-173.88963771730653,0,0.1361122244488978,-378.4926723716942
284,-481.9899841102615,0,0.1355310621242485,-381.5314148177269
285,-419.1025377211053,0,0.1349498997995992,-382.13942279079424
286,-610.6704281646748,0,0.1343687374749499,-381.7996659526923
287,-629.1820218484347,0,0.13378757515030062,-386.20169852563413
288,-627.496866542518,0,0.13320641282565132,-387.51050221942756
289,-299.6272332207607,0,0.13262525050100202,-385.5489948366819
290,-324.77898318555214,0,0.13204408817635271,-385.915800140871
291,-306.75739710920345,0,0.1314629258517034,-385.57615959945514
292,-181.06841025167444,0,0.1308817635270541,-385.10501120555784
293,-577.8709196188067,0,0.13030060120240483,-389.65950795434765
294,-381.3133258119347,0,0.12971943887775553,-391.6733342907621
295,-435.24037955740147,0,0.12913827655310622,-393.62512922512667
296,-257.4133704633471,0,0.12855711422845692,-393.123651319602
297,-144.09174166782088,0,0.12797595190380762,-388.2058983198342
298,-181.6422008941381,0,0.12739478957915834,-387.885641611263
299,-366.8974382968283,0,0.12681362725450904,-387.19553906677487
300,-514.0691015090101,0,0.12623246492985973,-387.64395374465016
301,-666.7130130518008,0,0.12565130260521043,-387.5260368085077
302,-155.36453558550932,0,0.12507014028056113,-387.5794981985221
303,-422.286859098868,0,0.12448897795591182,-387.29877529200434
304,-680.664133875175,0,0.12390781563126255,-392.3482808053035
305,-493.6267382743043,0,0.12332665330661324,-393.96624134630395
306,-115.02489501634443,0,0.12274549098196394,-388.5576784752754
307,-598.1854787096431,0,0.12216432865731464,-387.90712414640853
308,-609.1041488281896,0,0.12158316633266533,-388.452522573884
309,-253.4951144819285,0,0.12100200400801606,-384.92414995322883
310,-182.6408260626588,0,0.12042084168336675,-386.0776578284402
311,-190.55555918415718,0,0.11983967935871745,-382.39049972849483
312,-636.3258726916472,0,0.11925851703406815,-383.85533963227715
313,-524.373535227794,0,0.11867735470941884,-383.12826817882706
314,-379.8693104310463,0,0.11809619238476954,-380.64479953685566
315,-503.1765541211836,0,0.11751503006012026,-381.25477922265765
316,-652.1682724900927,0,0.11693386773547096,-381.9758980214793
317,-329.45087544420306,0,0.11635270541082166,-379.72208668154036
318,-614.21203256087,0,0.11577154308617235,-379.32363467750895
319,-209.0087384696074,0,0.11519038076152305,-377.721094970013
320,-435.3165485742541,0,0.11460921843687377,-377.7326209296682
321,-589.1291007915906,0,0.11402805611222447,-381.23187820998544
322,-161.36108117750587,0,0.11344689378757516,-381.7671399477774
323,-216.24914100122749,0,0.11286573146292586,-377.0092080900351
324,-439.1192677369174,0,0.11228456913827656,-375.28281698638244
325,-262.4034161162924,0,0.11170340681362725,-375.6231083723294
326,-211.7527717942147,0,0.11112224448897798,-371.33887227053214
327,-607.2509895747662,0,0.11054108216432867,-374.7081342643069
328,-698.7018394861113,0,0.10995991983967937,-378.9370697786213
329,-169.99602234455176,0,0.10937875751503007,-373.9933741044601
330,-640.5300765606518,0,0.10879759519038076,-373.7922207787881
331,-274.6042701382676,0,0.10821643286573149,-372.51018152822303
332,-508.777158525702,0,0.10763527054108218,-372.6484941920875
333,-344.2516143586254,0,0.10705410821643288,-374.7834800703742
334,-107.99874320893446,0,0.10647294589178358,-371.852699183341
335,-126.9184057373169,0,0.10589178356713427,-371.61113611883127
336,-566.1479746903401,0,0.105310621242485,-371.69841681732674
337,-377.9057330384702,0,0.1047294589178357,-372.63148405899904
338,-482.35911010713454,0,0.10414829659318639,-372.6244687087016
339,-482.48775404906655,0,0.10356713426853709,-375.58678137784403
340,-556.0380301091752,0,0.10298597194388778,-378.18937590696254
341,-635.4935276590008,0,0.10240480961923848,-379.17144583828434
342,-198.48108774530823,0,0.1018236472945892,-376.01623841304695
343,-209.61947581482474,0,0.1012424849699399,-373.82990789877044
344,-107.7148830941477,0,0.1006613226452906,-372.7905744916129
345,-318.8770947876484,0,0.10008016032064129,-372.23502931632515
346,-182.4680428267062,0,0.09949899799599199,-369.85566048883464
347,-336.5953543767098,0,0.09891783567134271,-366.68792941441825
348,-374.02106849175226,0,0.09833667334669341,-366.0537268537943
349,-495.96182111757366,0,0.0977555110220441,-366.2205858056857
350,-433.1474495566203,0,0.0971743486973948,-368.09993069319006
351,-484.62277084274365,0,0.0965931863727455,-368.7891826077416
352,-323.2994287896473,0,0.0960120240480962,-370.251146086242
353,-487.83234199794003,0,0.09543086172344692,-373.8420074282372
354,-484.8699909607585,0,0.09484969939879762,-372.4598349411294
355,-599.0221469062565,0,0.09426853707414831,-375.3853869438006
356,-611.9883627250246,0,0.09368737474949901,-377.6568847494675
357,-152.93691790263563,0,0.0931062124248497,-377.7040395211786
358,-312.723351252909,0,0.09252505010020043,-378.6078149931632
359,-287.79093284908714,0,0.09194388777555113,-377.7141899122086
360,-362.9224096094293,0,0.09136272545090182,-380.33230075335314
361,-357.92961834931657,0,0.09078156312625252,-377.71960201689063
362,-314.5061273241588,0,0.09020040080160321,-377.25069743119457
363,-340.9536625362273,0,0.08961923847695391,-377.13899397745763
364,-112.0577784796825,0,0.08903807615230463,-373.68759341979967
365,-278.9638867368523,0,0.08845691382765533,-369.947151792508
366,-458.6718612249167,0,0.08787575150300603,-372.8109403391277
367,-655.0755129289599,0,0.08729458917835672,-377.55653756776996
368,-174.5721474984192,0,0.08671342685370742,-377.9140771458013
369,-368.10907024795216,0,0.08613226452905814,-379.84519437924644
370,-148.6844598700834,0,0.08555110220440884,-379.1313056261006
371,-477.0881598745561,0,0.08496993987975954,-381.72779361504695
372,-358.0825401857027,0,0.08438877755511023,-381.23083622663285
373,-533.8567642673491,0,0.08380761523046093,-384.6686909017303
374,-373.0944895617819,0,0.08322645290581163,-386.66229946944003
375,-271.4034556905364,0,0.08264529058116235,-385.65489988083516
376,-301.6499333284508,0,0.08206412825651305,-384.5948932296636
377,-341.1238749173964,0,0.08148296593186374,-383.53829688395416
378,-213.81669504539082,0,0.08090180360721444,-381.5704406175878
379,-590.0606051520058,0,0.08032064128256514,-384.37359554419817
380,-289.38704049764465,0,0.07973947895791586,-384.2227359700846
381,-292.887738539272,0,0.07915831663326656,-383.4703859176949
382,-165.6373364521595,0,0.07857715430861725,-382.06648738432455
383,-651.715808247846,0,0.07799599198396795,-386.84474908963
384,-489.78494341963165,0,0.07741482965931865,-386.9226986827237
385,-144.44375875909873,0,0.07683366733466934,-384.17611089310367
386,-406.98007056052785,0,0.07625250501002007,-382.13920731706224
387,-177.3243001124746,0,0.07567134268537076,-377.6206300997026
388,-67.01948964942517,0,0.07509018036072146,-372.0158563307717
389,-64.75127664461627,0,0.07450901803607216,-369.6670967650102
390,-354.8707036764809,0,0.07392785571142285,-369.9680139699196
391,-577.0001780051424,0,0.07334669338677358,-372.6704417788789
392,-597.631876606032,0,0.07276553106212427,-376.8360764424223
393,-221.633676272868,0,0.07218436873747497,-373.273704008963
394,-89.59267974532588,0,0.07160320641282567,-370.356497548297
395,-635.305597390645,0,0.07102204408817636,-372.35714972662936
396,-600.1613515132426,0,0.07044088176352709,-375.78462953712835
397,-205.8515151495671,0,0.06985971943887778,-376.40222727194583
398,-300.70828076722904,0,0.06927855711422848,-377.5928880706766
399,-440.27029190184834,0,0.06869739478957917,-378.3266166067268
400,-564.7457065047859,0,0.06811623246492987,-378.83338265668465
401,-680.5780274869393,0,0.06753507014028057,-378.97203280103605
402,-279.90203498300815,0,0.06695390781563129,-380.21740779501107
403,-309.97393367495295,0,0.06637274549098199,-379.09427854077194
404,-634.5680534297128,0,0.06579158316633268,-378.6333177363173
405,-335.2912937837453,0,0.06521042084168338,-377.0499632914117
406,-263.4741396473512,0,0.06462925851703408,-378.5344557377219
407,-696.878277921823,0,0.0640480961923848,-379.52138372984365
408,-503.7529128382739,0,0.0634669338677355,-378.4678713699444
409,-423.2485781885434,0,0.0628857715430862,-380.1654060070105
410,-383.64444168203,0,0.06230460921843689,-382.1754421632042
411,-355.13903977065536,0,0.06172344689378759,-383.82127696906923
412,-399.94671249221193,0,0.06114228456913828,-381.45748536707475
413,-652.2512038423375,0,0.06056112224448901,-382.7362620532203
414,-193.3807675297981,0,0.059979959919839704,-380.87137662420776
415,-553.0667899457573,0,0.0593987975951904,-381.37027898245356
416,-347.49776078907695,0,0.058817635270541097,-378.3235738654434
417,-357.63525520748817,0,0.05823647294589179,-378.6054176630762
418,-243.1293873654095,0,0.05765531062124252,-374.89459121112156
419,-378.3716495337977,0,0.05707414829659321,-376.5882203217636
420,-646.0870067847449,0,0.05649298597194391,-378.69592490386844
421,-557.4265529800008,0,0.055911823647294606,-378.37889942575254
422,-434.44243681064705,0,0.0553306613226453,-381.10971298208403
423,-203.77009113479045,0,0.054749498997996,-380.98492248341967
424,-665.7259863907029,0,0.05416833667334672,-383.2509896699575
425,-546.3675116311547,0,0.05358717434869742,-386.0906306251061
426,-253.0021916824498,0,0.053006012024048116,-386.50312482398846
427,-347.1712137064356,0,0.05242484969939881,-383.90232706530514
428,-456.4878819619288,0,0.05184368737474951,-381.4801874900633
429,-368.38375929999575,0,0.05126252505010023,-383.46406485961774
430,-556.1971098783606,0,0.05068136272545093,-382.6207351927948
431,-665.0550677542554,0,0.050100200400801626,-386.5252431689547
432,-411.23729965579025,0,0.04951903807615232,-385.5498445802556
433,-268.9559428247767,0,0.048937875751503046,-384.7968878649171
434,-228.43389487860048,0,0.048356713426853715,-386.0012393816137
435,-415.33478824038843,0,0.04777555110220444,-388.88540320664447
436,-667.6815802381436,0,0.04719438877755511,-389.9007392621226
437,-657.3130975591763,0,0.04661322645290583,-392.6948129073296
438,-642.0125018436081,0,0.046032064128256556,-394.29134682469436
439,-132.0341333047021,0,0.045450901803607224,-390.78681061725075
440,-627.5021675343421,0,0.04486973947895795,-391.5014519915024
441,-673.3118108947625,0,0.04428857715430862,-391.87963482386
442,-503.8094530512037,0,0.04370741482965934,-394.9329184769189
443,-597.4241443743238,0,0.043126252505010065,-398.81096516251387
444,-475.44895818348516,0,0.042545090180360734,-402.48830591340726
445,-342.0791744944969,0,0.04196392785571146,-402.7203267104757
446,-415.6822008131897,0,0.04138276553106213,-405.05246829034064
447,-136.68499347358784,0,0.04080160320641285,-403.0533646813094
448,-501.24366516676247,0,0.040220440881763575,-404.32559064805946
449,-165.25638469098794,0,0.039639278557114244,-401.01853628379365
450,-107.16005304174428,0,0.03905811623246497,-397.75866231864484
451,-491.4405829316043,0,0.038476953907815636,-397.8268404395334
452,-686.5715248247557,0,0.03789579158316636,-401.45956139988454
453,-571.146116293945,0,0.03731462925851703,-402.2926991428446
454,-345.3304150843851,0,0.03673346693386775,-400.8973033840809
455,-545.9671098919846,0,0.03615230460921848,-400.36675301393814
456,-502.95081886651474,0,0.035571142284569146,-399.2763775753531
457,-102.02986151813377,0,0.03498997995991987,-398.76730701150797
458,-272.170166897641,0,0.03440881763527054,-398.36177516795533
459,-61.8957461639684,0,0.03382765531062126,-396.1028233011041
460,-266.5902642452122,0,0.03324649298597199,-395.13950184746193
461,-358.23982929481303,0,0.032665330661322656,-395.14260395691684
462,-347.85689667148426,0,0.03208416833667338,-395.4761116503902
463,-404.8425751501686,0,0.03150300601202405,-396.11500077652966
464,-583.2186332144347,0,0.030921843687374773,-400.8266093238771
465,-193.93191431018323,0,0.030340681362725497,-399.97628959961037
466,-611.6773957169886,0,0.029759519038076165,-401.5063449445312
467,-414.170637455941,0,0.02917835671342689,-399.097296189801
468,-428.9734638253808,0,0.028597194388777558,-401.6413093530706
469,-441.32394583141803,0,0.028016032064128282,-402.37345810890525
470,-264.4334908321372,0,0.027434869739479006,-403.5309484185259
471,-264.72248255132695,0,0.026853707414829675,-401.4072916452935
472,-176.1766289512134,0,0.0262725450901804,-399.58823253294867
473,-442.85418589400336,0,0.025691382765531068,-398.6782067492152
474,-514.0579438122373,0,0.025110220440881792,-400.08784129171966
475,-347.5994987245256,0,0.024529058116232516,-400.84980172205957
476,-509.86480092704835,0,0.023947895791583185,-402.9319503980456
477,-451.4251797404045,0,0.02336673346693391,-404.0349634462757
478,-292.1639824106911,0,0.022785571142284577,-404.81843631992865
479,-375.0993690094095,0,0.0222044088176353,-402.66882395850274
480,-140.84065123351309,0,0.02162324649298597,-401.18336006586134
481,-569.0956817602064,0,0.021042084168336694,-403.94543949807075
482,-232.91198198191512,0,0.02046092184368742,-404.6181859533683
483,-492.76895225882276,0,0.019879759519038087,-403.0287173934781
484,-261.16553118797754,0,0.01929859719438881,-400.74252327116153
485,-125.29698114379437,0,0.01871743486973948,-400.55105549500854
486,-285.1864254379897,0,0.018136272545090204,-399.3331190437832
487,-686.4113085433045,0,0.017555110220440928,-404.4239891280914
488,-116.04915653988758,0,0.016973947895791597,-404.91428579699596
489,-136.017447451453,0,0.01639278557114232,-405.6269475050643
490,-579.3046964426632,0,0.01581162324649299,-407.8712874327261
491,-206.19343457443028,0,0.015230460921843714,-404.163219998419
492,-155.21561867896878,0,0.014649298597194438,-399.73905741914837
493,-663.6627772926138,0,0.014068136272545106,-404.1593484293459
494,-628.5560529476054,0,0.01348697394789583,-409.5489821613687
495,-537.8365633653475,0,0.0129058116232465,-408.5742918211157
496,-620.1088476958064,0,0.012324649298597223,-408.7737667829413
497,-259.45600944038114,0,0.011743486973947947,-409.30981172584944
498,-531.1061415055414,0,0.011162324649298616,-411.6137903332326
499,-689.6738453326797,0,0.01058116232464934,-414.1078258675409
500,-599.5975910560728,0,0.010000000000000009,-414.4563447130538
501,-613.9464614764199,0,0.01,-413.7900290529487
502,-188.3395704296458,0,0.01,-412.874404407415
503,-334.3426620963412,0,0.01,-413.118091691629
504,-475.3991573317644,0,0.01,-411.5264027306494
505,-492.2784254711944,0,0.01,-413.09627404752393
506,-593.9851000037188,0,0.01,-416.40138365108754
507,-426.3988374807766,0,0.01,-413.69658924667704
508,-272.0490273129512,0,0.01,-411.37955039142383
509,-292.3216569690995,0,0.01,-410.0702811792294
510,-375.8244602341655,0,0.01,-409.9920813647508
511,-584.9264812674858,0,0.01,-412.28995577971915
512,-252.57031798643743,0,0.01,-410.8161918346613
513,-365.4739269543163,0,0.01,-407.94841906578114
514,-101.35506557480562,0,0.01,-407.02816204623116
515,-686.3949976184626,0,0.01,-408.3614441229581
516,-457.0293219499955,0,0.01,-409.4567597345673
517,-185.63775174043383,0,0.01,-407.7367846998968
518,-125.40601018706286,0,0.01,-406.55955092811337
519,-173.33048588358486,0,0.01,-404.5091392916113
520,-616.0741166518341,0,0.01,-404.2090103902821
521,-136.6507681230063,0,0.01,-400.00125254171223
522,-256.4742842933941,0,0.01,-398.22157101653966
523,-640.1071849939548,0,0.01,-402.5849419551313
524,-573.6022481842306,0,0.01,-401.6637045730666
525,-503.08454222622737,0,0.01,-401.23087487901734
526,-630.9554349340534,0,0.01,-405.01040731153336
527,-441.6508003340492,0,0.01,-405.95520317780955
528,-296.37237755889043,0,0.01,-404.35404813377914
529,-680.1235546350645,0,0.01,-407.4714460871299
530,-155.85430685967367,0,0.01,-403.468018056943
531,-247.66543056585925,0,0.01,-399.29412168505905
532,-695.9906743762249,0,0.01,-402.14165543226335
533,-419.1022511870064,0,0.01,-403.64311851588565
534,-334.8937060392367,0,0.01,-404.70771662749195
535,-566.0232206581788,0,0.01,-406.21460095166987
536,-460.5531856058283,0,0.01,-404.1433170053467
537,-342.73383890243,0,0.01,-400.9975244187793
538,-184.41932117779254,0,0.01,-396.4215926121211
539,-579.2214665787142,0,0.01,-400.89346594486125
540,-413.44791205736044,0,0.01,-398.7529233900914
541,-649.034178196479,0,0.01,-398.51014706310855
542,-133.57898615382305,0,0.01,-394.80784239413487
543,-472.08519256084924,0,0.01,-393.5544528760001
544,-306.7267625531182,0,0.01,-391.86723091969645
545,-543.2532962820945,0,0.01,-393.87897213757236
546,-201.97430092946018,0,0.01,-391.741893138735
547,-465.84873230346284,0,0.01,-395.0335305270338
548,-359.9623975313709,0,0.01,-393.62071785067997
549,-675.768985648853,0,0.01,-398.72584386025864
550,-283.46975967490147,0,0.01,-400.48894092659015
551,-400.55665213100883,0,0.01,-399.58010161858425
552,-689.6678811256118,0,0.01,-399.6110651815928
553,-170.41340389710433,0,0.01,-395.60373805762435
554,-125.3955829299781,0,0.01,-393.40438973608036
555,-232.00110456457412,0,0.01,-390.2647296828062
556,-567.8697242531977,0,0.01,-390.913918736673
557,-484.8833420008833,0,0.01,-394.7424535415005
558,-626.7463612298,0,0.01,-398.28821548482205
559,-434.13732317337303,0,0.01,-402.01063125491606
560,-405.7596814798679,0,0.01,-403.40232542726267
561,-448.13410609907066,0,0.01,-404.3012681953052
562,-304.0525224477885,0,0.01,-403.8632244530683
563,-207.0703980305674,0,0.01,-401.88550268187225
564,-311.0216538765498,0,0.01,-399.1635328884935
565,-151.57252263025896,0,0.01,-398.7399389716943
566,-592.2987686495175,0,0.01,-398.5461527010196
567,-580.566019761017,0,0.01,-400.2101065240703
568,-600.7760308269508,0,0.01,-401.928132194086
569,-367.09979980526555,0,0.01,-401.1858907338244
570,-464.2195774494619,0,0.01,-403.1837515999977
571,-128.04031852417666,0,0.01,-401.8169299597261
572,-665.7586540218725,0,0.01,-406.71275021043266
573,-644.2534309123034,0,0.01,-408.7267426606156
574,-194.2525223791082,0,0.01,-405.5286884462844
575,-537.7468334116343,0,0.01,-407.4301617931555
576,-394.0864848144111,0,0.01,-406.27237863202913
577,-447.8294516408556,0,0.01,-406.2364213510337
578,-379.7482290378613,0,0.01,-407.1122638173054
579,-380.95917669725264,0,0.01,-407.1708618941838
580,-659.0316053638595,0,0.01,-412.3527714354872
581,-605.7156549071995,0,0.01,-412.71897116695726
582,-65.38029961336326,0,0.01,-411.0436543432717
583,-516.424107687672,0,0.01,-411.28020589756017
584,-572.6422456444257,0,0.01,-414.3949730421247
585,-587.6913587229078,0,0.01,-419.01891681791574
586,-125.8969746147045,0,0.01,-417.42602230968293
587,-610.5358548042498,0,0.01,-416.6672677722924
588,-563.0586319783731,0,0.01,-421.1373625266773
589,-698.0928234195566,0,0.01,-426.75811628635836
590,-164.5388346874222,0,0.01,-422.61045766880596
591,-620.0478398877078,0,0.01,-426.7490017219388
592,-632.572897240112,0,0.01,-431.5225745075502
593,-271.04241892117955,0,0.01,-427.5963709238357
594,-236.0776407138839,0,0.01,-423.6715868014985
595,-615.1579136892092,0,0.01,-424.4448003047371
596,-591.4266920470149,0,0.01,-424.1579787482492
597,-528.574332388944,0,0.01,-426.8491619777349
598,-321.14494055499415,0,0.01,-424.7495499682295
599,-563.7581213749394,0,0.01,-423.490392728652
600,-197.50259544540336,0,0.01,-419.4694427725453
601,-176.25101135028694,0,0.01,-415.09248827128386
602,-629.4621144050668,0,0.01,-419.50371371103813
603,-200.1557190627314,0,0.01,-418.16184428070204
604,-647.0248213779112,0,0.01,-419.8781009211635
605,-453.8679404738185,0,0.01,-419.49399607118977
606,-113.9461395678353,0,0.01,-414.6936064668309
607,-159.50879018547357,0,0.01,-412.024705993878
608,-535.985382417304,0,0.01,-414.66406954492146
609,-221.5081125325969,0,0.01,-413.9559341005564
610,-600.332448278945,0,0.01,-416.2010139810042
611,-195.94244751670533,0,0.01,-412.31117364349643
612,-279.66836136254034,0,0.01,-412.5821540772574
613,-622.0237264797239,0,0.01,-415.14765207251156
614,-209.5526131114231,0,0.01,-416.22962754787767
615,-515.184134765056,0,0.01,-414.5175189193436
616,-638.3042786987074,0,0.01,-416.33026848683073
617,-371.1016425380034,0,0.01,-418.1849073948064
618,-568.3968133462349,0,0.01,-422.61481542639814
619,-164.1706134221862,0,0.01,-422.5232167017841
620,-209.10095088899516,0,0.01,-418.45348504415574
621,-651.2835275688794,0,0.01,-423.59981263861454
622,-419.80662849358,0,0.01,-425.23313608061636
623,-219.9846729707952,0,0.01,-421.0319109603847
624,-242.03329458853312,0,0.01,-417.7162214244277
625,-451.4360120821831,0,0.01,-417.19973612298725
626,-155.47903652515845,0,0.01,-412.4449721388984
627,-50.679714102643175,0,0.01,-408.53526127658427
628,-469.6911320043551,0,0.01,-410.26844882103893
629,-215.1338803446631,0,0.01,-405.61855207813494
630,-617.069164343169,0,0.01,-410.2307006529699
631,-184.3157778715672,0,0.01,-409.59720412602707
632,-141.96499803329823,0,0.01,-404.0569473625978
633,-384.13449778061823,0,0.01,-403.7072698285339
634,-322.3260665230833,0,0.01,-403.58159343337235
635,-375.03715552003956,0,0.01,-401.67173278199095
636,-440.3353638898003,0,0.01,-401.4695545648306
637,-151.2493581454611,0,0.01,-399.554709757261
638,-523.1444000767599,0,0.01,-402.94196054625064
639,-474.84642468249353,0,0.01,-401.89821012728845
640,-371.4075007125677,0,0.01,-401.47780601384045
641,-297.69225830724923,0,0.01,-397.9643868149482
642,-413.0586360291396,0,0.01,-400.75918331370144
643,-450.84742594913706,0,0.01,-400.5468056475843
644,-115.23306940782163,0,0.01,-398.6318687161313
645,-582.9685463614335,0,0.01,-399.02902121692466
646,-653.7809181166689,0,0.01,-403.54708738879674
647,-223.89007050956582,0,0.01,-401.1275007708578
648,-490.05016549742584,0,0.01,-402.42837845051844
649,-452.4036324442616,0,0.01,-400.19472491847245
650,-617.5440561435032,0,0.01,-403.5354678831585
651,-432.45854742213317,0,0.01,-403.8544868360697
652,-350.9413876575316,0,0.01,-400.467221901389
653,-641.3356327488784,0,0.01,-405.1764441899066
654,-381.8029560257127,0,0.01,-407.740517920864
655,-455.6477472085825,0,0.01,-409.97698434730415
656,-199.36133398673957,0,0.01,-406.29190044463945
657,-298.6774238065181,0,0.01,-404.42984126269585
658,-532.6091468212292,0,0.01,-403.48846911861017
659,-581.0793365230265,0,0.01,-404.95788925210667
660,-493.65535636690424,0,0.01,-405.8368460009772
661,-447.89119223073726,0,0.01,-405.8344168622937
662,-121.67025573025626,0,0.01,-404.0105941951185
663,-628.8557298887173,0,0.01,-408.22844751369985
664,-608.2804185530488,0,0.01,-411.20103516046487
665,-397.69655090634967,0,0.01,-413.6622754432257
666,-554.4759654786997,0,0.01,-413.2840474115176
667,-549.1303898407405,0,0.01,-412.9696911123148
668,-530.9439974915147,0,0.01,-412.2713707789605
669,-142.7070553833662,0,0.01,-410.02744333474146
670,-169.3505868724393,0,0.01,-407.0787534289712
671,-639.3286746059799,0,0.01,-412.19163698978934
672,-658.5996423281051,0,0.01,-412.1200468728516
673,-248.64728546455945,0,0.01,-408.1639854183741
674,-246.39030561937284,0,0.01,-408.6853632507768
675,-311.0132996963447,0,0.01,-406.41802791362386
676,-654.5718739543472,0,0.01,-409.0228818050233
677,-312.99044627749356,0,0.01,-407.67449175138955
678,-465.2817169161009,0,0.01,-408.52982663017195
679,-606.5648918999028,0,0.01,-410.7858837821984
680,-424.33470728788404,0,0.01,-408.4389148014387
681,-506.2337360674783,0,0.01,-407.4440956130415
682,-533.3515536803009,0,0.01,-412.123808153711
683,-280.4266922846846,0,0.01,-409.76383399968114
684,-538.1203111299646,0,0.01,-409.4186146545365
685,-106.24527873526893,0,0.01,-404.6041538546601
686,-185.5838535937903,0,0.01,-405.2010226444509
687,-379.9511512786027,0,0.01,-402.8951756091945
688,-635.5992715039272,0,0.01,-403.62058200444994
689,-489.6023189889155,0,0.01,-401.53567696014363
690,-282.6197614760671,0,0.01,-402.71648622803013
691,-530.5468187672665,0,0.01,-401.82147601682567
692,-403.22676210263546,0,0.01,-399.5280146654508
693,-222.18598496611344,0,0.01,-399.0394503259002
694,-274.6602372703536,0,0.01,-399.4252762914649
695,-158.405685785346,0,0.01,-394.85775401242626
696,-437.11208023845643,0,0.01,-393.31460789434067
697,-273.01481550503036,0,0.01,-390.7590127255015
698,-430.2114839931843,0,0.01,-391.8496781598834
699,-582.7122036823292,0,0.01,-392.0392189829573
700,-612.5543779708455,0,0.01,-396.18973680821176
701,-627.7072136592798,0,0.01,-400.7042988313017
702,-588.9725962665744,0,0.01,-400.2994036499169
703,-151.93365524134651,0,0.01,-399.8171830117029
704,-229.5381108651223,0,0.01,-395.64231590657505
705,-384.75893256428037,0,0.01,-394.9512258274797
706,-300.8839772434408,0,0.01,-396.82060420423574
707,-165.98820775933314,0,0.01,-396.88539837997445
708,-263.2928942042252,0,0.01,-394.1584734978436
709,-404.4595822451705,0,0.01,-395.9879881949694
710,-154.60229007764133,0,0.01,-391.53068661295634
711,-332.5313848957154,0,0.01,-392.8965759867465
712,-97.85988447221132,0,0.01,-391.0784912178431
713,-443.8502643110294,0,0.01,-389.29675659615606
714,-378.140066067118,0,0.01,-390.9826311257131
715,-265.48270425108944,0,0.01,-388.4856168205734
716,-218.47603548082884,0,0.01,-384.2873343883946
717,-165.56423021028274,0,0.01,-382.2319602651174
718,-215.10098816117147,0,0.01,-378.69900201326675
719,-375.03690525101746,0,0.01,-380.80766493155505
720,-262.4522963005343,0,0.01,-381.34117838567045
721,-456.2391731235527,0,0.01,-379.3907348412171
722,-451.42904348235066,0,0.01,-379.7069589911049
723,-162.2877468537721,0,0.01,-379.1299897299346
724,-590.7547246042707,0,0.01,-382.617204030092
725,-376.8124182899332,0,0.01,-381.8709680921695
726,-590.3258724684868,0,0.01,-386.21943645160286
727,-649.4517153656733,0,0.01,-392.2071564642331
728,-530.2427191817201,0,0.01,-392.8126723360067
729,-567.9738326321822,0,0.01,-396.3410718588819
730,-229.90863030449265,0,0.01,-392.46946651849515
731,-677.1981861670398,0,0.01,-397.3982906014499
732,-198.78098605244253,0,0.01,-397.96645048164135
733,-362.303060729938,0,0.01,-397.7481361111345
734,-308.54567535866454,0,0.01,-397.61033219949036
735,-58.16320866525564,0,0.01,-394.4415927309425
736,-128.78935185440218,0,0.01,-391.32613261058845
737,-317.41565052452296,0,0.01,-392.9877955343792
738,-501.8128412863657,0,0.01,-392.7744799464752
739,-255.637718590543,0,0.01,-390.58239288555575
740,-584.5549382724369,0,0.01,-392.71386726115446
741,-584.2231431052618,0,0.01,-395.57917610913455
742,-471.4615587246925,0,0.01,-396.16320533609013
743,-66.34395564893407,0,0.01,-392.3181706330881
744,-402.04163347758725,0,0.01,-395.1862562737857
745,-616.9939642268423,0,0.01,-395.52651045243977
746,-601.5562014657224,0,0.01,-395.0042632859303
747,-185.72639109414388,0,0.01,-394.62262649177603
748,-154.13134553428688,0,0.01,-391.2634382921447
749,-322.078744004639,0,0.01,-389.9601894077485
750,-525.9925175315528,0,0.01,-389.044674021629
751,-296.5470384883531,0,0.01,-387.68555893229114
752,-260.9030771948504,0,0.01,-386.7851758276644
753,-526.2153390452922,0,0.01,-385.6339728906285
754,-329.96148600462965,0,0.01,-385.11555819041774
755,-549.0033577128908,0,0.01,-386.0491142954608
756,-136.2455507793337,0,0.01,-385.4179564633867
757,-459.43651291093124,0,0.01,-387.02554735443084
758,-500.8142708351055,0,0.01,-386.7075985945696
759,-395.3827974663208,0,0.01,-384.8506332040025
760,-134.06469191201427,0,0.01,-381.2547265594536
761,-157.3873432529458,0,0.01,-378.34968806967566
762,-446.2038420300811,0,0.01,-381.59502393267394
763,-176.45985705117403,0,0.01,-377.0710652042985
764,-683.4381168569979,0,0.01,-377.822642187338
765,-508.9399781719619,0,0.01,-378.9350764599941
766,-619.8620586227228,0,0.01,-379.58893739143446
767,-126.00139722598874,0,0.01,-375.35764746528685
768,-180.05867596354665,0,0.01,-371.84879425000724
769,-563.7699195407499,0,0.01,-376.0594228915811
770,-283.72236677697657,0,0.01,-377.2031406906264
771,-109.90501969570846,0,0.01,-371.90890414152375
772,-366.6636487232962,0,0.01,-368.9895442054756
773,-556.712081576798,0,0.01,-372.07019216659813
774,-208.9090504502987,0,0.01,-371.6953796149072
775,-612.5774219607229,0,0.01,-374.711020837551
776,-634.3594455021719,0,0.01,-374.5088965530293
777,-325.00763051280427,0,0.01,-374.62906839538243
778,-160.5720484861963,0,0.01,-371.5819717110834
779,-424.08294967043656,0,0.01,-369.7571522887887
780,-218.8719704589102,0,0.01,-367.7025249204989
781,-215.41620540309913,0,0.01,-364.79434961385516
782,-626.0822991494499,0,0.01,-365.7216570685466
783,-698.8909195144374,0,0.01,-369.9062993408441
784,-312.08921626342266,0,0.01,-367.6459883921787
785,-554.9459962037374,0,0.01,-372.1329955668633
786,-187.91840115209118,0,0.01,-372.15634104244634
787,-406.88944872811965,0,0.01,-372.42572401694156
788,-101.15532181403091,0,0.01,-367.08128452004263
789,-178.06977636110014,0,0.01,-363.9659590937645
790,-689.3095428759287,0,0.01,-368.0328569077631
791,-675.7532780529087,0,0.01,-369.4849215006195
792,-554.1852539961094,0,0.01,-370.9945064195542
793,-437.24280090349276,0,0.01,-373.14507457892796
794,-580.2564773590098,0,0.01,-376.2010369798146
795,-105.28743615419273,0,0.01,-375.66985448350306
796,-427.8007541180283,0,0.01,-375.5767412222987
797,-640.2711338266326,0,0.01,-379.24930440551475
798,-446.0215921893347,0,0.01,-379.4074054874762
799,-619.7338195306389,0,0.01,-379.7776216459593
800,-575.3638738512776,0,0.01,-379.40571660476365
801,-464.4061006224988,0,0.01,-377.7727054743958
802,-288.3841264645804,0,0.01,-374.76682077637605
803,-233.01992029307166,0,0.01,-375.5776834268934
804,-423.8513838763103,0,0.01,-377.5208161570052
805,-559.0774144557888,0,0.01,-379.2640009759202
806,-110.4675013552868,0,0.01,-377.35983621703866
807,-536.5244229941986,0,0.01,-381.0651983693873
808,-546.8154497601538,0,0.01,-383.9004239249466
809,-137.5987980669771,0,0.01,-381.2318160831647
810,-91.41106382240628,0,0.01,-380.5999038206123
811,-330.8354988434726,0,0.01,-380.58294496008995
812,-141.7963943480205,0,0.01,-381.022310058848
813,-159.78982835762997,0,0.01,-378.181705699314
814,-503.24148178478526,0,0.01,-379.4327198564907
815,-513.6652996866887,0,0.01,-381.9145458108467
816,-293.2748054084331,0,0.01,-382.66253351012267
817,-627.6293327684946,0,0.01,-387.28318453570483
818,-662.7309959375727,0,0.01,-391.7594846134689
819,-180.21244489401488,0,0.01,-389.8112400098988
820,-650.0489020553508,0,0.01,-393.687206067447
821,-504.49701772299056,0,0.01,-394.1697845134414
822,-124.46415505104335,0,0.01,-390.9001356291283
823,-483.87779604838784,0,0.01,-394.11603612107444
824,-106.54545720305316,0,0.01,-389.2739434470622
825,-623.4075254976655,0,0.01,-391.73989451913957
826,-443.444415838917,0,0.01,-390.2710799528438
827,-490.37776587237624,0,0.01,-388.68034045791086
828,-435.8821965468336,0,0.01,-387.73673523156197
829,-676.416055527667,0,0.01,-388.82115746051693
830,-366.4269152592768,0,0.01,-390.1863403100647
831,-385.09760841628093,0,0.01,-387.2653345325572
832,-191.4011778434995,0,0.01,-387.19153645046777
833,-319.48969873952996,0,0.01,-386.76340283056373
834,-650.1370329817394,0,0.01,-390.1793164067944
835,-455.94164612680413,0,0.01,-394.1571007814099
836,-286.02038839939905,0,0.01,-395.7294111468598
837,-403.34931809199225,0,0.01,-396.5887478225344
838,-565.1501172552582,0,0.01,-397.22212058222345
839,-582.889175480581,0,0.01,-400.4946351511237
840,-536.4755190292469,0,0.01,-400.01384095869196
841,-504.6824211395517,0,0.01,-399.2184337390348
842,-209.26030258593562,0,0.01,-396.5964211776473
843,-195.45939080492832,0,0.01,-397.8875755292072
844,-558.4338916720051,0,0.01,-399.45149811115135
845,-210.42689618570472,0,0.01,-395.38582743074005
846,-241.6164950550555,0,0.01,-391.7864303666333
847,-685.5847714052754,0,0.01,-396.7850141697446
848,-414.27113176347086,0,0.01,-399.3864120320364
849,-181.50418685352383,0,0.01,-397.9806664605253
850,-613.4205413950658,0,0.01,-398.8549466991605
851,-648.7791404096172,0,0.01,-402.37726771837316
852,-369.1125408369658,0,0.01,-403.45936235479434
853,-301.2419356843865,0,0.01,-401.2096283211852
854,-164.34678831272413,0,0.01,-399.5534813442662
855,-397.7930082724896,0,0.01,-398.04137784986216
856,-95.93674565668209,0,0.01,-397.63828979863575
857,-513.1641745276257,0,0.01,-398.1755664148027
858,-491.0792858639006,0,0.01,-398.0782165650906
859,-472.9745469664574,0,0.01,-398.85413406009195
860,-371.33264737629366,0,0.01,-401.22681361473474
861,-364.2789965383063,0,0.01,-403.29573014758824
862,-547.3426015131193,0,0.01,-404.30711774241865
863,-680.949623906935,0,0.01,-409.3520154109763
864,-173.6737309198203,0,0.01,-404.2543715516045
865,-441.91431014253703,0,0.01,-403.58411487131025
866,-653.4063718991766,0,0.01,-403.9195580040748
867,-620.7608772952999,0,0.01,-408.8671528047679
868,-262.62440835952805,0,0.01,-409.69281012872773
869,-512.3498191301826,0,0.01,-409.17860912462214
870,-665.7156002802617,0,0.01,-412.998541459655
871,-115.04389367120507,0,0.01,-413.04993019940986
872,-671.1535442036655,0,0.01,-416.0948291542134
873,-313.8793489531101,0,0.01,-413.6665018279766
874,-514.6402629444005,0,0.01,-416.72381395291757
875,-383.99510957864874,0,0.01,-414.43799082909686
876,-176.6740450962253,0,0.01,-409.8611368250374
877,-133.39417556233343,0,0.01,-407.94500227553266
878,-562.2350939415261,0,0.01,-411.96163273008597
879,-565.3694128327732,0,0.01,-413.37449736170936
880,-525.3086537230724,0,0.01,-416.43886419435097
881,-263.44162091999317,0,0.01,-416.9191183495199
882,-665.8780804896516,0,0.01,-417.3170761629219
883,-239.3987118432915,0,0.01,-412.7221540862106
884,-503.3249718464797,0,0.01,-414.63451164204116
885,-380.9509327490237,0,0.01,-412.8945610074941
886,-164.25142652677948,0,0.01,-412.65789126124093
887,-688.0125435000239,0,0.01,-415.46912220896
888,-216.32998404371352,0,0.01,-416.62086883125676
889,-389.3860847764762,0,0.01,-418.7340319154105
890,-480.7253439662951,0,0.01,-416.64818992631416
891,-487.2345412432351,0,0.01,-414.7630025582174
892,-637.6218252576109,0,0.01,-415.59736827083236
893,-172.10670753430145,0,0.01,-412.9460073371406
894,-452.7965923143431,0,0.01,-411.6714084866939
895,-278.3794384416078,0,0.01,-413.4023285095681
896,-276.00134000329865,0,0.01,-411.88433436842075
897,-507.3180937704449,0,0.01,-410.5548039678589
898,-651.5168268934858,0,0.01,-412.60975631490044
899,-351.14408943395483,0,0.01,-409.9238590139336
900,-138.3053215471159,0,0.01,-405.55327349089197
901,-271.0289946256372,0,0.01,-403.6195024309233
902,-596.0098590990908,0,0.01,-406.6957597572684
903,-215.02199924298662,0,0.01,-406.5157805467675
904,-360.1319922404048,0,0.01,-405.87858663040856
905,-394.028103721731,0,0.01,-404.22809352306786
906,-280.1549930316338,0,0.01,-405.92496843983133
907,-698.3994106170651,0,0.01,-407.54371831606005
908,-94.34994441246943,0,0.01,-403.01906326258313
909,-129.1628521441295,0,0.01,-402.9347038033547
910,-678.1990196760802,0,0.01,-408.80258336189144
911,-524.0082479645698,0,0.01,-410.73431085310244
912,-93.05902519202289,0,0.01,-410.24693716154246
913,-110.10183243613108,0,0.01,-409.75005720232735
914,-491.5256512622625,0,0.01,-409.6328988971022
915,-354.111195485796,0,0.01,-408.03735785509326
916,-119.28524665162638,0,0.01,-406.29746226752525
917,-462.6817438011656,0,0.01,-404.647986377852
918,-305.4722142280631,0,0.01,-401.07539856075687
919,-201.32969307245963,0,0.01,-401.2865710425413
920,-418.81435371261483,0,0.01,-398.97422555911396
921,-535.9740987595699,0,0.01,-399.2889963694799
922,-355.6967112727583,0,0.01,-401.60132193169693
923,-393.74541171894816,0,0.01,-400.6999980884025
924,-149.31082065544342,0,0.01,-401.12765172292643
925,-695.5095035074983,0,0.01,-401.8486715030247
926,-463.73972393649854,0,0.01,-402.05162458400065
927,-232.22177403729603,0,0.01,-399.4700646656498
928,-530.0258401586844,0,0.01,-400.4115011017683
929,-420.17445645995,0,0.01,-397.84908511109103
930,-378.5349645824945,0,0.01,-397.9701656043233
931,-363.13125407644753,0,0.01,-397.750502060925
932,-152.76693784267377,0,0.01,-397.3641596609167
933,-167.436926181398,0,0.01,-395.84363193533534
934,-143.2068449382258,0,0.01,-390.77433005490025
935,-278.2581808737787,0,0.01,-388.99749540237
936,-221.53387006280212,0,0.01,-388.3526302190041
937,-293.8308345218003,0,0.01,-387.2574453833022
938,-143.558361231022,0,0.01,-383.0415278230598
939,-517.6040124136116,0,0.01,-382.3886761923901
940,-587.540729358803,0,0.01,-382.89932829568556
941,-242.31269221439106,0,0.01,-380.27563100643397
942,-273.5129740628534,0,0.01,-380.91815772120316
943,-370.10065530481984,0,0.01,-382.6645703662021
944,-126.6871892611174,0,0.01,-378.34710334209325
945,-567.8685330484077,0,0.01,-381.92151971072025
946,-551.272813560667,0,0.01,-385.0180828957764
947,-377.464045484443,0,0.01,-381.936875636568
948,-320.2546155841401,0,0.01,-380.9967104747747
949,-103.18358930944407,0,0.01,-380.21350449933396
950,-130.56495520163674,0,0.01,-375.38494863739965
951,-428.5968224078935,0,0.01,-373.18312545738246
952,-167.87894553878175,0,0.01,-371.1707895044006
953,-652.6262663829244,0,0.01,-374.68463281138605
954,-615.3174533583283,0,0.01,-379.19433946184205
955,-624.0427019618144,0,0.01,-381.4568363987353
956,-580.7465626083042,0,0.01,-386.3049345682515
957,-119.19093773201382,0,0.01,-382.3652022002954
958,-603.6085653024338,0,0.01,-383.4904949946806
959,-542.1925065171079,0,0.01,-384.18267459018716
960,-448.884989125778,0,0.01,-384.95819800768203
961,-411.0057307919428,0,0.01,-385.4254653502184
962,-337.0387058447238,0,0.01,-383.3224263935344
963,-134.21342030617257,0,0.01,-377.85506435752677
964,-136.25166359073592,0,0.01,-377.48084368423594
965,-563.2917392349291,0,0.01,-378.6946179751599
966,-168.0025555206429,0,0.01,-373.84057981137454
967,-538.3165001650646,0,0.01,-373.0161360400722
968,-211.78175555255513,0,0.01,-372.50770951200246
969,-178.13961786854657,0,0.01,-369.1656074993861
970,-267.4003514409224,0,0.01,-365.1824550109926
971,-524.4456945876384,0,0.01,-369.2764730201569
972,-647.61306012402,0,0.01,-369.0410681793606
973,-465.4331890157142,0,0.01,-370.5566065799865
974,-323.6638741097114,0,0.01,-368.6468426916397
975,-240.1998263362725,0,0.01,-367.2088898592159
976,-359.510763585632,0,0.01,-369.03725704410994
977,-144.67678057174282,0,0.01,-369.1500830942041
978,-681.625744506153,0,0.01,-370.3439895998505
979,-81.09069883248026,0,0.01,-365.50120245984755
980,-452.3205616951656,0,0.01,-364.7713215395685
981,-421.1203878946602,0,0.01,-366.34810920931517
982,-474.17060255779455,0,0.01,-364.4310344299965
983,-694.7918794291344,0,0.01,-368.98496610585494
984,-282.9714435089571,0,0.01,-366.78143082247965
985,-585.8447516128255,0,0.01,-368.83036901111774
986,-215.1315156348358,0,0.01,-369.33916990219825
987,-518.1772061420662,0,0.01,-367.64081652861864
988,-678.8207201952479,0,0.01,-372.26572389013404
989,-583.5049753780514,0,0.01,-374.20691279614977
990,-642.784929314661,0,0.01,-375.8275086496335
991,-332.1327604552695,0,0.01,-374.2764908417539
992,-171.46808759333533,0,0.01,-369.61495346511106
993,-550.7335996731338,0,0.01,-373.40122238649934
994,-645.9555707104938,0,0.01,-375.33281217046084
995,-586.013377269298,0,0.01,-378.4091515587378
996,-378.6396657085963,0,0.01,-379.43553481579073
997,-601.9279219835023,0,0.01,-380.3816330979213
998,-232.61677017957402,0,0.01,-376.1926325307821
999,-580.9468525686564,0,0.01,-378.4906601621291
1000,-636.4254368236495,0,0.01,-383.4718613148945
1001,-150.7390435688502,0,0.01,-382.26896180432664
1002,-377.8455780989051,0,0.01,-380.08731899432473
1003,18.62707643447394,25,0.01,-377.75082823755025
1004,-24.607292494983312,26,0.01,-374.395581240096
1005,-359.8647653073614,0,0.01,-374.0539478559523
1006,-328.58094594343027,0,0.01,-374.53820738507034
1007,-374.81175150661267,0,0.01,-371.30233079396584
1008,-146.36642940050416,0,0.01,-371.82249564384614
1009,-57.709665810620095,0,0.01,-371.107963780511
1010,-610.386852579152,0,0.01,-370.42984210954177
1011,30.084079528981913,5,0.01,-364.88891883460616
1012,-670.1978071425459,0,0.01,-370.6603066541114
1013,-456.8471387208124,0,0.01,-374.1277597169582
1014,25.805918518664175,3,0.01,-368.9544440191489
1015,22.007017726959237,25,0.01,-365.19326188702144
1016,-278.32159202787176,0,0.01,-366.7836253407839
1017,-129.06549786861711,0,0.01,-363.4474628814584
1018,44.628959852044865,12,0.01,-359.9464511406573
1019,-40.69219479697409,16,0.01,-358.34007615790244
1020,23.186092130850326,11,0.01,-353.9200716994678
1021,-490.34914297128444,0,0.01,-353.46382214158496
1022,-49.97048110924541,6,0.01,-350.40655983994975
1023,-92.63384104528262,0,0.01,-347.3954441332131
1024,-264.5097202828564,0,0.01,-348.54743312948716
1025,41.09490432335712,2,0.01,-341.1813890511787
1026,27.66232241084374,5,0.01,-336.2673685877053
1027,7.302507295796308,13,0.01,-333.87212577437435
1028,-611.8856299203976,0,0.01,-334.6907236719915
1029,34.70327770686485,3,0.01,-330.1419463303233
1030,-353.40161712622074,0,0.01,-329.89061285576065
1031,17.537721365398994,3,0.01,-326.0839231013422
1032,-315.209489614383,0,0.01,-327.7083486190593
1033,-215.1711882828584,0,0.01,-328.18569124007377
1034,-47.62338361189887,12,0.01,-327.22985662681054
1035,-106.43497419879108,0,0.01,-325.5116245600607
1036,-133.1027204265124,0,0.01,-324.6273130636978
1037,-214.27279691012137,0,0.01,-323.831732687581
1038,5.793164543466489,11,0.01,-322.33821742983616
1039,9.36772064412218,10,0.01,-317.06850009925887
1040,25.018015268600227,22,0.01,-310.9429126529848
1041,20.77677098966781,2,0.01,-308.3120180209442
1042,-496.61354846922035,0,0.01,-310.54302376500783
1043,-243.90533612193906,0,0.01,-309.281070573179
1044,22.790987133992797,4,0.01,-307.7862888092279
1045,-17.37041781286206,13,0.01,-302.2813076568724
1046,4.573092562421197,22,0.01,-296.72284859564155
1047,-535.5316349403823,0,0.01,-298.30352449020097
1048,42.20893804349675,20,0.01,-294.6788889539246
1049,34.46226812957125,28,0.01,-293.30243037953454
1050,-691.9733644059717,0,0.01,-298.91651447157784
1051,-149.97300604587264,0,0.01,-296.1302763079577
1052,-33.07313398489572,19,0.01,-294.7822181924188
1053,-205.41494916631706,0,0.01,-290.31010502025265
1054,-246.55813111471218,0,0.01,-286.6225117978165
1055,-464.49862436230575,0,0.01,-285.0270710218214
1056,11.842379620459399,23,0.01,-279.1011815995338
1057,-10.915030340141072,17,0.01,-278.0184225256151
1058,-35.186100097052815,1,0.01,-272.33419787356127
1059,-386.3889056322645,0,0.01,-270.77616186471283
1060,30.48947602841741,1,0.01,-265.9824172131709
1061,-16.45159222762777,22,0.01,-262.03687582752775
1062,42.8734561050433,4,0.01,-258.2377542080301
1063,43.62445469721427,15,0.01,-256.45937545799615
1064,-321.73638496062347,0,0.01,-258.31422267169506
1065,31.65903242074638,23,0.01,-252.3647149551383
1066,-31.552092844744152,2,0.01,-251.00021032837932
1067,21.9139597903522,8,0.01,-245.39790572882518
1068,-20.98254252378848,3,0.01,-243.48991359853747
1069,-423.30100973093414,0,0.01,-245.94152751716138
1070,-19.656912165078552,24,0.01,-243.4640931244029
1071,-110.38137556232732,0,0.01,-239.32344993414983
1072,37.010237270146135,11,0.01,-232.47721696020818
1073,-103.7854899328388,0,0.01,-228.86073996937938
1074,-258.7800223667055,0,0.01,-228.21190145194933
1075,32.44722350784794,2,0.01,-225.48543095350814
1076,-151.59710660927817,0,0.01,-223.40629438374464
1077,-220.24288322235344,0,0.01,-224.16195541025073
1078,-164.47540428078443,0,0.01,-218.99045200799705
1079,-616.1031188799689,0,0.01,-224.34057620847187
1080,-22.722008405362033,18,0.01,-220.04459067557386
1081,-167.4365856132888,0,0.01,-217.50775265276016
1082,40.76488949558876,1,0.01,-212.35839773222634
1083,-345.5728362021397,0,0.01,-208.86620729995636
1084,-577.1562616476202,0,0.01,-211.808055481343
1085,36.861874442472256,1,0.01,-205.58098922079003
1086,46.040992271465534,2,0.01,-202.969264141727
1087,-664.4755410906856,0,0.01,-204.43224749121325
1088,19.626977435047312,15,0.01,-197.4477705149103
1089,-395.7717115891486,0,0.01,-195.57043787702125
1090,31.31177503279825,0,0.01,-188.82947083354665
1091,-247.00895757744183,0,0.01,-187.97823280476834
1092,-272.4365519966422,0,0.01,-188.98791744880148
1093,-409.3045968768298,0,0.01,-187.5736274208384
1094,-607.2397941183269,0,0.01,-187.1864696549167
1095,1.2331640729352014,15,0.01,-181.31400424149442
1096,11.060630344359183,1,0.01,-177.41700128096483
1097,41.29924438843245,1,0.01,-170.98472961724548
1098,-652.7281254591702,0,0.01,-175.1858431700414
1099,-579.5005606077113,0,0.01,-175.171380250432
1100,-215.06410298325994,0,0.01,-170.9577669120281
1101,-178.87314710822636,0,0.01,-171.23910794742184
1102,-374.5258433883463,0,0.01,-171.2059106003163
1103,-139.79563536975502,0,0.01,-172.79013771835852
1104,20.65420344279828,18,0.01,-172.33752275898075
1105,-541.942429934662,0,0.01,-174.15829940525376
1106,-120.70740021813117,0,0.01,-172.07956394800075
1107,-146.9065873253647,0,0.01,-169.8005123061883
1108,-432.5636495884907,0,0.01,-172.66248450806816
1109,-102.03771254017317,0,0.01,-173.1057649753637
1110,8.648505440032347,13,0.01,-166.91541139517184
1111,-205.7430503144986,0,0.01,-169.27368269360664
1112,-456.35293223250227,0,0.01,-167.1352339445062
1113,-38.41035254179832,30,0.01,-162.95086608271606
1114,-566.5743722300463,0,0.01,-168.87466899020316
1115,-233.05443950547397,0,0.01,-171.4252835625275
1116,-238.73536096787274,0,0.01,-171.0294212519275
1117,-393.15930360114686,0,0.01,-173.67035930925283
1118,21.193766435315794,2,0.01,-173.90471124342005
1119,-263.94192318899525,0,0.01,-176.1372085273403
1120,-389.28291314953526,0,0.01,-180.26189858014416
1121,-427.9404374802686,0,0.01,-179.63781152523399
1122,48.37449873200912,4,0.01,-178.65436172682143
1123,-33.89883962005547,0,0.01,-178.06701171256915
1124,-118.29787054015551,0,0.01,-176.60489321514217
1125,35.146090358363104,16,0.01,-176.66438135479208
1126,15.878457759845164,20,0.01,-176.78222000130208
1127,-369.1126355353407,0,0.01,-180.54637142961346
1128,-454.9928049598981,0,0.01,-178.97744318000844
1129,-175.69682615266447,0,0.01,-181.08144421860376
1130,-335.40927991057157,0,0.01,-180.90152084644728
1131,-22.65901526946402,5,0.01,-181.30348821279586
1132,-626.5483676138471,0,0.01,-184.41687699279052
1133,48.33955199742391,21,0.01,-181.7817695899877
1134,8.500118461293079,1,0.01,-181.2205345692558
1135,-578.9211828284199,0,0.01,-185.94539665555212
1136,-378.88298960290336,0,0.01,-188.40319934731596
1137,-234.14552892610277,0,0.01,-188.60192666747582
1138,-355.68510827086084,0,0.01,-192.21670939561906
1139,26.664461113284283,3,0.01,-192.04374199092746
1140,-239.77260189674809,0,0.01,-194.69164816258092
1141,-21.34254863836594,11,0.01,-195.1128413588613
1142,-42.99454429789523,0,0.01,-190.57665131714805
1143,-285.4601899632558,0,0.01,-190.99219985556124
1144,1.8121427214597596,2,0.01,-191.20198829968652
1145,36.65354999623017,5,0.01,-190.66174862159562
1146,-195.62246283424918,0,0.01,-192.66370417556232
1147,21.830720999399986,1,0.01,-187.09008061616453
1148,46.85535254272933,10,0.01,-187.0436164711722
1149,-202.0328823971164,0,0.01,-189.4085679764391
1150,5.877007899202004,20,0.01,-182.43006425338734
1151,-678.0643269612738,0,0.01,-187.7109774625413
1152,-542.9546579193964,0,0.01,-192.80979270188635
1153,-668.840724401098,0,0.01,-197.44405045423412
1154,-624.2748356424319,0,0.01,-201.22121749951137
1155,14.60023780871329,30,0.01,-196.43022887780117
1156,-289.5389955931799,0,0.01,-199.44404262993754
1157,46.16906823387176,9,0.01,-198.8732016441974
1158,-206.3945479969001,0,0.01,-200.5852861231959
1159,39.63909950177201,21,0.01,-196.32500607185554
1160,-176.56811797081582,0,0.01,-198.39558201184792
1161,21.14207458974853,26,0.01,-198.01964534367409
1162,-295.4017407983833,0,0.01,-201.4023973127084
1163,-378.9069103635268,0,0.01,-205.62771096331576
1164,-517.3638963118843,0,0.01,-207.5839860768284
1165,27.12408269033057,2,0.01,-207.62933557413254
1166,-65.62674111631895,0,0.01,-207.97008205684827
1167,-45.00023000972905,9,0.01,-208.63922395484911
1168,-141.62564945317425,0,0.01,-209.84565502414299
1169,-205.971913204752,0,0.01,-207.6723640588811
1170,36.599224640191984,5,0.01,-207.10980269082845
1171,46.80691844671518,5,0.01,-205.53791975073796
1172,26.695001453530562,1,0.01,-205.64107210890413
1173,28.69731123543105,24,0.01,-204.31624409722141
1174,8.129569695836413,7,0.01,-201.64714817659598
1175,-302.7590503463491,0,0.01,-204.99921091513798
1176,-240.36149429585066,0,0.01,-205.88685479200376
1177,6.493212265641322,30,0.01,-203.6194938371238
1178,-512.7984184071829,0,0.01,-207.10272397838781
1179,15.48246179423991,5,0.01,-200.7868681716457
1180,33.31132940311739,17,0.01,-200.2265347935609
1181,-20.91635358533904,4,0.01,-198.76133247328144
1182,34.210086641867335,15,0.01,-198.82688050181866
1183,-124.27177307027034,0,0.01,-196.61386987049994
1184,-114.94251183382556,0,0.01,-191.991732372362
1185,19.559400689582475,2,0.01,-192.16475710989093
1186,-90.08050812889542,0,0.01,-193.52597211389454
1187,37.02441258857679,30,0.01,-186.51097257710188
1188,-269.16441371234447,0,0.01,-189.3988864885758
1189,44.4452024097901,6,0.01,-184.9967173485864
1190,-582.3001184162771,0,0.01,-191.13283628307715
1191,-682.4169845212743,0,0.01,-195.48691655251548
1192,-416.60584831593724,0,0.01,-196.9286095157084
1193,27.577338465743978,15,0.01,-192.55979016228267
1194,-127.90464199371624,0,0.01,-187.7664386410365
1195,46.360471640008505,7,0.01,-187.31516556536582
1196,-620.4731711446284,0,0.01,-193.6305035802557
1197,-307.62603527094643,0,0.01,-197.11975637684952
1198,-33.738656469992804,2,0.01,-190.9298616869577
1199,-201.14737009606085,0,0.01,-187.1463297818412
1200,34.6240942415261,29,0.01,-184.64944780959334
1201,8.93066357309735,23,0.01,-182.77140970278012
1202,-270.69598418493035,0,0.01,-181.73311111074597
1203,19.109833887546728,1,0.01,-180.144056418173
1204,-357.56134841346085,0,0.01,-183.9262119367355
1205,12.384993110900227,27,0.01,-178.3829377062799
1206,4.6587055177433845,4,0.01,-177.12927664892115
1207,23.226448371628845,3,0.01,-175.42794629195123
1208,-89.53176996386779,0,0.01,-171.99762749570502
1209,-393.14860394283045,0,0.01,-174.90873640973157
1210,48.85738084020246,11,0.01,-174.5066476557299
1211,22.857565325009332,3,0.01,-172.22064149933482
1212,-428.5581954379514,0,0.01,-171.9426941313893
1213,-156.0374094556912,0,0.01,-173.11896470052818
1214,-135.38317758671246,0,0.01,-168.80705275409483
1215,-362.13220426520087,0,0.01,-170.0978304016921
1216,48.2273154005739,20,0.01,-167.22820363800764
1217,-192.21002717932214,0,0.01,-165.21871087378943
1218,40.889975058696216,28,0.01,-165.0217487875556
1219,30.499390267992837,13,0.01,-162.07733565298574
1220,-420.3314804643583,0,0.01,-162.38782132613397
1221,9.107985137069694,11,0.01,-158.01733709996057
1222,18.993942739769633,2,0.01,-158.31114265988296
1223,36.701123437059394,1,0.01,-157.60514302931182
1224,46.98298485737818,1,0.01,-155.95233447533647
1225,-23.518938892835138,27,0.01,-156.5389847678485
1226,36.94401287529778,24,0.01,-156.32832921669396
1227,1.7967030072392554,2,0.01,-152.61923583126818
1228,7.200908925688923,3,0.01,-147.9972986924123
1229,-473.21117652525766,0,0.01,-150.97244219613825
1230,-185.79219114266584,0,0.01,-149.4762713084592
1231,-17.104911911124248,15,0.01,-149.4207302748758
1232,-460.4493318841196,0,0.01,-147.7597399175785
1233,-40.744255592990214,4,0.01,-148.65057799348264
1234,-402.3868719188834,0,0.01,-152.75944789728442
1235,10.394545302754702,4,0.01,-146.86629061597267
1236,-424.0508857593171,0,0.01,-147.3179695775368
1237,-62.757039184973905,0,0.01,-145.6040846801255
1238,-188.58339759207,0,0.01,-143.93306757333758
1239,48.93858989249142,2,0.01,-143.71032628554553
1240,-250.3285983339564,0,0.01,-143.81588624991758
1241,28.162651940642316,3,0.01,-143.32083424412752
1242,2.333203446552824,2,0.01,-142.86755676668304
1243,26.233905783038598,5,0.01,-139.7506158092201
1244,-660.4254607423646,0,0.01,-146.37299184385836
1245,-198.4713724308894,0,0.01,-148.72424106812954
1246,5.683307834583614,10,0.01,-146.7111833614412
1247,26.817000863857558,10,0.01,-146.66132056279662
1248,48.73054033862312,26,0.01,-146.64256868483767
1249,-183.89991348989423,0,0.01,-146.46123899576548
1250,-27.425758269484618,30,0.01,-146.79426665745234
1251,22.175300355991062,1,0.01,-139.7918703842797
1252,-417.5530219887715,0,0.01,-138.53785402497343
1253,-171.98577368169504,0,0.01,-133.56930451777941
1254,-234.74675641472652,0,0.01,-129.67402372550237
1255,5.781462156154829,6,0.01,-129.76221148202794
1256,45.81506277982372,2,0.01,-126.40867089829791
1257,-513.4300283380478,0,0.01,-132.0046618640171
1258,-49.78432790728695,30,0.01,-130.43855966312097
1259,40.337738248381015,29,0.01,-130.43157327565487
1260,-562.8028916319588,0,0.01,-134.2939210122663
1261,-86.81687987021917,0,0.01,-135.373510556866
1262,-182.7029573751119,0,0.01,-134.24652272263324
1263,48.07468572279308,6,0.01,-129.97670676177006
1264,-103.6450874090217,0,0.01,-125.83951867274145
1265,-441.72485008658356,0,0.01,-130.5280080005106
1266,-487.1610143807044,0,0.01,-134.74335073315444
1267,-232.54706403473995,0,0.01,-136.61881907340455
1268,44.7576450276513,16,0.01,-134.7549861285963
1269,-233.73180991671296,0,0.01,-135.03258509571592
1270,-344.35512059676176,0,0.01,-138.84212854808544
1271,-640.2885300847151,0,0.01,-145.71308303339976
1272,-131.25092890853887,0,0.01,-147.29254233702045
1273,-485.4933651803503,0,0.01,-152.43444910117825
1274,-71.84000779957213,0,0.01,-153.23414487613235
1275,-154.39621868441918,0,0.01,-151.75051655951304
1276,-265.4527024130232,0,0.01,-152.00142864068476
1277,-42.90364326295111,13,0.01,-152.4953971959707
1278,-632.6216845989525,0,0.01,-153.6936298578884
1279,-313.72296429406737,0,0.01,-156.98568411877147
1280,22.502758344039748,5,0.01,-157.09376982936226
1281,41.968354808084385,2,0.01,-156.464922745428
1282,-264.9195302938408,0,0.01,-159.4562189147851
1283,-142.06361001390314,0,0.01,-159.63413728422142
1284,40.38038656465738,3,0.01,-158.0809083002366
1285,-172.81031615552666,0,0.01,-160.00460546868769
1286,-318.6738066730404,0,0.01,-162.29053845412912
1287,7.38325445741759,1,0.01,-162.5869500354407
1288,-75.74766998928934,0,0.01,-160.65278259821017
1289,-18.19557823289938,4,0.01,-161.27919040463703
1290,2.590533887143094,1,0.01,-155.43028388160283
1291,12.334731621339445,6,0.01,-148.4827667201767
1292,-141.2232174406147,0,0.01,-145.72894041142348
1293,-281.9195151919875,0,0.01,-148.82390894800076
1294,-43.630451913696106,0,0.01,-147.98116704720059
1295,10.465374236141061,2,0.01,-148.34011802123928
1296,-368.3005853758452,0,0.01,-145.81839216355147
1297,-485.6323249263065,0,0.01,-147.59845506010507
1298,-588.119521128334,0,0.01,-153.14226370668845
1299,-623.305226963357,0,0.01,-157.36384227536143
1300,-45.69634116225646,12,0.01,-158.16704662939927
1301,-26.37283078692292,15,0.01,-158.52008157299943
1302,-433.31453855924576,0,0.01,-160.14626711674262
1303,-272.93776957567286,0,0.01,-163.06674315137477
1304,4.222494209165188,19,0.01,-159.44890472514854
1305,18.341905013601817,17,0.01,-159.38933560612153
1306,-675.9799306235906,0,0.01,-166.19572196753484
1307,-158.63488305514522,0,0.01,-168.01433528180263
1308,-265.92080254271247,0,0.01,-169.77822560759108
1309,-87.89025441353172,0,0.01,-166.7256421122981
1310,-542.0792246827469,0,0.01,-172.63500816752756
1311,36.99533138642599,3,0.01,-172.49363050691343
1312,-411.8094724290384,0,0.01,-172.3261432768243
1313,-14.150509671042698,23,0.01,-170.9072742789778
1314,-416.546217028849,0,0.01,-173.71890467339915
1315,-370.35396688024633,0,0.01,-173.8011222995496
1316,-636.9258819653314,0,0.01,-180.65265427320867
1317,-155.61965509688207,0,0.01,-180.28675055238426
1318,-255.49420166002494,0,0.01,-183.25059231957144
1319,-100.08002089937543,0,0.01,-184.5563864312452
1320,-279.9628217015881,0,0.01,-183.15269984361746
1321,-153.29119835111354,0,0.01,-184.7766916784993
1322,-401.57438651833866,0,0.01,-188.9823749710804
1323,-417.8475304240638,0,0.01,-193.5278615096916
1324,35.451650232249435,2,0.01,-193.64317485594293
1325,18.36739343791516,19,0.01,-193.2243115326354
1326,-498.8701630644691,0,0.01,-198.58245329203305
1327,-69.47771182323737,0,0.01,-199.2951974403378
1328,-268.11181326530965,0,0.01,-202.0483246622478
1329,11.347385049840135,6,0.01,-197.2027390464968
1330,-24.559540991988115,5,0.01,-195.59041254499004
1331,-125.48543844605837,0,0.01,-196.67421781033937
1332,23.862923483854743,4,0.01,-191.83109525665964
1333,29.25571251749313,5,0.01,-191.13109557555484
1334,-311.590415356516,0,0.01,-190.22313100993114
1335,-298.9222815736064,0,0.01,-193.31629927869471
1336,-561.8109937896793,0,0.01,-194.6939003589984
1337,-220.60324038861717,0,0.01,-196.27236237103483
1338,-481.22772394158494,0,0.01,-199.19880563452998
1339,-17.8246518842019,0,0.01,-199.86643805229687
1340,-248.91140392467042,0,0.01,-199.85226610820402
1341,-613.1421358559207,0,0.01,-206.26531398616964
1342,11.499456351743465,16,0.01,-206.17365145711773
1343,-441.90044016889857,0,0.01,-210.8549949166371
1344,-317.3768509116013,0,0.01,-207.42450881832949
1345,-578.3075948234342,0,0.01,-211.22287104225492
1346,-30.010051914445455,2,0.01,-211.5798046397452
1347,-167.4880982879936,0,0.01,-213.52285563126372
1348,-658.39427169433,0,0.01,-220.59410375159328
1349,-175.20851998108458,0,0.01,-220.50718981650525
1350,-37.941079734400034,4,0.01,-220.61234303115435
1351,25.76780491240315,10,0.01,-220.57641798559024
1352,-154.3448102087231,0,0.01,-217.9443358677897
1353,19.64157478812026,19,0.01,-216.02806238309154
1354,-274.14861079773266,0,0.01,-216.42208092692158
1355,-511.0355085217759,0,0.01,-221.59025063370092
1356,5.117268401900817,23,0.01,-221.99722857748012
1357,45.768405729354015,4,0.01,-216.4052442368061
1358,14.283458623122886,3,0.01,-215.76456637150204
1359,-243.5883238626683,0,0.01,-218.6038269926125
1360,-205.75468280857683,0,0.01,-215.0333449043787
1361,44.01501169193457,7,0.01,-213.72502598875715
1362,40.8341233123958,1,0.01,-211.48965518188209
1363,-328.75545805528776,0,0.01,-215.25795661966285
1364,-13.028005792826036,0,0.01,-214.35178580350095
1365,29.103336986069092,21,0.01,-209.64350393277437
1366,-419.1774935270204,0,0.01,-208.96366872423755
1367,35.34953550377096,17,0.01,-206.28470272885247
1368,-241.73892682700753,0,0.01,-209.14966844739905
1369,44.02654660605168,4,0.01,-206.37208488217144
1370,-648.2470787336654,0,0.01,-209.41100446354045
1371,32.652673058764464,17,0.01,-202.68159243210565
1372,9.146453690591139,1,0.01,-201.27761860611434
1373,-645.7268831691398,0,0.01,-202.87995378600223
1374,-173.14724382737097,0,0.01,-203.89302614628025
1375,-615.6712637314774,0,0.01,-208.5057765967508
1376,-62.63720858754834,0,0.01,-206.47762165849608
1377,-61.31454094701252,0,0.01,-206.66173063533668
1378,-478.60651548044603,0,0.01,-205.12157894415162
1379,-593.4842658660652,0,0.01,-207.91919195987157
1380,29.00609145241669,4,0.01,-207.8541586287878
1381,-292.9973420962535,0,0.01,-211.2038155978312
1382,-531.5403408414693,0,0.01,-213.87002370330742
1383,48.17455160511433,28,0.01,-211.96764208711724
1384,32.259252857799936,2,0.01,-212.04885342418584
1385,-448.96466532247325,0,0.01,-214.81039691585534
1386,-449.1613475041289,0,0.01,-216.11527232416626
1387,12.239072727100622,10,0.01,-216.06671414146945
1388,-300.32689853911205,0,0.01,-218.31250642696767
1389,27.26757323978694,2,0.01,-217.85787491224082
1390,-225.92707271404987,0,0.01,-220.1430509782527
1391,-111.70156917699393,0,0.01,-221.3834139862361
1392,35.311373349506006,17,0.01,-219.6180680783349
1393,-439.16399721227646,0,0.01,-221.19051289853778
1394,-459.08593887757183,0,0.01,-225.34506776817653
1395,-631.5836414205978,0,0.01,-231.7655579247439
1396,27.129626691671334,3,0.01,-227.8112558040687
1397,15.907456584302116,7,0.01,-222.79585798896264
1398,24.4823464997703,1,0.01,-216.66983931268157
1399,-29.049940030592495,6,0.01,-210.72728644335388
1400,-389.14280988846394,0,0.01,-214.16175113061598
1401,-428.61001954544327,0,0.01,-218.18412301820118
1402,-196.78362953361312,0,0.01,-215.81881392794486
1403,43.429788362296534,27,0.01,-212.65513834856517
1404,-584.6986171022455,0,0.01,-218.54434946167927
1405,-299.1196575549052,0,0.01,-221.71896508736438
1406,-466.1738543797376,0,0.01,-219.62090432492585
1407,29.86904197154669,25,0.01,-217.7358650746589
1408,-206.34180625491229,0,0.01,-217.1400751117809
1409,30.061295980343345,1,0.01,-215.96055960784219
1410,-284.01822067393925,0,0.01,-213.37994956775412
1411,-49.88176736299218,30,0.01,-214.2487205552483
1412,-607.6990903752311,0,0.01,-216.20761673471017
1413,-663.0700294834778,0,0.01,-222.69681193283458
1414,41.64224952035987,0,0.01,-218.1149272673425
1415,-256.1869641352506,0,0.01,-216.9732572398925
1416,-384.74906526562955,0,0.01,-214.4514890728955
1417,-203.76076797633795,0,0.01,-214.93290020169007
1418,-659.2423571724399,0,0.01,-218.9703817568142
1419,49.985085822759274,27,0.01,-217.46973068959286
1420,11.593045675985866,23,0.01,-214.55417201581713
1421,3.9668527058891634,30,0.01,-212.98159150524714
1422,25.16343298660593,3,0.01,-208.71421331019764
1423,-41.522473393213716,2,0.01,-204.95096273988915
1424,-178.98182127430175,0,0.01,-207.09529745495468
1425,-417.65130961606076,0,0.01,-211.45548448549442
1426,-312.7802971051627,0,0.01,-209.5945858259014
1427,-645.083179355905,0,0.01,-215.35064050122804
1428,12.190263341186377,30,0.01,-212.5476197351631
1429,2.3910313896189233,1,0.01,-212.6371832717653
1430,-246.7762392431447,0,0.01,-214.85935025427688
1431,-557.9346812043302,0,0.01,-219.18384268185957
1432,-654.6772237576649,0,0.01,-225.96924415427475
1433,-20.529505795709326,2,0.01,-226.46709633740676
1434,-68.38513635907103,0,0.01,-224.03504354743228
1435,6.273949640610939,17,0.01,-220.98308123529011
1436,-339.3107339913128,0,0.01,-218.75807863730645
1437,-40.20495387725168,3,0.01,-216.95409577219277
1438,28.626781975030944,19,0.01,-211.85555071302667
1439,-41.99075950030726,0,0.01,-212.09721178918767
1440,-47.56901986534706,0,0.01,-210.0837879485945
1441,-620.9286303667418,0,0.01,-210.16165289370267
1442,17.044318635465906,2,0.01,-210.10620427086553
1443,-16.788046254755386,0,0.01,-205.85508033172408
1444,22.089395784299324,18,0.01,-202.46041786476508
1445,-183.08798982294684,0,0.01,-198.50822181476013
1446,32.91335681640382,5,0.01,-197.8789877274517
1447,-413.90175651036145,0,0.01,-200.34312430967532
1448,-47.15293205362653,10,0.01,-194.23071091326835
1449,13.037746967999881,27,0.01,-192.34824824377748
1450,-225.24432264815732,0,0.01,-194.2212806729151
1451,-591.7217594600667,0,0.01,-200.39617631663975
1452,-14.598713703398971,0,0.01,-198.99871535158655
1453,-43.10491929400439,0,0.01,-199.62618029240778
1454,26.513837520985206,6,0.01,-196.61955580922057
1455,-249.83341065780587,0,0.01,-194.00753483058085
1456,-175.33463628753216,0,0.01,-195.8120538774752
1457,-555.731033012165,0,0.01,-201.82704826489035
1458,39.86292206987066,14,0.01,-201.57125363042292
1459,-242.64899968568858,0,0.01,-201.5618603886531
1460,43.817773273458926,2,0.01,-199.06613582783274
1461,31.243697444909298,12,0.01,-199.193848970303
1462,-165.96066255083716,0,0.01,-201.26179682893536
1463,9.118806482669118,3,0.01,-197.8830541835558
1464,-569.781822935188,0,0.01,-203.45059235497942
1465,-381.74994490173526,0,0.01,-207.55912517385747
1466,-247.18442992259693,0,0.01,-205.8391945378132
1467,-210.34703746988635,0,0.01,-208.2961602675497
1468,40.481845156381446,3,0.01,-205.47395254771584
1469,-253.51505686365425,0,0.01,-208.4493685824129
1470,49.90513088472006,20,0.01,-201.46784648622915
1471,42.59867382029747,19,0.01,-201.36838647861376
1472,8.776432022189795,12,0.01,-201.37208669529775
1473,-22.46062002683135,0,0.01,-195.13942406387469
1474,-135.8445277212794,0,0.01,-194.76639690281377
1475,41.32178782548958,27,0.01,-188.19646638724407
1476,22.118088682695067,5,0.01,-187.34891341454164
1477,36.20603517430822,2,0.01,-186.37370765332847
1478,-25.55680159984712,13,0.01,-181.84321051452247
1479,-233.28081916609534,0,0.01,-178.2411760475228
1480,44.185169392975844,20,0.01,-178.08938526811718
1481,45.623952515473796,11,0.01,-174.70317232199994
1482,5.416024438043239,22,0.01,-169.3336086692048
1483,-473.54600545586993,0,0.01,-174.55081423981466
1484,-439.6209797812938,0,0.01,-179.2696165662056
1485,29.84494354880035,1,0.01,-174.4815204774929
1486,-550.1830249529695,0,0.01,-175.49173725198128
1487,46.451471151715324,1,0.01,-175.14961326773516
1488,-615.9443516906911,0,0.01,-178.3057877992509
1489,-568.5949956875069,0,0.01,-184.26441348852381
1490,-277.7474683652829,0,0.01,-184.78261744503615
1491,-212.18005013248705,0,0.01,-185.78740225459111
1492,21.347995129959685,4,0.01,-185.92703603678655
1493,18.183388844400284,1,0.01,-181.35356217621975
1494,47.43277060113259,18,0.01,-176.28837508143272
1495,13.673080154839328,2,0.01,-169.83580786567836
1496,-166.07503349523301,0,0.01,-171.76785446754738
1497,-77.28173481080779,0,0.01,-172.69974638149847
1498,-28.29481062439163,16,0.01,-173.2275179527401
1499,20.39616153880724,13,0.01,-172.73305693704614
1500,23.848477378486162,3,0.01,-168.6031440643766
1501,-645.3741294412139,0,0.01,-170.77078516333432
1502,-383.21828118166474,0,0.01,-172.63513167981483
1503,35.38110071831197,2,0.01,-172.7156185562547
1504,15.84470145469631,5,0.01,-166.7101853706853
1505,-210.18984758509288,0,0.01,-165.82088727098716
1506,-216.78554958016576,0,0.01,-163.3270042229914
1507,-257.75941316343096,0,0.01,-166.2032887743412
1508,-622.3128060815832,0,0.01,-170.3629987726079
1509,-428.8832779194577,0,0.01,-174.95244451160593
1510,-656.0104788059394,0,0.01,-178.67236709292592
1511,25.93383961656429,1,0.01,-177.91421102313035
1512,36.65246489779839,4,0.01,-171.47069547040007
1513,49.685878927024845,1,0.01,-164.34313638629504
1514,21.21903131178982,5,0.01,-164.54736856838073
1515,-403.8516217552133,0,0.01,-166.02401514458037
1516,-680.5539520791485,0,0.01,-168.9820640127156
1517,-637.8219355036679,0,0.01,-173.3226756879889
1518,30.112553599978,8,0.01,-166.42912658026466
1519,-208.039990153911,0,0.01,-169.0093773400314
1520,-11.620217595608267,2,0.01,-169.24150997274734
1521,29.980207454184104,22,0.01,-168.9813764252644
1522,-36.49531866294228,28,0.01,-169.59796394175984
1523,-539.3764601057239,0,0.01,-174.57650380888498
1524,-117.53858152500345,0,0.01,-173.962071411392
1525,-133.26581427286487,0,0.01,-171.11821645796005
1526,13.474134003283956,12,0.01,-167.85567214687555
1527,49.82082733260924,5,0.01,-160.9066320799904
1528,-246.38972030583338,0,0.01,-163.49243191646062
1529,-489.30493880205904,0,0.01,-168.4093916183774
1530,-162.39480404672338,0,0.01,-167.56557726641316
1531,-525.3348789701186,0,0.01,-167.23957924407102
1532,-217.46588519143478,0,0.01,-162.86746585840876
1533,-281.2713067132878,0,0.01,-165.47488386758454
1534,21.716483597649102,2,0.01,-164.57386766801733
1535,-303.0860368831697,0,0.01,-167.66746753325515
1536,-557.9760890543198,0,0.01,-169.8541210838852
1537,6.076262838164881,17,0.01,-169.39130891673102
1538,-459.58481077867066,0,0.01,-174.27342484426805
1539,-657.2576156267669,0,0.01,-180.42609340553267
1540,-48.532124582841334,0,0.01,-180.43572445270763
1541,-262.15197377603954,0,0.01,-176.84795788680057
1542,-373.98969657499543,0,0.01,-180.7582980389052
1543,-398.88802823360334,0,0.01,-184.57929785869368
1544,20.516357116263553,25,0.01,-184.595028245374
1545,23.4025385104387,24,0.01,-182.5301229620402
1546,22.013670665478866,3,0.01,-182.63911982354944
1547,38.74110263959099,11,0.01,-178.11269123204994
1548,-36.93148871222189,9,0.01,-178.01047679863586
1549,11.966448158306507,7,0.01,-178.02118978673286
1550,15.75666166765307,7,0.01,-175.6111799435747
1551,-82.26630968833311,0,0.01,-170.5166254458574
1552,12.954602949347795,16,0.01,-170.24109227932993
1553,19.391917118243274,26,0.01,-169.61612391520742
1554,-229.2031803660488,0,0.01,-172.17329409407776
1555,-696.8903732884031,0,0.01,-176.64386372038373
1556,-215.96940074504852,0,0.01,-177.0502113649589
1557,-37.464375411747085,29,0.01,-171.8675447889547
1558,-628.8675982583136,0,0.01,-178.55484999223657
1559,-276.33999398325517,0,0.01,-178.8917599352122
1560,42.810866833318556,1,0.01,-178.90182899961357
1561,-212.92996472990404,0,0.01,-181.3435656213618
1562,28.218753949515236,2,0.01,-179.40177145635826
1563,-351.2640830032427,0,0.01,-183.00560035121737
1564,-351.1543358604773,0,0.01,-180.81932548047024
1565,-117.84226354832197,0,0.01,-178.1802486669361
1566,-258.9526115069707,0,0.01,-178.29793048277986
1567,23.198911414375285,6,0.01,-175.96247099393716
1568,-329.3245797958177,0,0.01,-179.6605352434592
1569,-439.09916639952337,0,0.01,-181.5163763388179
1570,-521.4110103069241,0,0.01,-187.22953775073435
1571,-426.082357745235,0,0.01,-191.9163480663897
1572,-238.07656882658137,0,0.01,-194.38487807487738
1573,-235.25800628765973,0,0.01,-196.51285193748564
1574,33.432792135821785,19,0.01,-194.8200787389146
1575,-268.93558011392236,0,0.01,-197.92265241830873
1576,-617.9606110170387,0,0.01,-204.32343941530607
1577,48.54370627401475,30,0.01,-204.20006270430903
1578,34.25060346740489,10,0.01,-203.6019886536365
1579,3.972814937779571,26,0.01,-201.2294523125978
1580,-463.55804924292465,0,0.01,-206.30688449895678
1581,-52.962576924736936,0,0.01,-207.29274979335887
1582,-237.2871728081634,0,0.01,-209.71978176582093
1583,-17.95030727647344,0,0.01,-205.16382478402699
1584,-610.367068290512,0,0.01,-206.87128566911917
1585,-119.6304732072955,0,0.01,-208.36603983668013
1586,-213.80046460868306,0,0.01,-205.00221423323728
1587,5.943709325181558,2,0.01,-205.40729185150263
1588,18.811963784745263,10,0.01,-199.05972869674832
1589,43.296630973782285,18,0.01,-192.94081243013542
1590,33.531295837799625,9,0.01,-189.82802478810456
1591,-626.7038945265427,0,0.01,-193.97326323204507
1592,20.638433439222915,10,0.01,-193.98035884895245
1593,-629.7874998526843,0,0.01,-200.46006773592325
1594,22.94511070493722,25,0.01,-200.70494433488523
1595,-68.24893341500308,0,0.01,-201.52416447058363
1596,-121.18546793050393,0,0.01,-201.07526881493635
1597,-72.95129560413429,0,0.01,-201.03196442286958
1598,-292.7829325283368,0,0.01,-203.67684564190907
1599,-145.51046191056366,0,0.01,-205.33591187640278
1600,20.146018832917477,5,0.01,-205.37293646185847
1601,-130.95165211652284,0,0.01,-200.22871168861158
1602,8.548241548446498,11,0.01,-196.31104646131047
1603,49.76911465670343,2,0.01,-196.16716632192652
1604,1.8364680320687325,24,0.01,-196.3072486561528
1605,-189.3088127260815,0,0.01,-196.09843830756267
1606,-103.71753116558341,0,0.01,-194.9677581234169
1607,20.28965750469349,1,0.01,-192.18726741673564
1608,-334.5312185335191,0,0.01,-189.30945154125504
1609,-198.02556740333523,0,0.01,-187.00087443609382
1610,-464.1714291770212,0,0.01,-185.08248393980463
1611,28.8341889486881,3,0.01,-185.0534804464834
1612,-30.96161346730753,4,0.01,-185.72962123013443
1613,-453.0530629947526,0,0.01,-190.75701064935222
1614,37.01990584720311,2,0.01,-190.5990019039981
1615,-284.7757944860667,0,0.01,-189.40824363130665
1616,2.2641831569243767,2,0.01,-182.5800622789459
1617,10.724091551593913,25,0.01,-176.09460200839328
1618,-151.31636520864657,0,0.01,-177.90889119647952
1619,-17.136833713654994,13,0.01,-175.99985963207695
1620,33.16994174757753,18,0.01,-175.55195803864507
1621,40.60208901213402,2,0.01,-175.4457392230656
1622,41.450937821767106,30,0.01,-174.6662766582185
1623,-608.7239245825208,0,0.01,-175.35975130298647
1624,30.29439173041353,4,0.01,-173.8814215704323
1625,-243.86972809135037,0,0.01,-174.9874607086172
1626,8.020310764988876,2,0.01,-175.0419989410001
1627,14.872275905104274,25,0.01,-175.39148445527513
1628,22.946235194896477,10,0.01,-172.69812490026783
1629,-47.87016930344424,3,0.01,-168.28377720528167
1630,-358.8542147905976,0,0.01,-170.24837131272045
1631,44.0779330596333,23,0.01,-164.55424319242292
1632,-140.25771068061667,0,0.01,-163.78216144731473
1633,-401.15166543711155,0,0.01,-164.98096503455298
1634,-46.94002491661519,0,0.01,-165.6675301196956
1635,-291.67039977416647,0,0.01,-165.5533737486056
1636,11.523044870509409,16,0.01,-159.8583824093573
1637,-371.0503906648695,0,0.01,-163.62964894438764
1638,-229.52900259931982,0,0.01,-161.32909086259411
1639,37.888804460434315,27,0.01,-154.37762666172213
1640,-158.2280762527638,0,0.01,-155.47458617842136
1641,2.155098148102869,19,0.01,-152.8315154591799
1642,-219.03025334239123,0,0.01,-151.28192102685387
1643,-396.1661894761537,0,0.01,-151.25470263927937
1644,-604.0328365319098,0,0.01,-157.5001945757611
1645,26.14403601547969,12,0.01,-157.4727796007107
1646,2.8588068285015695,20,0.01,-157.66432823908048
1647,14.766507389397912,20,0.01,-157.90407419158242
1648,45.659239006541945,20,0.01,-157.07816691439479
1649,18.757015268859657,14,0.01,-157.01026124328925
1650,-615.9872312132732,0,0.01,-163.3277001720985
1651,-112.27831246362965,0,0.01,-163.6278201998515
1652,-397.52975593733373,0,0.01,-167.73266378871827
1653,-393.38171305653395,0,0.01,-171.86040009046602
1654,23.906007063539384,1,0.01,-169.32930821617018
1655,29.849179577758996,9,0.01,-162.06191268750857
1656,-209.440149473352,0,0.01,-161.9966201747916
1657,-474.68809834451724,0,0.01,-166.3688574041193
1658,6.706409607321893,2,0.01,-160.01311732546293
1659,8.250311463102053,23,0.01,-157.16721427099935
1660,-375.52580116233463,0,0.01,-161.3505809509559
1661,10.459113266018875,2,0.01,-159.11669017099666
1662,-243.2788865790206,0,0.01,-161.83166657628203
1663,45.79429846103154,15,0.01,-157.8610827616393
1664,16.124259302481384,8,0.01,-154.18829681000972
1665,-589.1635916799211,0,0.01,-158.90151009132566
1666,12.938777627943608,4,0.01,-156.18259619997653
1667,-691.1654075435088,0,0.01,-163.32623938955538
1668,14.011556152297668,25,0.01,-159.89287803007423
1669,-531.9400598406585,0,0.01,-160.82128696448558
1670,-289.43291772990176,0,0.01,-158.50150603871535
1671,-262.25251434916584,0,0.01,-156.86320760475465
1672,-188.5488322185285,0,0.01,-156.36793023867415
1673,-245.63632432504772,0,0.01,-156.471713419048
1674,-157.5979101460157,0,0.01,-158.3820204418664
1675,-100.31618209703714,0,0.01,-156.6958264616975
1676,18.989939182262333,11,0.01,-150.3263209597045
1677,40.606598001113184,7,0.01,-150.40569204243354
1678,-390.2081438783263,0,0.01,-154.65027951589084
1679,12.850745175343606,13,0.01,-154.56150021351522
1680,-572.0146253357011,0,0.01,-155.64606597444296
1681,37.80770424761272,14,0.01,-154.73836316271948
1682,-297.05572361432183,0,0.01,-155.33604867078108
1683,2.192054614200707,4,0.01,-155.1346250518743
1684,5.035863582957981,5,0.01,-148.9805957331396
1685,25.5555294454407,3,0.01,-147.52873570661225
1686,-144.28330982297223,0,0.01,-146.83356415875517
1687,-326.1037756032965,0,0.01,-150.15403900803992
1688,-236.9669883711282,0,0.01,-152.71182852959868
1689,-250.1879399039202,0,0.01,-155.6466742383757
1690,-107.34340347735531,0,0.01,-157.05542123152725
1691,-654.0749835025181,0,0.01,-157.329132121287
1692,45.011202137379414,1,0.01,-157.08540443430545
1693,-165.7273135926606,0,0.01,-152.4448025717052
1694,-459.17780651309613,0,0.01,-157.26603174388555
1695,-172.6875986708178,0,0.01,-158.31041839644368
1696,-111.04933841043731,0,0.01,-158.20905710124302
1697,-336.0453126951289,0,0.01,-160.83999727215297
1698,36.63908545898493,4,0.01,-157.54577709227976
1699,-71.92330385721425,0,0.01,-156.80990551174625
1700,-152.26371115675397,0,0.01,-158.53400281164298
1701,49.33670998769775,3,0.01,-156.73111919060074
1702,-620.8466189868292,0,0.01,-163.0250677959535
1703,45.15557899759755,5,0.01,-163.07120315254454
1704,-309.1653667143771,0,0.01,-166.181221500009
1705,-114.5181249571906,0,0.01,-165.4333146223201
1706,-408.15453919527437,0,0.01,-168.47768470261704
1707,-463.3827774089533,0,0.01,-173.3144090517535
1708,-199.95519676238487,0,0.01,-171.96864883404214
1709,9.587457959842485,30,0.01,-169.8925185804104
1710,29.257026131987107,16,0.01,-164.9582340273203
1711,-274.66503943518285,0,0.01,-167.993226311159
1712,-476.26272284125196,0,0.01,-172.44623740489843
1713,-624.5328374718426,0,0.01,-174.16103514966935
1714,1.3616333091613133,7,0.01,-174.51761787504975
1715,2.7444072843644123,2,0.01,-171.64241585734544
1716,-633.4349773872459,0,0.01,-177.99940746278716
1717,-282.2038225381664,0,0.01,-180.92868660368475
1718,-405.3504682648454,0,0.01,-183.46902763424674
1719,-626.3623598580269,0,0.01,-189.56128289569045
1720,-87.91214697557871,0,0.01,-190.77210378292202
1721,45.09369668988136,3,0.01,-190.72718770614455
1722,16.957955509021794,14,0.01,-190.972117529272
1723,29.170707458543692,22,0.01,-184.59317120886138
1724,-659.4189579708855,0,0.01,-191.49030470587437
1725,-54.63665865118321,0,0.01,-189.59797401147273
1726,5.123660143808227,1,0.01,-189.62694051768452
1727,2.075206521731832,21,0.01,-189.75491121151822
1728,41.643611178474345,3,0.01,-189.56793745168244
1729,44.67508626591193,4,0.01,-188.6424848959889
1730,-670.0187961780962,0,0.01,-191.75413070986386
1731,42.288641137364976,5,0.01,-191.77202362908653
1732,-307.3042419450208,0,0.01,-193.4424889417306
1733,-241.43705889894,0,0.01,-191.84534287634887
1734,40.971118049765344,27,0.01,-190.96623144668504
1735,-553.0950064811723,0,0.01,-193.58047751375514
1736,-137.4704378871087,0,0.01,-195.07041234133132
1737,-35.23820370098497,14,0.01,-191.71229047169246
1738,-41.47994358723986,0,0.01,-189.83179988157167
1739,-233.13343410731966,0,0.01,-192.54202226724922
1740,10.737483494612594,14,0.01,-190.85236666977548
1741,-468.3273627688138,0,0.01,-195.55719127894463
1742,41.639686696508655,4,0.01,-192.95049187855562
1743,16.809168340882263,2,0.01,-188.82073830038527
1744,2.8978654594229964,29,0.01,-182.75143128047196
1745,-694.5623440531169,0,0.01,-189.95849508115788
1746,-653.0735014872521,0,0.01,-196.51781816431543
1747,-271.4823043271607,0,0.01,-199.38030628148098
1748,44.07266839403886,9,0.01,-199.39617198760607
1749,10.633680935003076,8,0.01,-199.4774053309446
1750,-14.682760269713697,2,0.01,-193.464360621509
1751,-17.72411539247196,1,0.01,-192.51881865079744
1752,21.96070181616618,2,0.01,-188.32391407326247
1753,31.632898251759922,4,0.01,-184.0737679601795
1754,17.31083601341675,10,0.01,-184.13971967068076
1755,20.9889583760406,11,0.01,-184.22832188269788
1756,22.50137071694731,10,0.01,-181.90890668079493
1757,-298.8872724704392,0,0.01,-180.15089842205413
1758,24.3410619347635,26,0.01,-179.9745518987797
1759,-181.98305030610584,0,0.01,-181.8768855164718
1760,5.328842452338486,2,0.01,-178.06833908032505
1761,-213.9122825148641,0,0.01,-180.31205303813385
1762,31.211394942717792,3,0.01,-177.56715022291647
1763,-612.9219895195238,0,0.01,-184.154313102722
1764,-482.81940955095547,0,0.01,-189.14374979125643
1765,2.544966853315423,2,0.01,-183.2266642059241
1766,-250.29818948294184,0,0.01,-185.85903387703297
1767,-612.0292388457358,0,0.01,-185.0676721900552
1768,-302.8355780268914,0,0.01,-188.2361435318471
1769,3.176851132390728,23,0.01,-182.8849744221166
1770,-472.1487949877773,0,0.01,-184.71213319469535
1771,41.93606021936954,1,0.01,-181.67024744901
1772,-38.03356219316049,26,0.01,-180.1650947487563
1773,12.785485532017287,1,0.01,-177.5808766501856
1774,22.146904939944285,12,0.01,-175.783428499326
1775,-610.5062557796049,0,0.01,-180.88532923615168
1776,37.35304008859216,29,0.01,-180.70169822708837
1777,-279.4552997797043,0,0.01,-183.90231720489658
1778,-40.97031006230827,9,0.01,-180.40993886673638
1779,17.716725550848523,0,0.01,-180.36127906298134
1780,39.971507207879064,30,0.01,-174.24141773754553
1781,24.20987898187425,12,0.01,-174.37739599020296
1782,-145.3291165693927,0,0.01,-172.86012991975363
1783,-312.6249182716,0,0.01,-176.00829964861165
1784,10.729411088760251,0,0.01,-175.95136417355366
1785,43.651236890770626,18,0.01,-175.77040709910034
1786,-251.29883248821676,0,0.01,-176.84056232575279
1787,37.90700424285906,11,0.01,-173.2004545272913
1788,17.509255964028878,4,0.01,-170.6556920839397
1789,-627.6216622304005,0,0.01,-174.43002930720453
1790,7.963944559747499,4,0.01,-173.2769558268335
1791,-540.1308685130891,0,0.01,-172.13751467693922
1792,-155.55465525915042,0,0.01,-174.1431732509045
1793,-349.86425584049243,0,0.01,-175.98454267338283
1794,-421.4813237763223,0,0.01,-175.6075778460151
1795,-184.51437055952238,0,0.01,-175.72584556490213
1796,21.620950194944438,1,0.01,-174.3991426788483
1797,-237.3731675191587,0,0.01,-173.41242122708857
1798,39.76015149103689,1,0.01,-173.38121056676803
1799,-106.75295778466574,0,0.01,-173.72950710604255
1800,-102.9529886751915,0,0.01,-173.23639988122693
1801,-132.23015936295232,0,0.01,-175.05206857473345
1802,41.710071230491245,11,0.01,-168.42650167256022
1803,-643.6578530090055,0,0.01,-175.31463599262625
1804,4.8218224205223,2,0.01,-172.17476410127725
1805,-295.0216825361259,0,0.01,-173.9797996770666
1806,-302.3077265990576,0,0.01,-172.9213315511045
1807,1.5699094536903753,2,0.01,-168.27180468247803
1808,46.41616656583253,28,0.01,-165.80809104919587
1809,-272.5189898599295,0,0.01,-168.6291555273936
1810,24.29330297513399,3,0.01,-168.67879275896215
1811,26.644206622250863,4,0.01,-165.66570029838783
1812,-614.8514638218487,0,0.01,-167.0515877081937
1813,-135.5117525923686,0,0.01,-162.161376859399
1814,-360.2328114652776,0,0.01,-165.77732130714338
1815,-36.01714016787241,0,0.01,-166.16493678166574
1816,-39.45258690242673,4,0.01,-160.22511287681758
1817,-508.6413179306041,0,0.01,-162.48948783074192
1818,-314.4735590103269,0,0.01,-161.58071873819674
1819,-617.3513793850057,0,0.01,-161.49060893346655
1820,-278.0479373538031,0,0.01,-163.3919668372488
1821,41.42072606836974,29,0.01,-163.42869654346387
1822,5.541114043585133,4,0.01,-163.54286495811826
1823,-43.407679078813885,4,0.01,-164.26864882349184
1824,-291.3306488168121,0,0.01,-160.58776573195112
1825,23.649079479908686,1,0.01,-159.8049083506402
1826,-185.87514961941764,0,0.01,-161.71489644827244
1827,13.740941824655028,1,0.01,-161.5982390952432
1828,29.645240656529303,9,0.01,-161.71822280046266
1829,-106.2904540108504,0,0.01,-163.2278782032303
1830,37.3830025036485,27,0.01,-156.15386021641285
1831,-266.2973213355998,0,0.01,-159.2397198411425
1832,12.533632711821577,7,0.01,-156.04134109457405
1833,-438.3318843763275,0,0.01,-158.01028934934794
1834,-427.7853110367479,0,0.01,-162.69785364021308
1835,-689.9851450981462,0,0.01,-164.06675502638282
1836,-596.9554222026657,0,0.01,-168.6616048695384
1837,48.86458921766952,4,0.01,-167.82057694035186
1838,-29.44523607553731,3,0.01,-167.7002298652348
1839,-698.0967338921402,0,0.01,-172.34986286308305
1840,5.1672037234697905,1,0.01,-172.40556566079445
1841,-59.38545596927594,0,0.01,-168.3161465927991
1842,-28.464813899121282,21,0.01,-169.01719159875535
1843,-214.5542682832026,0,0.01,-171.33082596499622
1844,18.461918218041117,17,0.01,-171.17518543741008
1845,14.890702733575589,19,0.01,-164.0806549695431
1846,-222.29639295032712,0,0.01,-159.77288388417386
1847,-476.2663610939115,0,0.01,-161.82072445184136
1848,-126.06597217171063,0,0.01,-163.52211085749886
1849,-307.837940075268,0,0.01,-166.70682706760155
1850,2.0255882377534675,2,0.01,-166.5397435825269
1851,-146.69461383583268,0,0.01,-167.82944856696054
1852,10.284968841193928,2,0.01,-167.9462058967102
1853,-202.65662578735692,0,0.01,-170.2891011371014
1854,-357.3167625549748,0,0.01,-174.0353771227853
1855,21.162155420996623,2,0.01,-174.03364515233577
1856,-407.06540496795276,0,0.01,-178.32931290918478
1857,-116.00070903418828,0,0.01,-176.50044727482228
1858,6.230814288447191,1,0.01,-176.68154975128542
1859,-297.23219489501116,0,0.01,-177.8340411971745
1860,-619.9875022857861,0,0.01,-184.08720464455573
1861,-630.022550893479,0,0.01,-188.24830732834184
1862,37.35426938488272,1,0.01,-188.1868785839202
1863,-179.40432889189958,0,0.01,-183.85170197764393
1864,45.837436284076595,10,0.01,-178.56513351929362
1865,-383.65847828519816,0,0.01,-182.42716797067874
1866,-42.47033828851829,0,0.01,-180.34888945873453
1867,28.242033832958963,9,0.01,-173.94617673194765
1868,27.305658588711662,11,0.01,-170.6447643657916
1869,27.75568496413448,23,0.01,-170.39897602747416
1870,-174.56004833037582,0,0.01,-167.4230885609001
1871,-151.58694200778575,0,0.01,-169.35831858317164
1872,8.412454892286416,1,0.01,-168.8938584123172
1873,-564.9879126281353,0,0.01,-174.6715923939187
1874,-17.88256790889966,30,0.01,-175.07188712240713
1875,-504.6772812975006,0,0.01,-174.01359737758608
1876,-440.7244540887363,0,0.01,-178.79437231935935
1877,-386.2830395209145,0,0.01,-179.86264971677144
1878,-363.95018487617267,0,0.01,-183.09244846491012
1879,-533.7400478198127,0,0.01,-188.60701619861672
1880,10.91378093446379,18,0.01,-188.89759346135088
1881,48.008421525076066,5,0.01,-188.65960803591886
1882,-194.72904100014182,0,0.01,-189.1536072802264
1883,-253.67041855191465,0,0.01,-188.56406228302953
1884,7.322249493077129,9,0.01,-188.5981338989864
1885,45.2852817031507,14,0.01,-188.58179345086256
1886,-208.82223305207452,0,0.01,-188.15702745650117
1887,40.02518542542068,10,0.01,-188.13584564467553
1888,-254.74339056100075,0,0.01,-190.85837210992585
1889,44.778599236694035,30,0.01,-184.13436949525487
1890,35.11596757418492,10,0.01,-183.86284926511053
1891,34.55795581423178,4,0.01,-178.1159610218373
1892,-132.23356239228565,0,0.01,-177.88275009316865
1893,-217.84693102869943,0,0.01,-176.56257684505073
1894,-481.566322888331,0,0.01,-177.1634268361708
1895,14.023228291269328,4,0.01,-175.1780508476629
1896,-20.373694674126966,18,0.01,-175.59799729635358
1897,-540.7778313840594,0,0.01,-178.63204393500263
1898,-210.47458231586762,0,0.01,-181.13439127307166
1899,21.730057965145072,4,0.01,-179.84956111557352
1900,-281.74815089574184,0,0.01,-181.63751273777908
1901,18.837105381086563,5,0.01,-180.12684009033867
1902,-648.1614684550501,0,0.01,-187.02555548719408
1903,4.736148290401646,26,0.01,-180.5416154742
1904,46.54214444643932,3,0.01,-180.12441225394082
1905,-267.1021078693306,0,0.01,-179.84521650727288
1906,2.576661169069917,1,0.01,-176.79637262959156
1907,29.87389778477897,27,0.01,-176.5133327462807
1908,-43.924659357454516,30,0.01,-177.4167410055136
1909,21.73015130995337,19,0.01,-174.47424959381476
1910,12.519101844113607,2,0.01,-174.59199160512497
1911,-386.5597624579821,0,0.01,-178.72403129592726
1912,-44.111470517208375,0,0.01,-173.01663136288087
1913,3.017890771687602,2,0.01,-171.6313349292403
1914,-151.8238434959602,0,0.01,-169.54724524954716
1915,-257.7156807354794,0,0.01,-171.76423065522323
1916,9.851515380888971,2,0.01,-171.27118963239008
1917,30.468002094250803,2,0.01,-165.8800964321415
1918,-380.79420935493124,0,0.01,-166.54330293558758
1919,-327.08418364144586,0,0.01,-163.64063097815196
1920,41.7233908746743,3,0.01,-160.44291769586718
1921,10.812836876954236,2,0.01,-160.74899658778133
1922,-186.73494452533146,0,0.01,-162.6717571734705
1923,-37.115644627576444,29,0.01,-162.60883682895815
1924,12.208173469414579,3,0.01,-159.57344860609587
1925,-610.8373148261628,0,0.01,-165.91831254915655
1926,-319.7536138573425,0,0.01,-167.2570971915358
1927,45.46530032509637,4,0.01,-166.9398536065314
1928,-129.16284427403832,0,0.01,-168.52793445583706
1929,-120.21223203087172,0,0.01,-168.66715223603725
1930,-576.4823526571389,0,0.01,-174.8058057876451
1931,41.46769331933104,21,0.01,-171.72815564109584
1932,-251.6786116361874,0,0.01,-174.37027808457594
1933,-583.0138784696622,0,0.01,-175.8170980255093
1934,40.93380027116943,0,0.01,-171.1299069124301
1935,8.580679468503035,20,0.01,-164.14424866676364
1936,19.741075570657237,10,0.01,-157.9772836890304
1937,-608.1259055961152,0,0.01,-164.54718863716826
1938,10.870980945306476,30,0.01,-164.14402646695982
1939,-43.733420324739086,29,0.01,-157.6003933312858
1940,-202.95712919916514,0,0.01,-159.68163666051214
1941,12.447697540365954,25,0.01,-158.96330512541573
1942,19.857907951167704,3,0.01,-158.48007790691284
1943,-233.81615441059773,0,0.01,-158.67269676818677
1944,-89.83563349561865,0,0.01,-159.75567228532339
1945,-404.01620846071097,0,0.01,-163.94474139726626
1946,-161.39012242961837,0,0.01,-163.33567869205916
1947,8.513583667564653,3,0.01,-158.4878792444444
1948,-43.40158381635206,24,0.01,-157.66123536089083
1949,-517.0358248959303,0,0.01,-159.75321420909745
1950,33.688315706652865,3,0.01,-159.43658693440847
1951,-172.71945011521018,0,0.01,-159.69683529720226
1952,-376.90348465910836,0,0.01,-163.56871983220523
1953,44.640640508307584,5,0.01,-161.0957471692486
1954,40.925474448104225,10,0.01,-157.11332479921782
1955,-154.15903666803297,0,0.01,-158.86653672010812
1956,39.984906578334005,1,0.01,-154.39603360464523
1957,-113.69418190780462,0,0.01,-154.37296833338138
1958,21.888988922851222,9,0.01,-154.21638658703733
1959,-106.49219976825924,0,0.01,-152.30898663576986
1960,-593.355058217528,0,0.01,-152.04266219508727
1961,-115.4487217543161,0,0.01,-146.89692390369564
1962,23.28698421825072,15,0.01,-147.03759675536196
1963,23.602633256033023,5,0.01,-145.00752713388266
1964,-126.13123342993572,0,0.01,-146.7272138310228
1965,-52.43410401232455,0,0.01,-143.41497008829404
1966,13.104547249459717,3,0.01,-142.85922123291428
1967,22.64636801385841,2,0.01,-142.91517789110526
1968,24.882925928449122,16,0.01,-142.9394052177079
1969,13.222350486075097,14,0.01,-143.0847385624885
1970,-355.37265113393505,0,0.01,-144.89286459052406
1971,-41.84973734341946,7,0.01,-143.7954925438804
1972,15.467461162724284,14,0.01,-143.72494248117602
1973,44.94147792446737,11,0.01,-137.62564857565002
1974,37.1944469000516,4,0.01,-137.0748784275605
1975,-467.89268455158054,0,0.01,-136.70703246010126
1976,-282.7008369097572,0,0.01,-135.12679628831148
1977,-146.7987018305552,0,0.01,-132.7319529114079
1978,-94.69656611636441,0,0.01,-130.0394167238098
1979,-568.3659778388337,0,0.01,-130.38567602400002
1980,-280.9164524100423,0,0.01,-133.3039783574451
1981,-160.28894662717033,0,0.01,-135.38695203896754
1982,-606.7896515007482,0,0.01,-139.5075581439736
1983,-165.39112848748255,0,0.01,-138.6247652433293
1984,-13.870159886132,4,0.01,-138.83668933712138
1985,-112.56642400508866,0,0.01,-140.41520639420378
1986,38.25487570589911,14,0.01,-137.94443530662403
1987,-370.1352946040833,0,0.01,-142.04604010691907
1988,-300.4664987732181,0,0.01,-142.50327118904121
1989,-399.64107948283333,0,0.01,-146.9474679762365
1990,-436.64302676692273,0,0.01,-151.66505791964758
1991,-38.79976139449707,0,0.01,-152.3986350917349
1992,-38.70448686743538,26,0.01,-151.4633443364864
1993,11.387356882954178,4,0.01,-149.17100145736984
1994,-620.5823551153308,0,0.01,-150.56116177963983
1995,2.836869791399944,2,0.01,-150.67302536463853
1996,-29.336138539136755,0,0.01,-150.76264980328864
1997,-85.95608900743466,0,0.01,-146.21443237952238
1998,-241.84845575716184,0,0.01,-146.52817111393534
1999,-31.532323256810173,3,0.01,-147.06079492615487
2000,23.71701291686707,21,0.01,-144.00614328802882
2001,18.174513933040775,8,0.01,-144.01276920250925
2002,-103.54679691634948,0,0.01,-138.56662248712226
2003,-279.23519120492523,0,0.01,-141.40633588207552
2004,39.19077003544272,1,0.01,-141.47984962618548
2005,12.246643297441912,10,0.01,-138.68636211451778
2006,-608.5522189172353,0,0.01,-144.7976509153808
2007,-14.163140828823884,6,0.01,-145.23802130151685
2008,-127.27146199524759,0,0.01,-146.07148932789477
2009,-195.47074491228085,0,0.01,-148.24349829011712
2010,41.44589114449405,5,0.01,-147.95423039711332
2011,12.07268995505791,6,0.01,-143.96790587298293
2012,-29.03836554602941,13,0.01,-143.81717482327113
2013,42.51294490124907,5,0.01,-143.4222242819755
2014,-265.5532727431002,0,0.01,-144.5595185744469
2015,-11.740278022858718,14,0.01,-142.0997645473207
2016,-687.7976207479545,0,0.01,-149.07625590860914
2017,27.063064807874124,28,0.01,-149.1103052814729
2018,49.379630781271366,10,0.01,-144.80856688011087
2019,-278.22697616826974,0,0.01,-144.3199948053791
2020,25.622737662889772,5,0.01,-144.48100133749693
2021,-24.300422909123085,20,0.01,-144.83213393535772
2022,-288.7744762907149,0,0.01,-145.85252925301157
2023,33.01665844751837,2,0.01,-145.1512062222606
2024,40.7043021006917,20,0.01,-144.86624493594786
2025,46.35457073937461,4,0.01,-138.29432608029245
2026,17.237494358344687,29,0.01,-134.9244149981356
2027,33.93843072490596,4,0.01,-135.0396836941375
2028,-77.81293662671786,0,0.01,-134.5261846176643
2029,-163.01131964455226,0,0.01,-134.95417549380113
2030,-318.01995976550694,0,0.01,-132.36955156488477
2031,18.494783240235538,29,0.01,-132.59928066567574
2032,45.44715252410057,3,0.01,-129.62802302407286
2033,-291.43245898871515,0,0.01,-126.71220882926337
2034,38.82280183819466,6,0.01,-126.73331881359314
2035,15.218179605795752,7,0.01,-126.6669438122202
2036,23.1503539857471,1,0.01,-126.63285102806931
2037,43.27298193311659,18,0.01,-120.118862152777
2038,21.89604880196335,22,0.01,-120.00861147421041
2039,-553.1861663041582,0,0.01,-125.10313893400462
2040,-562.8321579629429,0,0.01,-128.7018892216424
2041,-286.67933580790117,0,0.01,-131.69315955512505
2042,-301.60877464528994,0,0.01,-134.90782638108965
2043,-18.310726600544,29,0.01,-132.7527721029891
2044,-539.465447739037,0,0.01,-137.2490702454233
2045,37.987115484527884,7,0.01,-132.82903700597092
2046,-188.6894370207425,0,0.01,-133.10203015188216
2047,4.678259785297015,30,0.01,-133.14038339070484
2048,-267.96824500358247,0,0.01,-135.38605000257712
2049,-676.7303162781142,0,0.01,-136.98299491639898
2050,-41.36060768792248,20,0.01,-137.7334841503447
2051,34.55963961505824,28,0.01,-135.660693253042
2052,-39.28836753509836,23,0.01,-132.28454208180193
2053,44.92168563508085,5,0.01,-132.2817316305342
2054,-289.8951500769875,0,0.01,-135.5899378757851
2055,-173.4578594132363,0,0.01,-135.78292610323714
2056,-137.79980649277024,0,0.01,-137.5607732339482
2057,-120.51706603057127,0,0.01,-137.62900207517586
2058,46.869312021049254,2,0.01,-137.3791988441939
2059,-38.05025349197541,10,0.01,-136.69477938143106
2060,-286.62741488652114,0,0.01,-133.627502948121
2061,19.815629268053247,29,0.01,-132.2748594378973
2062,29.83878800530932,7,0.01,-132.20934140002672
2063,-351.4472536572491,0,0.01,-135.9598402691595
2064,-286.93018032828024,0,0.01,-137.56782973814296
2065,6.762112715480263,3,0.01,-136.97586757086492
2066,-645.6633237953523,0,0.01,-143.56354628131302
2067,37.47967297446669,3,0.01,-143.41521323170696
2068,9.463319086730936,28,0.01,-143.5694093001241
2069,-394.9541832531538,0,0.01,-147.6511746375164
2070,5.297022540559753,12,0.01,-144.04447790077145
2071,-350.12261205539437,0,0.01,-147.1272066478912
2072,-472.6689220927849,0,0.01,-152.0085704804463
2073,-376.47554756809296,0,0.01,-156.22274073537187
2074,19.119594684785856,2,0.01,-156.40348925752457
2075,-115.88294468165165,0,0.01,-152.88339185882526
2076,-342.1060141023963,0,0.01,-153.47744363075165
2077,-644.3400680006753,0,0.01,-158.45285729245288
2078,-224.75149729859868,0,0.01,-159.7534066042752
2079,21.56652185650495,28,0.01,-153.85408160732183
2080,-196.39501800964746,0,0.01,-153.00886726331788
2081,48.04357661434598,2,0.01,-150.92554203090273
2082,-696.863093043729,0,0.01,-151.8262764463325
2083,-231.60397438756172,0,0.01,-152.4884049053333
2084,-686.8265122244482,0,0.01,-159.2179684287165
2085,9.754504833481985,22,0.01,-157.99475914033076
2086,-282.66247455760936,0,0.01,-161.2039326429659
2087,39.96380570417239,12,0.01,-157.1029416398833
2088,-340.591595788102,0,0.01,-157.50419261003216
2089,-149.5688809742719,0,0.01,-155.00347062494654
2090,12.510425973601357,13,0.01,-150.51193609754128
2091,-19.10455603887482,27,0.01,-150.31498404398508
2092,35.44947586537624,27,0.01,-149.57344441665694
2093,47.28585972902471,1,0.01,-149.21445938819622
2094,23.75745397361029,0,0.01,-142.77106129730683
2095,-44.743723338490554,15,0.01,-143.2468672286057
2096,-665.2537076911079,0,0.01,-149.60604292012545
2097,-172.60452097371711,0,0.01,-150.47252723978826
2098,4.862477813303956,5,0.01,-148.0054179040836
2099,42.36334219839546,30,0.01,-147.26646124953155
2100,1.8972553568327941,19,0.01,-147.48465882513187
2101,46.88117113278106,2,0.01,-147.19759225313447
2102,-24.867081892045917,3,0.01,-146.41079510289143
2103,37.068981799179056,30,0.01,-143.2477533728504
2104,-428.3109653898993,0,0.01,-147.92277072710382
2105,-17.712135027283978,3,0.01,-148.22235851035109
2106,-38.29832346989099,6,0.01,-142.51981955587763
2107,-337.72234094877797,0,0.01,-145.7554115570772
2108,14.442348497886101,6,0.01,-144.33827345214587
2109,43.292756684604385,21,0.01,-141.950638436177
2110,-261.1077190353006,0,0.01,-144.97617453797494
2111,24.051898887625185,8,0.01,-144.85638244864924
2112,-549.6050715101279,0,0.01,-150.06204950829024
2113,3.541292271135228,25,0.01,-150.4517660345914
2114,-248.5614030422559,0,0.01,-150.28184733758297
2115,-191.7838266305884,0,0.01,-152.08228282366025
2116,22.731156305814938,25,0.01,-144.97699505312255
2117,18.236090728104028,5,0.01,-145.06526479392025
2118,47.622335384488004,2,0.01,-145.08283774788805
2119,-248.47448012055168,0,0.01,-144.7853127874109
2120,40.37693016030801,7,0.01,-144.63777086243672
2121,15.75232419138828,16,0.01,-144.23724339143163
2122,27.773319803305696,17,0.01,-141.0717654304914
2123,-605.5656954079222,0,0.01,-147.45758896904582
2124,-626.0611893825169,0,0.01,-154.1252438838779
2125,27.862682393445514,10,0.01,-154.31016276733718
2126,-278.22438704614956,0,0.01,-157.26478158138215
2127,49.100188996695934,0,0.01,-157.11316399866425
2128,29.086442400785444,10,0.01,-156.04417020838923
2129,-54.59982694220312,0,0.01,-154.96005528136573
2130,-29.199944268070738,3,0.01,-152.07185512639137
2131,11.407413680507613,3,0.01,-152.1427288219886
2132,-143.0037267266448,0,0.01,-154.02723761449607
2133,-692.7329132201628,0,0.01,-158.04024215681054
2134,-118.21400290675967,0,0.01,-159.6106102042601
2135,7.068997018245419,25,0.01,-159.69210203013563
2136,32.62075272267377,21,0.01,-159.59739804276634
2137,18.178236094810575,25,0.01,-159.8483455011494
2138,34.76877208186765,32,0.01,-159.71961826835036
2139,13.757175349430728,7,0.01,-154.05018485181446
2140,-629.3434927550013,0,0.01,-154.71529819973503
2141,24.466260873709377,20,0.01,-151.60384223291894
2142,44.23204397779702,2,0.01,-148.14543404668808
2143,-160.35619839707624,0,0.01,-149.56588876465338
2144,-510.7574509399246,0,0.01,-149.27880879666228
2145,-629.5030494805127,0,0.01,-155.95371044631267
2146,-106.20812600187958,0,0.01,-155.12889733612406
2147,45.695256474817654,0,0.01,-154.71872736922884
2148,11.929873911176994,1,0.01,-151.91974618008126
2149,40.476443647758124,26,0.01,-144.74767858082257
2150,-544.0379886637492,0,0.01,-149.7744523905808
2151,-616.4105423266624,0,0.01,-156.28415420999804
2152,-14.125796069942737,4,0.01,-156.03252849534644
2153,-323.3532623959546,0,0.01,-159.71527797565682
2154,27.131224476371237,2,0.01,-156.54501423012323
2155,-167.151024745206,0,0.01,-156.48194588344293
2156,-10.174951420968227,5,0.01,-155.2056973327249
2157,-33.83962331203952,0,0.01,-154.3389229055396
2158,22.547189207033046,3,0.01,-154.58214413367975
2159,-23.689307980286912,5,0.01,-154.43853467856286
2160,45.88624583939066,9,0.01,-151.11339807130375
2161,4.198134913994156,1,0.01,-151.26957301484433
2162,15.161062330407503,3,0.01,-151.41635027159336
2163,-17.016598940254084,17,0.01,-148.0720437244234
2164,-618.527588779161,0,0.01,-151.3880178089322
2165,-533.115474863081,0,0.01,-156.78679368471782
2166,25.967914057090592,33,0.01,-150.0704813061934
2167,-130.14031477809772,0,0.01,-151.74668118371903
2168,20.28448569001805,21,0.01,-151.63846951768616
2169,-20.723375508965205,2,0.01,-147.8961614402443
2170,44.07406979908374,32,0.01,-147.50839096765904
2171,-556.8113928137651,0,0.01,-149.57527877524274
2172,44.772866286267295,29,0.01,-144.40086089145223
2173,-105.02511155741502,0,0.01,-141.68635653134544
2174,-155.5139023272135,0,0.01,-143.43269150146543
2175,1.5757266025518957,2,0.01,-142.2581047886234
2176,-311.96706804199437,0,0.01,-141.95671532801938
2177,21.925547262689978,2,0.01,-135.2940591753857
2178,-243.9375661444509,0,0.01,-135.48591986384423
2179,41.95261791482332,4,0.01,-135.28205890326106
2180,5.367248471029799,24,0.01,-133.2644362384543
2181,-259.5639657768791,0,0.01,-136.34051166236654
2182,-156.4896165021803,0,0.01,-130.93677689695105
2183,27.95516246888653,4,0.01,-128.34118552838655
2184,-199.13623001060859,0,0.01,-123.46428270624816
2185,-109.8049285546681,0,0.01,-124.65987704012969
2186,-199.75687506196084,0,0.01,-123.8308210451732
2187,8.580722806585062,2,0.01,-124.14465187414906
2188,-259.6030629952613,0,0.01,-123.33476654622068
2189,-266.54490727620885,0,0.01,-124.50452680924003
2190,46.464673466420855,25,0.01,-124.16498433431187
2191,-400.4442164571726,0,0.01,-127.97838093849482
2192,-20.050199877182763,1,0.01,-128.53337769592042
2193,25.37936915167063,2,0.01,-128.75244260169393
2194,-319.7045603265882,0,0.01,-132.18706274469594
2195,3.255545554599177,27,0.01,-131.70707005576503
2196,46.951996821216696,3,0.01,-124.58501301064177
2197,-552.5264623106307,0,0.01,-128.38423242401092
2198,-132.44800775286095,0,0.01,-129.75733727967256
2199,-605.6526153404897,0,0.01,-136.2374968550614
2200,-495.5904048592891,0,0.01,-141.2123734572226
2201,33.90835384199685,5,0.01,-141.3421016301305
2202,-38.59736481012607,19,0.01,-141.47940445931127
2203,9.350421652490743,30,0.01,-141.75659006077817
2204,9.17079789883514,6,0.01,-137.3817724278908
2205,-588.3649566148014,0,0.01,-143.08830064376602
2206,-419.17058016492695,0,0.01,-146.89702321071636
2207,35.722422100649815,11,0.01,-143.1625755802221
2208,-25.34134737299064,11,0.01,-143.56041253893085
2209,46.84380499196318,32,0.01,-143.52490205585727
2210,-489.8187392344687,0,0.01,-145.81201225784892
2211,47.65176010998196,2,0.01,-145.57601364562535
2212,-185.217479264144,0,0.01,-141.9321377231655
2213,47.78639820886232,10,0.01,-141.48968666378823
2214,29.79023800422387,8,0.01,-138.70617025332342
2215,2.790876719619522,23,0.01,-136.76042321982135
2216,23.55171668127009,18,0.01,-136.75221761606682
2217,-31.045767298147553,31,0.01,-137.24503619632935
2218,-31.990272708726707,34,0.01,-138.0411622772615
2219,23.920998010024363,20,0.01,-135.31720749595573
2220,38.71934459484208,24,0.01,-135.33378335161038
2221,43.232010676178504,4,0.01,-135.0589864867625
2222,-21.20559139296131,0,0.01,-135.54877559872517
2223,-208.15137379857885,0,0.01,-131.57463238263173
2224,-494.44214182566225,0,0.01,-130.2584419070632
2225,2.8577475400081873,4,0.01,-130.50849125559753
2226,-602.809713773764,0,0.01,-133.75434452287368
2227,-270.4071609333931,0,0.01,-136.94941802217457
2228,-588.8670920446477,0,0.01,-143.1289533666289
2229,8.27459155954457,12,0.01,-142.50020918161144
2230,-116.1476651889875,0,0.01,-143.36968639082062
2231,-456.3409416419637,0,0.01,-148.04716994404532
2232,22.943270702491123,1,0.01,-146.38769996975395
2233,21.451891795711248,14,0.01,-139.2458519195952
2234,-430.5057876642141,0,0.01,-142.36876976716974
2235,-544.3509062621267,0,0.01,-147.88296879997347
2236,-227.44933339107797,0,0.01,-150.483669661111
2237,-115.21638270460866,0,0.01,-151.81761584910518
2238,-422.64241059504064,0,0.01,-156.39172767587425
2239,19.87209258938126,27,0.01,-156.33057850347478
2240,-61.08737467587582,0,0.01,-150.6480173226835
2241,-70.92630266412888,0,0.01,-151.60194295806187
2242,-104.98663735320031,0,0.01,-153.09412977137185
2243,21.5561696892541,31,0.01,-151.27500609050855
2244,21.89432292110289,31,0.01,-145.94848835189828
2245,-232.45268567761985,0,0.01,-141.97798471386935
2246,25.58888666866857,3,0.01,-140.66001458716383
2247,10.048993720976402,4,0.01,-141.01647721470226
2248,-370.8586579251092,0,0.01,-144.84436253306515
2249,-319.59615779289874,0,0.01,-148.44508854747173
2250,42.28720739990893,25,0.01,-142.58183658683512
2251,15.402679152017221,34,0.01,-136.26370437204835
2252,-202.20771162066285,0,0.01,-138.14452352755555
2253,-646.3741388139363,0,0.01,-141.37473229173537
2254,-75.59857508946627,0,0.01,-142.40203028739376
2255,20.280594354172408,4,0.01,-140.5277140964
2256,-47.746951897419564,33,0.01,-140.90343410116446
2257,-395.1675338245291,0,0.01,-144.51671320628938
2258,1.4771529298477173,33,0.01,-144.72741356906124
2259,-277.40559940062633,0,0.01,-147.26457648326462
2260,-287.63756879246966,0,0.01,-150.59981462958325
2261,-283.1969032304961,0,0.01,-153.47376501102815
2262,-699.3338024995612,0,0.01,-160.61871365932782
2263,-169.38136109555134,0,0.01,-162.1423612808808
2264,-610.2021346866743,0,0.01,-162.05910673995595
2265,13.843908853354343,22,0.01,-156.58951290279157
2266,-513.4904279465677,0,0.01,-161.98409632282815
2267,-217.94276523001201,0,0.01,-162.86212082734733
2268,25.292212835481738,27,0.01,-162.81204355589267
2269,-157.52892685523503,0,0.01,-164.18009906935535
2270,-548.647770080194,0,0.01,-170.10731746814815
2271,35.53349534842934,2,0.01,-164.1838685865262
2272,-281.9793212566501,0,0.01,-167.45139046195536
2273,43.75854131942829,17,0.01,-165.96355393318692
2274,-256.1407785152017,0,0.01,-166.9698226950668
2275,-62.812325382106366,0,0.01,-167.61370321491341
2276,-630.8333135969394,0,0.01,-170.80236567046282
2277,4.634305594240615,1,0.01,-170.97527808714733
2278,-48.95986518466199,0,0.01,-169.02550107754942
2279,-154.37239906825033,0,0.01,-170.98875124738018
2280,-157.36176915109354,0,0.01,-172.61604142360136
2281,45.712307723088294,33,0.01,-169.56327868860168
2282,-261.60091033832583,0,0.01,-170.61439162696314
2283,-175.36156902208165,0,0.01,-172.6475589418729
2284,-623.9714981144081,0,0.01,-176.89591162291086
2285,3.0421890963831224,2,0.01,-175.76744044640037
2286,-248.91256770464656,0,0.01,-176.25899737282725
2287,31.514039011057243,5,0.01,-176.0296642107825
2288,26.4118644840701,2,0.01,-173.16951493598918
2289,46.707489156056255,3,0.01,-170.03699097166654
2290,49.40956354189297,10,0.01,-170.00754207091185
2291,-590.2355653858484,0,0.01,-171.90545556019853
2292,-227.38803735836996,0,0.01,-173.97883393501044
2293,-210.23715258566205,0,0.01,-176.33499915238374
2294,9.300301682024388,1,0.01,-173.04495053229763
2295,23.71340802305155,21,0.01,-172.8403719076131
2296,38.87023224157718,4,0.01,-172.9211895534095
2297,-39.35691210131404,34,0.01,-167.78949405131635
2298,-108.10791352317335,0,0.01,-167.5460931090195
2299,6.92964271492394,5,0.01,-161.42027052846532
2300,39.38658474642919,1,0.01,-156.07050063240814
2301,-198.41171788956464,0,0.01,-158.39370134972378
2302,16.796009996719427,2,0.01,-157.83976760165532
2303,42.52014184105549,22,0.01,-157.50807039976965
2304,-138.22869733961647,0,0.01,-158.9820653521542
2305,-599.933631943447,0,0.01,-159.09775210544066
2306,40.08936327034327,27,0.01,-154.50515267108796
2307,-293.954428498535,0,0.01,-157.80192117707978
2308,-443.24389358394455,0,0.01,-161.9809466391893
2309,39.58577652969685,18,0.01,-162.053526923812
2310,33.57909908140712,26,0.01,-156.81954854065322
2311,35.60388847130118,1,0.01,-156.94002725704004
2312,-275.32356434044686,0,0.01,-157.84108810780305
2313,-297.8435445482957,0,0.01,-161.29738753537464
2314,-187.5669702178296,0,0.01,-163.47095961759518
2315,-239.4549926481804,0,0.01,-165.8934183112732
2316,-655.7242146279136,0,0.01,-172.686177624365
2317,5.111506675837879,13,0.01,-172.32460488462516
2318,14.412494481432615,9,0.01,-171.86057721272357
2319,-179.7491914549753,0,0.01,-173.89727910737355
2320,21.196023535235817,4,0.01,-174.07251231796965
2321,32.29991561600232,5,0.01,-174.18183326857138
2322,-20.326237045152652,30,0.01,-174.1730397250933
2323,-273.45482526591917,0,0.01,-174.82607423976668
2324,20.58427296706231,2,0.01,-169.67581009183945
2325,-563.3842260275648,0,0.01,-175.33822982751516
2326,18.828096811374245,2,0.01,-169.12185172166377
2327,11.955427244762143,31,0.01,-166.29822583988226
2328,-388.6662606857708,0,0.01,-164.29621752629347
2329,-289.306235016894,0,0.01,-167.2720257920579
2330,-593.4054163491256,0,0.01,-172.04460330365927
2331,-219.7188661665652,0,0.01,-169.6783825489053
2332,-646.7884374556925,0,0.01,-176.3756996304871
2333,40.796173340742705,31,0.01,-176.1822568150368
2334,27.501820060251873,15,0.01,-171.6021807377921
2335,-252.71033957924465,0,0.01,-168.68577507096327
2336,-449.0173546259051,0,0.01,-170.90145528331155
2337,-287.8460506485388,0,0.01,-172.6277519627509
2338,-610.3622463573228,0,0.01,-174.50495032037372
2339,-405.3463008436423,0,0.01,-178.7571342547039
2340,-498.96649422180514,0,0.01,-183.1359254501632
2341,-375.7555565343585,0,0.01,-186.1842179888655
2342,-608.0160291431536,0,0.01,-191.21451190676504
2343,37.99541358267027,16,0.01,-191.05011946783085
2344,-16.221684653675993,17,0.01,-191.43127954357863
2345,43.583939787958684,1,0.01,-188.67091328892292
2346,-26.210134227908327,9,0.01,-189.18890349788867
2347,-542.9579285510272,0,0.01,-194.71897272060872
2348,-195.69949553429763,0,0.01,-192.9673810967006
2349,40.41950246793409,28,0.01,-189.36722449409223
2350,18.388272438271258,18,0.01,-189.60621384370862
2351,5.2110842529501955,21,0.01,-189.70812979269928
2352,23.95077498158959,31,0.01,-187.4465449266768
2353,-391.24693822443555,0,0.01,-184.89527292078176
2354,-595.7769604244996,0,0.01,-190.0970567741321
2355,31.68763324880268,4,0.01,-189.9829863851858
2356,-293.7641070038397,0,0.01,-192.44315793625003
2357,9.86605400336623,2,0.01,-188.39282205797107
2358,-40.91836620489585,20,0.01,-188.8167772493185
2359,48.600297225824775,13,0.01,-185.556718283054
2360,5.794048951505654,1,0.01,-182.62240210561424
2361,23.09623976572278,20,0.01,-179.55947067565202
2362,23.263674897027343,0,0.01,-172.33349590168612
2363,-246.28154586762255,0,0.01,-173.10249774940684
2364,-372.952107795444,0,0.01,-170.72999748049457
2365,-280.05835968304024,0,0.01,-173.66902016585848
2366,-387.98013396197905,0,0.01,-172.41391722601267
2367,-592.5397708922156,0,0.01,-176.1598872826347
2368,-473.7608167089842,0,0.01,-181.15041757807936
2369,15.958321621906045,4,0.01,-179.41554509330797
2370,-31.521645343595367,13,0.01,-174.24428384594196
2371,-470.1528791717101,0,0.01,-179.30114759114335
2372,-271.93514051466536,0,0.01,-179.20070578372346
2373,-215.5905432062939,0,0.01,-181.79419662898073
2374,-203.17472864489827,0,0.01,-181.26453613027766
2375,-214.92523988398267,0,0.01,-182.78566527529642
2376,-610.1681692415644,0,0.01,-182.57901383174266
2377,11.170083821627573,12,0.01,-182.5136560494688
2378,47.69769792765378,23,0.01,-181.54708041834562
2379,16.62288647407801,13,0.01,-179.83712756292235
2380,-257.73126222870025,0,0.01,-180.8408224936984
2381,-628.5938966470115,0,0.01,-187.58388453739943
2382,-192.4231755824424,0,0.01,-186.8921071898406
2383,21.5169077410377,25,0.01,-184.9233224222094
2384,21.933534353793,38,0.01,-178.46427209752738
2385,9.234597942853272,5,0.01,-178.4023480090627
2386,22.590608611015817,19,0.01,-175.6873162459061
2387,-257.3266354326439,0,0.01,-178.57572299034308
2388,-402.1963497091287,0,0.01,-182.86180513227504
2389,27.292762085381458,1,0.01,-183.05595240298177
2390,8.494345144435975,1,0.01,-183.46510458695641
2391,-257.91417572597453,0,0.01,-180.14189069035766
2392,-513.7408133750134,0,0.01,-183.00541845052413
2393,-510.61080788301706,0,0.01,-186.00915500349765
2394,42.508318469353114,4,0.01,-185.67707483562432
2395,39.7131671433891,34,0.01,-185.51707724442093
2396,-385.721171468354,0,0.01,-189.7629912815203
2397,-27.689123261981365,4,0.01,-189.64631339312695
2398,-274.93932213924495,0,0.01,-191.3146274792877
2399,-610.0750794783853,0,0.01,-197.4846747012208
2400,12.505334697137267,24,0.01,-197.75348720171368
2401,-108.96088769111282,0,0.01,-196.85897889972918
2402,-655.6245245305046,0,0.01,-203.5831842450014
2403,30.227601768764337,27,0.01,-203.70610964572433
2404,-643.8558998754651,0,0.01,-208.76238167108272
2405,19.89100034426167,24,0.01,-202.5641353482057
2406,-25.854573539905687,32,0.01,-203.22357471630818
2407,-19.286940781884937,0,0.01,-200.4768998391417
2408,32.325311103398334,6,0.01,-195.72120779226825
2409,36.35005573950847,1,0.01,-195.75356500017014
2410,-634.6503403512429,0,0.01,-202.43585939449662
2411,-276.98852774230147,0,0.01,-205.56178355663266
2412,-234.59408527443952,0,0.01,-205.1544887659726
2413,-491.4305592615919,0,0.01,-207.09035891310555
2414,19.360182255144853,3,0.01,-205.02108738837578
2415,-630.4163045111914,0,0.01,-208.9307005070059
2416,-327.13647240153716,0,0.01,-205.64482308474214
2417,24.825907498451915,26,0.01,-205.447679076516
2418,-376.8427807495277,0,0.01,-209.3602318288256
2419,26.10190148841845,30,0.01,-207.30172089939165
2420,6.878813837499511,2,0.01,-207.44489299636905
2421,-580.5554125603438,0,0.01,-213.57344627813254
2422,-236.38406935576262,0,0.01,-215.7340246012386
2423,-272.66396278351004,0,0.01,-215.72611597641452
2424,21.55071512749146,27,0.01,-215.71645155481028
2425,-38.316910888123914,27,0.01,-210.46577840341578
2426,-147.28277828165994,0,0.01,-212.12688715434618
2427,-176.56976805987983,0,0.01,-214.01213910739258
2428,29.937015795956192,0,0.01,-209.8261063425753
2429,-488.81140268554606,0,0.01,-211.82115801926182
2430,-693.8926045959216,0,0.01,-212.8260299017298
2431,-160.47768203393787,0,0.01,-212.23361806040356
2432,47.61941448429205,12,0.01,-205.28953954100373
2433,38.09502977456016,9,0.01,-205.31655097666555
2434,29.813864627847742,25,0.01,-205.29343053098958
2435,-36.20830718776756,5,0.01,-203.1284102070748
2436,-139.124598845435,0,0.01,-200.0294826492701
2437,28.601381967745088,5,0.01,-196.86500832310722
2438,21.614840472622,8,0.01,-190.54523745480776
2439,32.90023559468053,11,0.01,-186.16277209042454
2440,-525.1558051184687,0,0.01,-186.4246651993912
2441,-160.37481765251601,0,0.01,-184.27085781057278
2442,17.94050766971605,5,0.01,-178.0112924424441
2443,-609.3368061186741,0,0.01,-184.4846146394575
2444,4.4291664706260425,14,0.01,-184.2781061282145
2445,20.74678687708698,40,0.01,-184.50647765732327
2446,-283.9012026399246,0,0.01,-187.0833883414434
2447,-40.96956071849968,38,0.01,-182.06350466311807
2448,-584.9533918460485,0,0.01,-185.95604362623558
2449,45.36585705468544,33,0.01,-185.90658008036803
2450,-115.03831363512143,0,0.01,-187.240845941102
2451,-397.5967727127804,0,0.01,-191.26892451075932
2452,-193.97266040637322,0,0.01,-193.44815886463897
2453,46.967832633389726,2,0.01,-189.0660111560607
2454,-562.6956588298203,0,0.01,-188.7351981401139
2455,27.652326527865764,6,0.01,-188.77555120732325
2456,46.89693070638351,2,0.01,-185.36894083022105
2457,14.451188079638516,27,0.01,-185.32308948945828
2458,38.55100219059873,5,0.01,-184.52839580550335
2459,26.007522006826928,29,0.01,-184.75432355769334
2460,45.83714460319248,26,0.01,-184.35389260117648
2461,-603.2190305220926,0,0.01,-190.61704530405467
2462,-369.0661767031643,0,0.01,-194.54034382005656
2463,12.66917192962361,27,0.01,-191.9508366420841
2464,-11.604866975722302,0,0.01,-188.3373642338869
2465,44.26632523740964,31,0.01,-185.09411738468233
2466,-309.0700379048357,0,0.01,-184.3050164241109
2467,20.99624626292272,27,0.01,-178.16965625255955
2468,-698.69803428184,0,0.01,-180.4190284282881
2469,-134.2709049371192,0,0.01,-181.92132069387836
2470,-645.2754321664623,0,0.01,-188.05885856210702
2471,36.48637391656259,39,0.01,-182.99246603122432
2472,-287.60301963860803,0,0.01,-183.14914482246374
2473,-412.22137624562123,0,0.01,-185.11545315285701
2474,-687.6541008788174,0,0.01,-189.96024687519622
2475,46.385093828703006,18,0.01,-187.34714353806936
2476,-275.58876763811395,0,0.01,-184.00134952203484
2477,32.90847100005257,32,0.01,-183.78396565025062
2478,1.8258783624978094,2,0.01,-184.24268384590215
2479,-659.3909592991016,0,0.01,-191.0028223036339
2480,-638.79019891427,0,0.01,-194.81341167048961
2481,-181.97945837794555,0,0.01,-190.34726728779893
2482,-680.4762111234501,0,0.01,-195.22779764320904
2483,-195.0603762036995,0,0.01,-197.3935704826564
2484,-166.6904602330926,0,0.01,-199.27981042852528
2485,28.694804876912393,5,0.01,-199.0852083591847
2486,-354.0294988373966,0,0.01,-202.85140943366886
2487,-191.24146323998804,0,0.01,-202.1905577117423
2488,-290.9296506741613,0,0.01,-201.0778907213926
2489,-37.520228894411275,36,0.01,-201.72602063119055
2490,-243.3921110291167,0,0.01,-204.2448851929261
2491,-101.67604521200036,0,0.01,-202.68250388778634
2492,-202.40978671391866,0,0.01,-199.56919362117532
2493,34.82639086724697,3,0.01,-194.1148216336727
2494,-591.8100414127173,0,0.01,-200.45800523249346
2495,31.62296170547569,3,0.01,-200.5389072868726
2496,-279.4997913534067,0,0.01,-199.4766934857231
2497,-465.8798329926392,0,0.01,-203.85860058302967
2498,4.0287859722504,20,0.01,-201.0689195019147
2499,-294.3676260012712,0,0.01,-197.91184496714357
2500,20.082057644846675,4,0.01,-197.8360777376665
2501,10.563090296907104,27,0.01,-196.6408379577863
2502,44.12418593207557,31,0.01,-189.64335085316048
2503,-189.5427471212567,0,0.01,-191.84105434206066
2504,-217.23609116993265,0,0.01,-187.57485625500536
2505,23.501957831565473,2,0.01,-187.5387466801323
2506,-506.4605418222812,0,0.01,-192.3448063629561
2507,-204.28542268949866,0,0.01,-194.19479118203225
2508,31.720200161154427,32,0.01,-194.20084229145465
2509,47.56573332172611,39,0.01,-194.08868551563245
2510,-565.5352421439644,0,0.01,-193.39753453355968
2511,-412.4433803480193,0,0.01,-194.75208305961687
2512,-164.94485730173858,0,0.01,-194.05559077988985
2513,21.661087540416002,3,0.01,-188.9246743118698
2514,-621.5698554600655,0,0.01,-195.33397468902191
2515,41.23731713756494,22,0.01,-188.61743847253433
2516,-97.48437627355932,0,0.01,-186.32091751125452
2517,-290.5491104322994,0,0.01,-189.47466769056206
2518,-111.14950407996355,0,0.01,-186.8177349238664
2519,-388.25037375286144,0,0.01,-190.96125767627925
2520,-39.267523486166965,9,0.01,-191.4227210495159
2521,-156.99841836542112,0,0.01,-187.18715110756665
2522,-364.93204362110674,0,0.01,-188.47263085022004
2523,-28.927971299695116,26,0.01,-186.03527093538187
2524,-129.83570844543817,0,0.01,-187.54913517111115
2525,-185.08772269766166,0,0.01,-189.01684328920655
2526,31.52799006112298,4,0.01,-187.22873560577875
2527,-358.88017249088506,0,0.01,-189.05183965008877
2528,-385.80580303853185,0,0.01,-193.2092678384337
2529,-201.78119086904354,0,0.01,-190.33896572026865
2530,-137.11295699705119,0,0.01,-184.77116924427995
2531,-461.46918388984403,0,0.01,-187.78108426283904
2532,-76.33226315257843,0,0.01,-189.02060103920772
2533,46.108137591467134,3,0.01,-188.94046996103864
2534,-269.36882916125995,0,0.01,-191.93229689892974
2535,49.36890869684297,23,0.01,-191.0765247400836
2536,-208.9695905623965,0,0.01,-191.77497465725327
2537,11.223950614554434,2,0.01,-191.94874897078512
2538,-45.93058562613368,0,0.01,-192.6242032317727
2539,19.188079477792925,35,0.01,-192.76132479294156
2540,-10.288520169707965,5,0.01,-187.61265194345395
2541,-169.69907154910152,0,0.01,-187.70589448241984
2542,-630.5415885988194,0,0.01,-194.19071544510516
2543,-329.4007149317562,0,0.01,-191.39135453323598
2544,35.541055286614714,41,0.01,-191.0802356450761
2545,-274.10300467884974,0,0.01,-194.0287335606355
2546,24.63211856922552,4,0.01,-190.94340034854397
2547,32.45817405050765,5,0.01,-190.20912300085394
2548,13.20820488687221,1,0.01,-184.22750703352474
2549,-285.6858896972818,0,0.01,-187.5380245010444
2550,-101.59897991855314,0,0.01,-187.40363116387869
2551,-193.52561307176694,0,0.01,-185.3629195674686
2552,25.325245097850974,35,0.01,-183.16994051242634
2553,-39.88317462513578,10,0.01,-184.0384505850116
2554,-352.09048936313616,0,0.01,-181.93239889034479
2555,-146.12590897516833,0,0.01,-183.67018124537515
2556,-170.9091994831458,0,0.01,-185.8482425472704
2557,-313.42241738211754,0,0.01,-189.12697860188797
2558,49.58193267698591,3,0.01,-189.0166692970241
2559,-28.85002711116732,18,0.01,-189.565244788204
2560,-392.1982941380309,0,0.01,-193.94559917561622
2561,-217.84379638098767,0,0.01,-190.0918468342052
2562,32.274999179958286,2,0.01,-186.07843507537396
2563,-31.417050713267997,20,0.01,-186.5192973018029
2564,34.22841425392486,2,0.01,-186.0609644895065
2565,4.592376417873508,1,0.01,-186.4577039777018
2566,-161.88107932246112,0,0.01,-184.98581439187808
2567,-386.3244573632226,0,0.01,-189.0590214281395
2568,-171.62819351225335,0,0.01,-183.78832302044364
2569,-12.517392889307644,5,0.01,-182.5707878999655
2570,-219.6603224899377,0,0.01,-178.31463680320027
2571,-139.01915466878847,0,0.01,-180.06969208905377
2572,13.702009258431842,4,0.01,-177.05664180008338
2573,-48.74713551754064,30,0.01,-173.4218993928026
2574,-18.73345253209021,0,0.01,-166.73269290933536
2575,-487.2910949303938,0,0.01,-172.0694547969263
2576,-165.61880849169262,0,0.01,-170.9697552054621
2577,-479.1801609116194,0,0.01,-176.0906415245788
2578,44.88703860815431,20,0.01,-175.66002992212228
2579,-97.71234772757006,0,0.01,-170.0432438064069
2580,-205.4528329829929,0,0.01,-165.70987014709416
2581,43.51420889668156,1,0.01,-163.45493347434785
2582,-438.5187126195499,0,0.01,-161.03535848930886
2583,41.26497873011479,13,0.01,-158.67210493997072
2584,29.293311825985057,2,0.01,-156.71226721937995
2585,-24.412149403145918,21,0.01,-157.24333676218055
2586,42.648897724399994,1,0.01,-153.27655279656256
2587,-438.2023214462408,0,0.01,-155.74616137862506
2588,-654.6694456838646,0,0.01,-159.3835593287221
2589,-437.6478857039437,0,0.01,-163.38483589681744
2590,-114.02903429560135,0,0.01,-162.0912051294823
2591,41.45553321146991,35,0.01,-160.65988934524756
2592,-559.987630307205,0,0.01,-164.2356677811804
2593,-142.0600465595774,0,0.01,-166.0045321554487
2594,-113.93867970857858,0,0.01,-161.2258185384073
2595,41.851472950868455,3,0.01,-161.12353342595338
2596,-558.5752852852959,0,0.01,-163.91428836527228
2597,-548.580770310012,0,0.01,-164.741297738446
2598,45.37018501657416,1,0.01,-164.32788374800276
2599,-299.4350802286981,0,0.01,-164.37855829027703
2600,6.855100506509999,3,0.01,-164.5108278616604
2601,-250.25640321455688,0,0.01,-167.11902279677503
2602,-672.9418478971423,0,0.01,-174.2896831350672
2603,27.290598456170788,0,0.01,-172.12134967929293
2604,10.32099394707538,8,0.01,-169.84577882812286
2605,40.6115719625365,18,0.01,-169.67468268681313
2606,-602.9607744677869,0,0.01,-170.63968501326818
2607,10.07035503429994,20,0.01,-168.49612723603022
2608,17.56820032006361,1,0.01,-168.63764723444115
2609,-204.96583149810863,0,0.01,-171.16296288263948
2610,29.123506422608653,29,0.01,-165.21637539697372
2611,-647.0671029195273,0,0.01,-167.56261262268882
2612,45.58037111953416,5,0.01,-165.4573603384761
2613,-292.79015702786455,0,0.01,-168.6018727841589
2614,24.540709824417114,2,0.01,-162.14076713131405
2615,5.67459496540874,16,0.01,-162.49639435303564
2616,-15.717200157771288,12,0.01,-161.67872259187774
2617,26.085741915877342,23,0.01,-158.51237406839599
2618,14.129827880436606,4,0.01,-157.259580748792
2619,22.808540188494742,37,0.01,-153.1489916093784
2620,-562.2049794271671,0,0.01,-158.37836616878843
2621,45.00804987835048,35,0.01,-156.3583014863507
2622,-237.33380726311816,0,0.01,-155.08231912277085
2623,-152.19993045556828,0,0.01,-156.31503871432957
2624,1.9631491417175422,7,0.01,-154.997050138458
2625,-235.86522958822346,0,0.01,-155.50482520736364
2626,-224.24017942085737,0,0.01,-158.06250690218346
2627,-549.837656778378,0,0.01,-159.97208174505838
2628,11.569619780400469,3,0.01,-155.99832751686904
2629,-444.03514898552487,0,0.01,-158.42086709803385
2630,45.369083825493696,1,0.01,-156.59604668980842
2631,-358.21011708372555,0,0.01,-155.56345602174719
2632,44.22793797316624,36,0.01,-154.35785401048977
2633,9.02020715241147,1,0.01,-154.72873331488032
2634,-150.3643648783285,0,0.01,-153.53868867205102
2635,-585.3812329426785,0,0.01,-159.88619008844623
2636,-322.7153947640793,0,0.01,-161.02364813046307
2637,39.88227209029397,7,0.01,-160.73706491570564
2638,-367.49075512960684,0,0.01,-163.95266661074038
2639,28.56376361988822,1,0.01,-163.85890976931944
2640,-684.4008120063072,0,0.01,-170.60003268768543
2641,-205.86574461712974,0,0.01,-170.96169941836573
2642,-463.6731720620363,0,0.01,-169.2930152529979
2643,37.19874058157359,1,0.01,-165.62702069786454
2644,-286.02583205819127,0,0.01,-168.84268957131263
2645,-13.108872637148465,14,0.01,-166.2327482508956
2646,23.61933722535045,0,0.01,-166.24287606433435
2647,-166.20955677987456,0,0.01,-168.22955337263818
2648,-165.98077764250297,0,0.01,-170.02144319793194
2649,14.652894907697453,4,0.01,-167.01805535188217
2650,-180.23725184901826,0,0.01,-167.8044380711868
2651,-281.4386977085669,0,0.01,-168.68356891755485
2652,41.00878437788732,0,0.01,-168.52673352475446
2653,-616.9378682637467,0,0.01,-174.2972804611406
2654,19.304667294726496,2,0.01,-170.58332889456193
2655,5.6588259176301845,2,0.01,-169.06548154563393
2656,7.6309075978513405,21,0.01,-167.28008047482396
2657,-663.2414521230077,0,0.01,-170.77827082223288
2658,-309.3743346734284,0,0.01,-174.36783349573705
2659,-668.734700537414,0,0.01,-180.76668022999954
2660,-661.7621337863471,0,0.01,-183.46231862648267
2661,-192.33005483405603,0,0.01,-183.20718121101334
2662,23.56066177761184,43,0.01,-183.29432458503678
2663,12.42399841257414,4,0.01,-182.85591409377838
2664,36.813857609020324,13,0.01,-182.83005966022742
2665,-49.623660388539236,17,0.01,-183.37222002829157
2666,-688.9976709724251,0,0.01,-188.6433859447912
2667,-576.4950608669025,0,0.01,-190.545091979828
2668,49.99094207563732,1,0.01,-188.3289006239491
2669,24.926138359397363,4,0.01,-187.954465311462
2670,-63.03152726189734,0,0.01,-186.3881773591816
2671,46.594441557432006,14,0.01,-184.53204139691942
2672,-128.41345266988128,0,0.01,-185.95319601620255
2673,-161.3681289211487,0,0.01,-187.07940595023862
2674,13.343457795691263,24,0.01,-186.75863684696083
2675,42.79040226511046,6,0.01,-181.45782187500575
2676,-477.42834774263497,0,0.01,-184.57591726751522
2677,-489.5113536287726,0,0.01,-184.67922919468674
2678,15.999099454675813,30,0.01,-184.96810858622155
2679,18.402300351356324,3,0.01,-183.8069621054323
2680,-548.0563576349123,0,0.01,-187.2329973519514
2681,-239.4230264817707,0,0.01,-190.06236970573593
2682,-26.124044391140103,1,0.01,-185.93842302345186
2683,37.79111475974088,1,0.01,-185.97316166315562
2684,-299.4516681611573,0,0.01,-189.260611463027
2685,-26.647872176840224,18,0.01,-189.28296869076397
2686,-40.68858231284173,34,0.01,-190.1163434911364
2687,36.65420751935353,31,0.01,-185.36777820148043
2688,-39.06187934004885,27,0.01,-179.2117025380423
2689,-567.382080076477,0,0.01,-180.50904448176763
2690,-121.23861390471686,0,0.01,-180.58114027785876
2691,-212.43476003069208,0,0.01,-183.1200432102804
2692,-126.98162079215001,0,0.01,-178.78998311512984
2693,25.34628341783439,3,0.01,-177.1159198153557
2694,-593.9351269441411,0,0.01,-181.91588428771135
2695,-13.161316631675334,7,0.01,-182.46601218353672
2696,-382.0532738422869,0,0.01,-180.70079206910665
2697,8.511938175229599,2,0.01,-175.12986498425423
2698,40.76169705746486,16,0.01,-175.17594986384537
2699,10.680513190617143,1,0.01,-172.07479392965217
2700,-661.3916136093217,0,0.01,-178.75726107081053
2701,-111.35651096300717,0,0.01,-177.368262148295
2702,29.886180764460935,30,0.01,-170.339981861679
2703,8.83176914284142,2,0.01,-170.5245701548123
2704,31.62799582525586,37,0.01,-170.31150013603047
2705,-527.510758522372,0,0.01,-175.99272344087953
2706,37.72208158659125,30,0.01,-169.58589488033576
2707,6.63749405341923,2,0.01,-169.6202234901446
2708,-125.73440426665442,0,0.01,-171.05324953601178
2709,-511.05804643930344,0,0.01,-174.1141716854237
2710,-581.8234794857664,0,0.01,-180.22364154450747
2711,-500.9411711727902,0,0.01,-178.76238222704012
2712,9.923747545476363,37,0.01,-179.1189484627807
2713,1.05707151297741,7,0.01,-176.18047617737233
2714,3.459446025766765,22,0.01,-176.3912888153588
2715,21.303925779812726,11,0.01,-176.23499550721476
2716,29.091512337812848,0,0.01,-175.78690838225887
2717,-210.2087605702974,0,0.01,-178.14985340712064
2718,-261.8605966091248,0,0.01,-180.90975765201622
2719,-347.74094291591047,0,0.01,-184.6152524830603
2720,-351.03594984451115,0,0.01,-182.50356218723374
2721,-254.3263466530663,0,0.01,-185.4969061525479
2722,-260.0792482440936,0,0.01,-185.72436056235762
2723,27.16269528637952,13,0.01,-183.93073430493817
2724,-555.449455769965,0,0.01,-189.50486035405498
2725,-455.6521146501594,0,0.01,-191.7027292046743
2726,-259.20697405446197,0,0.01,-192.05239715101038
2727,-251.81685069797828,0,0.01,-189.07218909020642
2728,11.822306026202464,9,0.01,-189.06966222774838
2729,-699.1635126190404,0,0.01,-191.62094586408358
2730,19.192524486371614,9,0.01,-191.88271145747478
2731,-291.3298155290692,0,0.01,-191.21390844192823
2732,6.176863794698229,32,0.01,-191.59441918371292
2733,-574.6631043041212,0,0.01,-197.4312522982782
2734,-404.94836492399014,0,0.01,-199.97709229873482
2735,-687.1855951021413,0,0.01,-200.99513592032946
2736,49.984033378357765,3,0.01,-197.26814163890512
2737,28.462717089666537,42,0.01,-197.38233718891138
2738,18.674910752171165,25,0.01,-193.52068053009359
2739,-192.83693152319432,0,0.01,-195.7346874815244
2740,15.218811486425956,20,0.01,-188.73849124659708
2741,31.819279096746815,26,0.01,-186.36164100945828
2742,-315.3715984675692,0,0.01,-184.87862527351365
2743,35.792098192748085,14,0.01,-184.8926916974019
2744,-154.828511916955,0,0.01,-183.58071849598954
2745,34.67831047140409,32,0.01,-183.10284666490404
2746,48.24942594375928,46,0.01,-182.8565457777199
2747,-153.3507939649918,0,0.01,-182.72795814957112
2748,-541.8637813501417,0,0.01,-186.4867881866475
2749,35.07077225447632,27,0.01,-186.28260941317976
2750,17.425416360504876,5,0.01,-184.30598273108447
2751,-420.6101170663401,0,0.01,-185.69769692466218
2752,49.29558564429988,4,0.01,-185.61482891199807
2753,16.248759101781808,28,0.01,-179.2829626383428
2754,-446.75708281068364,0,0.01,-183.94358013939683
2755,-661.9936963270512,0,0.01,-190.6201053618437
2756,19.362473761525745,1,0.01,-190.50278970020696
2757,41.74646508028807,8,0.01,-183.45291052817404
2758,42.22707575736466,19,0.01,-179.9368964238661
2759,-635.9111417441537,0,0.01,-179.60866083593348
2760,-536.807271893638,0,0.01,-178.35911221700636
2761,1.3101079533570448,6,0.01,-176.42271058913227
2762,-381.67186406990976,0,0.01,-180.47503584760747
2763,-143.31922009715095,0,0.01,-182.0324680327047
2764,-48.64624304514433,26,0.01,-182.88706903924634
2765,-238.2400958445342,0,0.01,-184.77323339380632
2766,45.78530333380177,2,0.01,-177.42540365074402
2767,35.27188770472946,48,0.01,-171.30773416502768
2768,49.632589527548916,3,0.01,-171.31131769050862
2769,-272.2496998640843,0,0.01,-174.28307607274343
2770,-29.565764704020296,5,0.01,-173.94841844716467
2771,1.8464445082103864,2,0.01,-174.3958984176569
2772,24.172175547754243,46,0.01,-172.8700421354805
2773,29.265690310923453,2,0.01,-170.96370394315977
2774,35.766057365905496,2,0.01,-170.73947794745763
2775,-300.16015217616405,0,0.01,-174.1689834918704
2776,2.8329741198650313,10,0.01,-169.36637027324537
2777,-557.7403215127011,0,0.01,-170.0486599520847
2778,-513.2554337606443,0,0.01,-175.3412052842379
2779,-613.4562375721763,0,0.01,-181.6597906634732
2780,-419.13891035400854,0,0.01,-180.37061619066418
2781,2.8122611739899894,21,0.01,-177.94826331410658
2782,40.39688051588762,47,0.01,-177.28305406503625
2783,-476.54800722436835,0,0.01,-182.42644528487742
2784,36.27635292374718,4,0.01,-179.06916507402838
2785,5.297083096794184,2,0.01,-178.74971552129202
2786,38.54639541505471,43,0.01,-177.95736574401303
2787,35.681602413675165,46,0.01,-177.96709179506982
2788,39.88141157339053,16,0.01,-177.17765888593541
2789,-517.7416050851672,0,0.01,-176.6812541360223
2790,28.55075611442736,4,0.01,-175.18336043583088
2791,40.88701367249982,3,0.01,-172.650142698799
2792,-553.1148659895695,0,0.01,-176.91147515077319
2793,-201.17901477017625,0,0.01,-179.17672813265327
2794,-296.6809827849096,0,0.01,-176.20418669106095
2795,37.381489633374585,38,0.01,-175.69875862841045
2796,-627.0421271116267,0,0.01,-178.14864716110384
2797,-673.367933805825,0,0.01,-184.9674458809144
2798,-368.70668980715243,0,0.01,-189.0621297495606
2799,-323.1778603886018,0,0.01,-192.40071348535275
2800,11.984481133835551,1,0.01,-185.66695253792113
2801,-196.5093271013086,0,0.01,-186.5184806993042
2802,-316.1001568949985,0,0.01,-189.97834407589875
2803,-458.9911858476398,0,0.01,-194.6565736258036
2804,-151.24306330482085,0,0.01,-196.48528421710435
2805,-77.11452351402994,0,0.01,-191.98132186702094
2806,-590.2358915352975,0,0.01,-198.2609015982398
2807,17.48086401701122,38,0.01,-198.15246789860387
2808,24.817203186954153,1,0.01,-196.64695182406777
2809,-356.7169533983521,0,0.01,-195.10354089365825
2810,18.166027718925527,39,0.01,-189.10364582161137
2811,-329.8576381579605,0,0.01,-187.39281049146305
2812,-17.383389437876872,31,0.01,-187.66588186129658
2813,14.264749173524127,22,0.01,-187.53380508469115
2814,-16.982197912534104,45,0.01,-187.7382215240742
2815,4.6905067937311475,1,0.01,-187.904355713935
2816,16.363351190115655,44,0.01,-188.03163732541196
2817,-36.480675915142,31,0.01,-186.29435647886038
2818,30.696590707616913,12,0.01,-183.36878460569304
2819,21.63603392597468,5,0.01,-179.67501483727415
2820,2.4150225808462595,2,0.01,-176.14050511302057
2821,35.77258129770669,4,0.01,-173.23951583351283
2822,42.61275126416013,1,0.01,-170.21259583843025
2823,2.6562805631235222,21,0.01,-170.4576599856628
2824,17.77794382243267,26,0.01,-164.72538598973887
2825,22.37751821918114,4,0.01,-159.94508966104547
2826,13.033447781049802,4,0.01,-157.22268544269033
2827,28.66770163254348,4,0.01,-154.41783991938516
2828,-694.0371913898409,0,0.01,-161.4764348935456
2829,36.546270894960436,0,0.01,-154.1193370584056
2830,42.28187556209663,1,0.01,-153.88844354764834
2831,-530.2422949128746,0,0.01,-156.27756834148636
2832,33.51607423143491,3,0.01,-156.004176237119
2833,-174.78545998031328,0,0.01,-152.00539979388094
2834,36.019270208761995,4,0.01,-147.5957234425534
2835,40.07883329051388,12,0.01,-140.32307915862688
2836,13.548781796290113,4,0.01,-140.68743167444754
2837,-319.31535624357565,0,0.01,-144.16521240778
2838,-652.224458295537,0,0.01,-150.87420609825705
2839,-307.8956680697784,0,0.01,-152.02479346372292
2840,-496.07072073128927,0,0.01,-157.13768878590005
2841,-682.578219628047,0,0.01,-164.28166377314795
2842,-48.850580116350386,4,0.01,-161.6164535896358
2843,48.543657035619376,30,0.01,-161.48893800120706
2844,-364.5266121378317,0,0.01,-163.58591900341582
2845,21.04264923413206,8,0.01,-163.72227561578853
2846,-203.77413035208997,0,0.01,-166.242511178747
2847,-99.79338312332823,0,0.01,-165.70693707033038
2848,-133.53868909106777,0,0.01,-161.62368614773968
2849,-102.30253381435682,0,0.01,-162.997419208428
2850,9.68335643527215,5,0.01,-163.07483980768032
2851,-197.6648475880175,0,0.01,-160.8453871128971
2852,13.890820376140068,0,0.01,-161.19943476557867
2853,-654.519088660712,0,0.01,-167.90711324320364
2854,-598.542500404448,0,0.01,-169.4249674191413
2855,-318.8959129699032,0,0.01,-165.9939895855698
2856,-219.96409004333572,0,0.01,-168.38725522361844
2857,-297.43552669773817,0,0.01,-171.77907514139872
2858,-559.264564241722,0,0.01,-177.79399154138957
2859,-573.1540329492327,0,0.01,-177.16642045344037
2860,15.372303214273984,1,0.01,-171.64462470236126
2861,-18.106642325046494,47,0.01,-171.8387922051452
2862,-619.1133267758009,0,0.01,-174.21320683220412
2863,13.453095547716309,40,0.01,-172.6454836757555
2864,-146.05069042959087,0,0.01,-173.61952814959994
2865,-562.3613295492139,0,0.01,-176.86074048664676
2866,-533.7841942425391,0,0.01,-182.65643546241014
2867,-83.72521497301719,0,0.01,-183.84640648918761
2868,-450.07570996451614,0,0.01,-188.8434894841083
2869,-209.7155024739667,0,0.01,-188.2181475102071
2870,-140.81453285439136,0,0.01,-189.3306351917108
2871,14.641413925807509,17,0.01,-189.20268549753482
2872,-534.7998101637331,0,0.01,-194.79240535464967
2873,29.072781552077227,24,0.01,-194.79433444223815
2874,4.9321696719401675,36,0.01,-195.10267331917782
2875,15.218681155178324,23,0.01,-191.9488849858644
2876,-52.816226808336296,0,0.01,-192.5053769951464
2877,-259.2715781559247,0,0.01,-189.5206895615786
2878,-23.277256001338287,1,0.01,-184.62090778398556
2879,-325.3115821798005,0,0.01,-181.73946123006186
2880,22.295412938372156,10,0.01,-177.32511799713805
2881,29.225695176896938,15,0.01,-177.06098365710895
2882,-405.6876381314011,0,0.01,-181.52182884358183
2883,-302.6533870856039,0,0.01,-179.78288264219415
2884,11.45475831882868,4,0.01,-180.03109858824337
2885,-191.4981677932975,0,0.01,-181.9990510971443
2886,32.863872261888666,1,0.01,-182.055876328676
2887,20.107720880288316,1,0.01,-182.21161514400984
2888,2.644036750779658,40,0.01,-182.58398889223596
2889,24.71234495068362,11,0.01,-177.15944939187742
2890,-31.346063874361448,3,0.01,-177.75841759176532
2891,-193.4751631227789,0,0.01,-180.1020393597181
2892,-578.2710427157889,0,0.01,-180.35360112698024
2893,-139.48949390567816,0,0.01,-179.73670591833528
2894,-289.919171735993,0,0.01,-179.66908780784615
2895,-97.96171411729952,0,0.01,-181.02251984535292
2896,-348.9789982679882,0,0.01,-178.24188855691654
2897,-197.35655761022343,0,0.01,-173.48177479496047
2898,-624.8465054094451,0,0.01,-176.04317295098343
2899,-240.56624101863477,0,0.01,-175.21705675728376
2900,-421.8911824854157,0,0.01,-179.55581339347629
2901,-320.84857212412544,0,0.01,-180.79920584370444
2902,41.946691399061095,5,0.01,-177.21873736076384
2903,-86.80476193023904,0,0.01,-173.49687312158983
2904,-685.1467321637442,0,0.01,-178.83590981017906
2905,-643.989239826698,0,0.01,-184.5046569733057
2906,3.8178579925356786,44,0.01,-178.56411947802738
2907,-241.0686214487589,0,0.01,-181.14961433268505
2908,43.726524222716144,36,0.01,-180.9605211223275
2909,13.970462462611207,1,0.01,-177.25364696371784
2910,-359.8292437899113,0,0.01,-181.03359967880624
2911,-165.55348102923392,0,0.01,-179.39055810751896
2912,-298.2898720574902,0,0.01,-182.19962293371506
2913,-144.2276859364401,0,0.01,-183.78454728481472
2914,-514.4766091138777,0,0.01,-188.75949139682814
2915,-132.90600594639488,0,0.01,-190.13545652422943
2916,42.91354867454383,27,0.01,-189.86995454938514
2917,-591.7664593669775,0,0.01,-195.4228123839035
2918,-588.0312754580877,0,0.01,-201.61009104556055
2919,-171.31795790554224,0,0.01,-203.53963096387577
2920,-212.05369866693968,0,0.01,-205.6843181763536
2921,-38.486660075706084,0,0.01,-206.42691059008772
2922,-425.4425023450478,0,0.01,-211.1074631261798
2923,-641.2228360999259,0,0.01,-217.5462542928103
2924,-677.1536485430746,0,0.01,-224.49557021646535
2925,-84.11785437410248,0,0.01,-225.56052394239816
2926,-131.6513450854644,0,0.01,-227.0073718710633
2927,-630.1930508348419,0,0.01,-233.59597939573715
2928,3.8812092716603597,15,0.01,-226.61679538912216
2929,-526.1007522618864,0,0.01,-232.2432656206906
2930,39.77070486083786,49,0.01,-232.2683773277032
2931,-286.4920665063533,0,0.01,-229.830875043638
2932,-320.7096127848942,0,0.01,-233.3731319138013
2933,40.94794391473432,18,0.01,-231.21579787485086
2934,30.476484497241408,32,0.01,-231.27122573196607
2935,4.767917362699052,48,0.01,-231.62433489124422
2936,-517.4293330632481,0,0.01,-236.93411603983958
2937,17.65597580719182,30,0.01,-233.5644027193319
2938,30.86867881083914,4,0.01,-226.7334713482681
2939,-203.25729922585805,0,0.01,-225.68708765982893
2940,11.338856889179816,4,0.01,-220.61299188362423
2941,-30.741265270140843,29,0.01,-214.09462234004522
2942,-555.5220533105171,0,0.01,-219.16133707198685
2943,47.60182663111367,13,0.01,-219.17075537603188
2944,-332.44847515831873,0,0.01,-218.84997400623678
2945,-630.4191040275347,0,0.01,-225.36459153885343
2946,-550.5244036812333,0,0.01,-228.83209427214487
2947,-602.1629912318264,0,0.01,-233.85579035322985
2948,-36.500713938732986,6,0.01,-232.88541060170652
2949,-13.515139448200784,32,0.01,-231.99753665804496
2950,-17.66662079226228,0,0.01,-232.27103643032032
2951,4.784776579736703,19,0.01,-230.24654018864277
2952,29.683245400266504,4,0.01,-230.0886159384015
2953,-264.93935741525286,0,0.01,-226.1928186259469
2954,15.151829058862846,4,0.01,-220.0558753313138
2955,-375.86235988002505,0,0.01,-220.62553980041505
2956,-525.6827389081392,0,0.01,-223.68272628906305
2957,2.31865763936337,1,0.01,-220.68518444569207
2958,21.48695731695605,31,0.01,-214.87766923010523
2959,-536.4507435740884,0,0.01,-214.51063633635383
2960,-440.5918754478739,0,0.01,-219.07027812297525
2961,-82.35218977744938,0,0.01,-219.7127335974993
2962,2.4796051917634134,1,0.01,-213.49680427782366
2963,-477.82482433925856,0,0.01,-218.4095834766934
2964,28.551172660255364,4,0.01,-216.66356484579492
2965,-149.37560307256285,0,0.01,-212.53370758102847
2966,4.7185984472187075,3,0.01,-207.14867965413086
2967,11.7499765823206,45,0.01,-206.1939277385775
2968,40.58555358138494,3,0.01,-201.28731510311846
2969,-159.10733397606634,0,0.01,-200.78123341813946
2970,24.457689028617093,3,0.01,-199.1285111993094
2971,-578.5745350629065,0,0.01,-205.0606706891965
2972,48.661669268544756,20,0.01,-199.22605589487375
2973,-542.4918222859357,0,0.01,-204.94170193325385
2974,28.90260001637776,21,0.01,-204.70199762980945
2975,-213.4940424104684,0,0.01,-206.98912486546593
2976,-12.418703629627885,0,0.01,-206.58514963367884
2977,-147.0414493531291,0,0.01,-205.46284834565088
2978,-629.5225341818165,0,0.01,-211.5253011274557
2979,-34.318789694656914,29,0.01,-208.61537320260427
2980,48.896095392934896,50,0.01,-208.34936637805862
2981,-440.5013672611963,0,0.01,-213.04663700243955
2982,-418.39831478248715,0,0.01,-213.17374376895043
2983,43.800699140758056,26,0.01,-209.70920290668684
2984,-282.0981233503272,0,0.01,-212.64473172337836
2985,12.853329383011326,25,0.01,-210.60121675161528
2986,1.1790614231141652,41,0.01,-210.91806486000303
2987,22.826715889212917,7,0.01,-210.89087490991378
2988,18.145276734735567,22,0.01,-210.7358625100742
2989,27.241218134045496,2,0.01,-210.71057377824062
2990,9.454636059526456,22,0.01,-210.3025667789017
2991,-212.19381961396013,0,0.01,-210.48975334381353
2992,-446.21834629332983,0,0.01,-209.16922637958893
2993,38.194532972687725,4,0.01,-207.39238611080526
2994,7.61434854247287,6,0.01,-204.4170509080206
2995,9.36072999129773,37,0.01,-203.34382646693462
2996,45.79655704437981,34,0.01,-199.39607091381095
2997,-108.00431715454238,0,0.01,-198.50254850925415
2998,39.60328765003206,19,0.01,-191.85805057865937
2999,5.752263329385156,5,0.01,-189.3948655351792
3000,33.995409347913224,1,0.01,-184.83599961684592
3001,-498.32238825697135,0,0.01,-186.61073777817438
3002,4.62954994436247,9,0.01,-186.98390919272137
3003,11.139170097808245,30,0.01,-186.0044698724409
3004,0.42429364790931956,31,0.01,-179.14875961432435
3005,-676.2329639245266,0,0.01,-179.47119685530262
3006,-600.961371617607,0,0.01,-185.518989151404
3007,38.54017803939678,17,0.01,-182.72290115652248
3008,3.1222352903571244,6,0.01,-183.12894404584608
3009,-414.0548184801505,0,0.01,-187.4091968552737
3010,11.882593235807855,4,0.01,-183.69207848501654
3011,43.224503814803434,20,0.01,-181.60429863657617
3012,-381.75029833169924,0,0.01,-182.43890289931824
3013,-33.566201824776556,2,0.01,-181.33228805820156
3014,11.267100172526412,17,0.01,-176.07485096533753
3015,43.063585608408886,20,0.01,-174.31515504978952
3016,-390.37539232269387,0,0.01,-178.6480444597619
3017,41.64625478177584,25,0.01,-172.3139173182744
3018,-364.6177449283625,0,0.01,-170.07978201297712
3019,18.350249060708656,2,0.01,-168.18309994331463
3020,16.420614924997142,7,0.01,-165.8983568073952
3021,-650.5676216036593,0,0.01,-172.01916642267474
3022,45.763138934751105,31,0.01,-167.30711000987677
3023,47.29265481120406,49,0.01,-160.42195510076547
3024,1.4544159834622352,2,0.01,-153.6358744555001
3025,-368.3633335144173,0,0.01,-156.47832924690323
3026,-523.1630888496223,0,0.01,-160.3934466845448
3027,-106.69855006491059,0,0.01,-155.15850167684548
3028,14.893454518445948,32,0.01,-155.04837922437767
3029,-506.37930167044806,0,0.01,-154.85116471846325
3030,33.6096189994276,11,0.01,-154.91277557707735
3031,11.873396838654738,25,0.01,-151.92912094362728
3032,39.57273843667335,3,0.01,-148.32629743141163
3033,-136.71671577244047,0,0.01,-150.10294402828336
3034,9.919660137862316,4,0.01,-150.30851227187716
3035,35.38494600420863,34,0.01,-150.00234198546207
3036,-323.94462816882765,0,0.01,-148.06749493651785
3037,-130.08516724333305,0,0.01,-149.54490636702312
3038,-139.15290567303532,0,0.01,-151.24512221186183
3039,43.97707116060667,48,0.01,-148.7727785079972
3040,-353.04344891474756,0,0.01,-152.4166015660365
3041,30.00272136965801,1,0.01,-151.8091616996385
3042,-375.07319893110554,0,0.01,-150.0046731558444
3043,-307.7636268241365,0,0.01,-153.55832769039688
3044,-20.499048434504232,32,0.01,-150.43883342315874
3045,26.336204933968258,15,0.01,-143.87128033354372
3046,-247.69298778944358,0,0.01,-140.84296617462581
3047,15.120041876359736,17,0.01,-134.67013584354393
3048,-592.9387328488413,0,0.01,-140.23451603264505
3049,-218.63598299545686,0,0.01,-142.2857244681176
3050,-207.24199445895886,0,0.01,-144.18147820478455
3051,28.456839646960262,19,0.01,-143.9447575741123
3052,40.21249287155354,36,0.01,-143.83946509939946
3053,20.02067847598961,45,0.01,-140.98986474048704
3054,-249.29103101570905,0,0.01,-143.63429334123276
3055,-176.7718910151072,0,0.01,-141.64338865258358
3056,23.807239376505613,46,0.01,-136.14848886973712
3057,-153.85244835277234,0,0.01,-137.71019992965847
3058,-358.2877175812089,0,0.01,-141.50794667864014
3059,-696.6996546523246,0,0.01,-143.11043578942247
3060,-234.80061985896927,0,0.01,-141.05252323353344
3061,-22.78392100385156,39,0.01,-140.45684054579743
3062,-556.3122468892312,0,0.01,-146.0447590666074
3063,26.353224488710634,4,0.01,-141.0029785783277
3064,-444.2544164457903,0,0.01,-145.7310344693882
3065,29.447838577365673,38,0.01,-143.94280005288888
3066,34.37232725616001,20,0.01,-143.64626276479947
3067,-617.7847811959023,0,0.01,-149.9416103425817
3068,-497.74630003588567,0,0.01,-155.3249288787544
3069,-128.83702888378232,0,0.01,-155.02222582783156
3070,-500.49997335057566,0,0.01,-160.2718024516235
3071,16.70230081592466,3,0.01,-154.31903409283518
3072,42.44323317779432,35,0.01,-154.3812184537427
3073,-185.14754041491966,0,0.01,-150.80777563503253
3074,-92.29835783089007,0,0.01,-152.01978521350523
3075,-679.5534756445934,0,0.01,-156.68037954584648
3076,-239.87991713915892,0,0.01,-158.9549916809418
3077,-166.84159516589398,0,0.01,-159.1529931390694
3078,34.38659763779915,18,0.01,-152.51390182087326
3079,-396.2258028303554,0,0.01,-156.13297195223024
3080,-239.24017159186775,0,0.01,-159.01433462207828
3081,-47.0188303778057,0,0.01,-155.07950925324437
3082,-209.10603858215336,0,0.01,-152.986586491241
3083,-640.9966863729035,0,0.01,-159.83456034637763
3084,-219.1861187989199,0,0.01,-159.20544030086356
3085,-532.2950410538994,0,0.01,-164.6569240052327
3086,-262.5752431742426,0,0.01,-167.29446705120625
3087,-493.44402684112686,0,0.01,-172.45717447850961
3088,15.246290755538437,23,0.01,-172.4861643383016
3089,4.307994695998859,4,0.01,-172.7154965726821
3090,-195.2924170990487,0,0.01,-174.76296710426786
3091,49.82860652635158,5,0.01,-172.1427428428647
3092,-520.1659036774213,0,0.01,-172.88221841670563
3093,-127.63966979149018,0,0.01,-174.5405604443474
3094,-436.11081308713665,0,0.01,-178.9778120606435
3095,16.338819570705667,46,0.01,-178.9080311648494
3096,-186.474207792063,0,0.01,-181.23073881321386
3097,10.130321510949104,43,0.01,-180.049392426559
3098,-366.2685228969665,0,0.01,-184.10811053202895
3099,43.05717515516582,44,0.01,-183.73506141377118
3100,20.751296963967945,45,0.01,-183.86750253761065
3101,-140.93533595277347,0,0.01,-180.2936320145686
3102,-32.445454641855235,8,0.01,-180.6643820604308
3103,27.1241827868121,0,0.01,-180.50453193354076
3104,-128.78855353353666,0,0.01,-181.79666040535525
3105,-553.5048426205876,0,0.01,-180.56937919231584
3106,-119.43157097409107,0,0.01,-175.75408118588064
3107,42.62729961325971,19,0.01,-175.713209970142
3108,14.753710367895113,52,0.01,-175.59689521936664
3109,-624.3467130399856,0,0.01,-177.69981416496495
3110,-27.95093104105507,0,0.01,-178.0981494077336
3111,46.6572592595465,1,0.01,-178.06382185328619
3112,-191.02907253581452,0,0.01,-176.15660959532727
3113,-256.19687458648264,0,0.01,-178.38291632294437
3114,-11.33921575305186,0,0.01,-178.60897948220017
3115,15.681626943329597,31,0.01,-178.88279906885094
3116,-162.1563400554395,0,0.01,-176.60060854617842
3117,15.964288620815857,1,0.01,-176.857428207788
3118,-646.991029263716,0,0.01,-179.68116105114154
3119,-233.8774532734364,0,0.01,-182.20343807448302
3120,-196.93274254769358,0,0.01,-184.33697164920991
3121,-198.54570241936193,0,0.01,-179.81675245736693
3122,-673.319214394521,0,0.01,-187.00757599065963
3123,-448.78787142154687,0,0.01,-191.96838125298717
3124,-125.7009413572747,0,0.01,-193.23993482639452
3125,-302.96468614457416,0,0.01,-192.5859483526961
3126,35.74233320098516,25,0.01,-186.99689413219
3127,29.268732420829586,56,0.01,-185.6372213073326
3128,-279.746630285126,0,0.01,-188.5836221553683
3129,29.031115184369693,28,0.01,-183.22951798682013
3130,-11.301390250021086,23,0.01,-183.67862807931462
3131,25.916658183390055,3,0.01,-183.53819546586732
3132,-15.818228392255946,20,0.01,-184.09210513415655
3133,-544.7900620829081,0,0.01,-188.1728385972613
3134,-489.53547471056754,0,0.01,-193.16738994574555
3135,8.984860195421243,28,0.01,-193.43139080383347
3136,-544.0468370894483,0,0.01,-195.63241289303966
3137,-533.5891045033438,0,0.01,-199.66745226563978
3138,-169.23166767429632,0,0.01,-199.96823988565234
3139,-559.3510903514377,0,0.01,-206.0015215007728
3140,2.523980215144344,10,0.01,-202.44584720947384
3141,44.31513481331636,37,0.01,-202.30272307503728
3142,32.093493506014084,5,0.01,-198.2310561506661
3143,-489.39866677587145,0,0.01,-200.04740655018347
3144,13.227187197426279,5,0.01,-199.71014419386415
3145,-85.69857919546894,0,0.01,-200.83049203515853
3146,40.707788446654774,21,0.01,-197.94648427279753
3147,-227.29341675607844,0,0.01,-200.37061885912192
3148,5.712059399455333,10,0.01,-194.38411093663896
3149,-138.56978299164803,0,0.01,-193.58344893660092
3150,-35.05854888217465,49,0.01,-191.86161448083303
3151,-18.818447949572715,18,0.01,-192.33436735679837
3152,42.089597274162536,54,0.01,-192.31559631277221
3153,30.289261345590152,56,0.01,-192.21291048407625
3154,-89.54810960377597,0,0.01,-190.61548126995692
3155,-125.2020108636732,0,0.01,-190.09978246844258
3156,-254.82105398410857,0,0.01,-192.88606540204873
3157,38.39000443066385,44,0.01,-190.9636408742144
3158,-110.64728454673258,0,0.01,-188.4872365438696
3159,-329.9364441285537,0,0.01,-184.81960443863193
3160,8.284658606781608,3,0.01,-182.3887516539744
3161,16.550147722271603,10,0.01,-181.99541096671317
3162,27.093605386676824,4,0.01,-176.16135244395412
3163,-314.9659104592112,0,0.01,-179.57454379343332
3164,36.077985112243674,46,0.01,-174.771219777853
3165,-209.85321601715395,0,0.01,-177.1642303237982
3166,-311.61322006496914,0,0.01,-180.62408579700946
3167,-627.3621872444704,0,0.01,-180.71985985749518
3168,39.80220954623414,40,0.01,-175.34437476167398
3169,9.043985978787585,2,0.01,-173.96556461304826
3170,-441.8131500481,0,0.01,-173.3786963800235
3171,7.963760736211143,21,0.01,-173.46608178082064
3172,5.014309643158099,2,0.01,-173.84037101616698
3173,26.16087386344892,19,0.01,-171.72728687338332
3174,-55.39417779558008,0,0.01,-171.3582450730302
3175,-173.83613956954434,0,0.01,-166.30107171227974
3176,45.64928095681244,3,0.01,-163.44577973132
3177,-70.160850582222,0,0.01,-162.4789722854833
3178,-418.30889711361937,0,0.01,-167.0059272329975
3179,46.19105502345197,36,0.01,-162.5817586544594
3180,-297.9028600776297,0,0.01,-163.168385539317
3181,-172.99699952870634,0,0.01,-164.428167230826
3182,-136.34338765987056,0,0.01,-163.70054072160318
3183,-500.0351743078621,0,0.01,-162.2909256009528
3184,-371.40110318211447,0,0.01,-163.8130754447847
3185,7.3549230808009805,1,0.01,-158.41657580343772
3186,-41.499599346330626,7,0.01,-156.20581936515862
3187,-389.78621639012727,0,0.01,-155.1692412606486
3188,14.50820979978104,3,0.01,-155.17662207020618
3189,-75.23801670420443,0,0.01,-155.9720821842082
3190,-227.39612230868772,0,0.01,-156.29311923630462
3191,44.1467560408464,14,0.01,-156.3499377411597
3192,-551.3904037198654,0,0.01,-156.6621827415841
3193,-191.69021244353718,0,0.01,-157.30268816810457
3194,47.38180123324164,4,0.01,-152.4677620249008
3195,-615.797614754403,0,0.01,-158.78912636815187
3196,47.976608750181626,57,0.01,-156.44461820272943
3197,31.365798102097475,2,0.01,-156.23226343681793
3198,10.372491921581581,1,0.01,-152.46585328863247
3199,25.79901601132911,55,0.01,-152.6384348800708
3200,-269.8018926519074,0,0.01,-155.54396677622955
3201,30.551603288663063,3,0.01,-153.8290973838152
3202,29.018820867359278,1,0.01,-153.21445462872305
3203,-529.7616969549854,0,0.01,-158.78331342614104
3204,-19.039532733828025,40,0.01,-157.68582321814395
3205,-451.3956120611027,0,0.01,-156.66473091254912
3206,-370.0977355242845,0,0.01,-159.17139255805102
3207,-122.88765824580665,0,0.01,-160.8265421366417
3208,-544.9215132843547,0,0.01,-166.42329437316417
3209,26.91981582908719,5,0.01,-159.9106290844735
3210,37.986387902465495,47,0.01,-159.25125589503827
3211,-610.0639366954251,0,0.01,-165.818467854588
3212,5.253620498838071,22,0.01,-163.85564092424144
3213,16.714556498672188,25,0.01,-161.12652661338993
3214,-328.34630814669305,0,0.01,-164.29659753732633
3215,8.908228097029674,8,0.01,-164.36433152578934
3216,-625.6705838652235,0,0.01,-168.99947396388717
3217,-406.7891947504561,0,0.01,-173.2270087975999
3218,-132.40725703023622,0,0.01,-168.08117107526513
3219,15.696586501203324,31,0.01,-165.5854306775187
3220,10.583359833162303,24,0.01,-163.51026965371014
3221,11.63878413743188,36,0.01,-161.40842478814216
3222,-11.660044695020872,0,0.01,-154.79183309114717
3223,42.27905973017318,4,0.01,-149.88116377962996
3224,4.950903427363587,56,0.01,-148.57464533178359
3225,-592.6571025213344,0,0.01,-151.4715694955512
3226,20.082025974480363,26,0.01,-151.62817256781625
3227,-252.1248776295206,0,0.01,-154.44210866831975
3228,31.93618225572799,8,0.01,-151.32528054291123
3229,29.209504416263126,5,0.01,-151.3234966505923
3230,-408.53415275243253,0,0.01,-155.2958242756164
3231,-277.1921045138074,0,0.01,-158.32691190258834
3232,26.62955924609552,37,0.01,-157.90243402620484
3233,-308.76469725295203,0,0.01,-155.5421803779053
3234,-115.47744272725379,0,0.01,-151.80160005807215
3235,-93.67827817817448,0,0.01,-152.8282314418081
3236,24.36634456702016,29,0.01,-147.14409962524343
3237,-14.95430473274223,32,0.01,-141.9577516275374
3238,4.353562456337267,5,0.01,-140.22189932623104
3239,-669.5995185691766,0,0.01,-141.32438360840845
3240,-627.5604310290485,0,0.01,-147.62522772085038
3241,22.939008771365273,37,0.01,-147.8389889812699
3242,-10.885580693348686,3,0.01,-148.26877972326352
3243,49.38106756749741,1,0.01,-142.88098237982982
3244,-625.5508676414215,0,0.01,-149.26876292821828
3245,-272.4642368198472,0,0.01,-151.13641950446208
3246,-523.7859627028132,0,0.01,-156.78135701595676
3247,33.67398766581723,35,0.01,-154.17168297173782
3248,-330.54381191892855,0,0.01,-157.53424168492168
3249,-116.91548961381056,0,0.01,-157.3176987511433
3250,28.203488468447734,4,0.01,-156.68507837763707
3251,-222.32486247884384,0,0.01,-158.72014252292976
3252,16.220351485613186,19,0.01,-158.97883498081524
3253,15.670203140861497,47,0.01,-159.12502556286253
3254,9.940324411222223,11,0.01,-158.13014122271255
3255,39.1243932705736,53,0.01,-156.4868771813701
3256,-15.33467503233544,8,0.01,-154.0920133918524
3257,-692.3192651502222,0,0.01,-161.39910608766124
3258,-466.08093195353473,0,0.01,-164.95344256172928
3259,-80.16111594341976,0,0.01,-162.4556892798779
3260,-142.22731389011201,0,0.01,-163.96080900484685
3261,-178.88625917991203,0,0.01,-165.9151730738687
3262,30.079723742871774,1,0.01,-165.88531189030675
3263,-252.96600030893728,0,0.01,-165.265312788804
3264,-393.0310643318158,0,0.01,-169.55640328324458
3265,-542.7027565535228,0,0.01,-172.8848986886083
3266,-457.8849888551589,0,0.01,-174.3476163765102
3267,-381.4049912040376,0,0.01,-171.88804441610588
3268,-689.7152922841435,0,0.01,-179.18321943440966
3269,21.12051672464342,2,0.01,-179.06245412695108
3270,-327.9076939643286,0,0.01,-177.92339956611337
3271,48.27786484772276,10,0.01,-177.52025852499824
3272,-49.38788573853461,2,0.01,-178.06428047881516
3273,-120.91926559867909,0,0.01,-179.53508187343647
3274,-62.52351199719027,0,0.01,-179.60637521545257
3275,-159.44020499675764,0,0.01,-179.4624158697247
3276,10.697349436512194,14,0.01,-179.8119351849277
3277,-579.0435376006263,0,0.01,-184.90076205511178
3278,-10.967707477944543,0,0.01,-180.82735015875497
3279,-166.07769522145978,0,0.01,-182.95003766120405
3280,15.5024019822719,35,0.01,-179.81598504060509
3281,-461.4492283521905,0,0.01,-182.70050732883988
3282,-650.6649345618401,0,0.01,-187.84372279785958
3283,-227.4080478871832,0,0.01,-185.11745153365283
3284,-252.43433950818337,0,0.01,-183.92778389691352
3285,-539.6509347251388,0,0.01,-189.39784247497292
3286,-156.1769635992191,0,0.01,-190.54461611750182
3287,-32.368660846184014,0,0.01,-186.97044056206235
3288,14.368914650842779,7,0.01,-186.97183351355173
3289,-405.70411191129745,0,0.01,-190.2764944656227
3290,-207.48515169360002,0,0.01,-190.07738475947178
3291,8.533410883294891,4,0.01,-190.4335182110473
3292,-508.2519696968121,0,0.01,-190.0021338708168
3293,-22.611603993229664,0,0.01,-188.31134778631375
3294,-371.5228781262983,0,0.01,-192.50039457990914
3295,42.166369734335326,4,0.01,-185.92075473502177
3296,-121.11471894151714,0,0.01,-187.61166801193875
3297,-212.13982900611927,0,0.01,-190.0467242830209
3298,27.228354412848578,2,0.01,-189.87816565810823
3299,42.112885296731044,27,0.01,-189.71502696525422
3300,-15.890091504372776,43,0.01,-187.1759089537789
3301,-603.8650602969649,0,0.01,-193.52007558963516
3302,38.29065188417263,47,0.01,-193.42735727946703
3303,-24.42644741195261,0,0.01,-188.37400478403663
3304,-157.5424029758327,0,0.01,-189.75903348645673
3305,-223.41281879220037,0,0.01,-187.47920555376768
3306,38.59216910884281,51,0.01,-183.39230650743642
3307,15.09385587978172,1,0.01,-182.0124913661805
3308,-23.417903153763007,0,0.01,-176.7974552648746
3309,17.383779942687852,33,0.01,-176.8928156237386
3310,32.48090186507592,3,0.01,-176.9478704841125
3311,-149.48804549858767,0,0.01,-172.34211157214412
3312,5.869914782419211,30,0.01,-172.3359486293083
3313,-174.21151909940272,0,0.01,-174.24520938528906
3314,-534.1800863981553,0,0.01,-176.30354716780369
3315,36.56796648598635,11,0.01,-176.02694978391418
3316,-133.9728055769574,0,0.01,-171.10997200103148
3317,-454.76848444220724,0,0.01,-171.58976489794904
3318,-375.65402797437446,0,0.01,-174.0222326073904
3319,19.640302668844512,11,0.01,-173.98279544571398
3320,-386.55891776361904,0,0.01,-177.95421822168174
3321,-348.9441282842148,0,0.01,-181.56004734589823
3322,-545.8666878737536,0,0.01,-186.9021137776855
3323,-614.0643334839029,0,0.01,-193.46554770982632
3324,-598.0527967578316,0,0.01,-199.49558471167828
3325,-334.58593690368235,0,0.01,-196.91487305550174
3326,35.54142350484133,48,0.01,-196.76027908019807
3327,21.457333990248575,3,0.01,-194.02445696400042
3328,20.222411767303335,45,0.01,-194.14159466888464
3329,-294.7264119658468,0,0.01,-197.38095383270579
3330,-520.5388659301301,0,0.01,-198.50100096448278
3331,42.95719422376417,61,0.01,-195.29950797710706
3332,7.816472511171693,43,0.01,-195.4876388444563
3333,-625.6599460526288,0,0.01,-198.6565913324531
3334,-433.1811911488344,0,0.01,-201.83362881666886
3335,-153.91116664518188,0,0.01,-202.43595770133896
3336,-171.60392595460587,0,0.01,-204.3956604065552
3337,20.996996992405244,4,0.01,-204.03614738930372
3338,-19.259252883356396,0,0.01,-204.27227554270067
3339,-39.93804342484009,0,0.01,-197.97566079125733
3340,-145.71476893887905,0,0.01,-193.1572041703556
3341,36.89553690995762,29,0.01,-193.0176388889697
3342,-536.8870472401458,0,0.01,-198.2776535544377
3343,-395.671619787892,0,0.01,-202.72818042799162
3344,-391.8220006426605,0,0.01,-200.39089175800396
3345,5.487024288150525,20,0.01,-197.61137914692398
3346,2.7040423419986492,21,0.01,-192.3464790964758
3347,-262.64210606538677,0,0.01,-195.30964003378787
3348,-681.8326005412051,0,0.01,-198.82252792001063
3349,-212.49853711505676,0,0.01,-199.7783583950231
3350,-223.40721787718303,0,0.01,-202.29446545847944
3351,-15.973123803814929,38,0.01,-200.23094807172913
3352,-698.0714975829682,0,0.01,-207.37386656241495
3353,-361.69645062525643,0,0.01,-211.14753310007612
3354,-165.24473036275208,0,0.01,-212.89938364781585
3355,28.676228668306777,5,0.01,-213.0038652938385
3356,-178.97227047423812,0,0.01,-214.64024124825755
3357,-21.235962491999544,3,0.01,-207.92940822167532
3358,-106.62282659777361,0,0.01,-204.3348271681177
3359,38.83826966685649,4,0.01,-203.14483331201492
3360,-497.2685463381358,0,0.01,-206.6952456364952
3361,-451.7230012478633,0,0.01,-209.42361305717475
3362,-686.529950498015,0,0.01,-216.58970979958357
3363,40.28881118764107,1,0.01,-213.65716168461776
3364,34.13027517973422,2,0.01,-209.38554828950228
3365,37.80906958857964,27,0.01,-203.58043002808125
3366,9.463596026716957,43,0.01,-198.9069441792625
3367,-653.9559128230662,0,0.01,-201.63245339545276
3368,-561.686121479152,0,0.01,-200.35216168740283
3369,-433.422042645294,0,0.01,-204.89758728110223
3370,-345.45183983443144,0,0.01,-205.07302873980328
3371,-207.02404510542897,0,0.01,-207.62604783933483
3372,-672.8143864691455,0,0.01,-213.8603128466409
3373,-624.5605501976773,0,0.01,-218.8967256926309
3374,39.97688941001757,51,0.01,-217.87172167855886
3375,-106.42744185205038,0,0.01,-217.34159404711178
3376,-231.7924549262441,0,0.01,-219.7664920907393
3377,8.24061735179141,45,0.01,-213.89365054121515
3378,11.428824248951518,53,0.01,-213.66968522394612
3379,-148.48362118058716,0,0.01,-213.4937444835374
3380,18.481611937887678,1,0.01,-213.46395238398128
3381,-482.2111851884315,0,0.01,-213.6715719523437
3382,18.85530624656577,22,0.01,-206.97636954425965
3383,-423.6712642560432,0,0.01,-208.93900170794822
3384,-84.08906620744719,0,0.01,-207.2555489749409
3385,-564.4896521254716,0,0.01,-207.5039361489442
3386,16.298008193369736,46,0.01,-205.77918643101827
3387,-107.254110206434,0,0.01,-206.5280409246208
3388,-285.69513801081104,0,0.01,-209.5286814512373
3389,-662.9166596074857,0,0.01,-212.1008069281992
3390,-206.59355506245225,0,0.01,-212.09189096188777
3391,-144.10404041973504,0,0.01,-213.61826547491805
3392,5.872419702869269,53,0.01,-208.47702158092125
3393,35.391235751202586,47,0.01,-207.89699318347692
3394,-436.8148910517073,0,0.01,-208.549913312731
3395,-627.2739900122009,0,0.01,-215.2443169101964
3396,-219.7430150034521,0,0.01,-216.23059987081572
3397,-12.811969976545242,26,0.01,-214.23732128051998
3398,-223.06555157471948,0,0.01,-216.74026034039565
3399,6.956665696715769,20,0.01,-217.09182253639585
3400,24.702721827808766,62,0.01,-216.68589440307403
3401,-277.73224851516045,0,0.01,-213.42456628525596
3402,-286.1259667477822,0,0.01,-216.66873247157548
3403,45.752870414721464,29,0.01,-215.96693929330874
3404,-218.10232537713944,0,0.01,-216.57253851732182
3405,-114.83592395622674,0,0.01,-215.48676956896207
3406,-233.8276980013361,0,0.01,-218.21096824006383
3407,34.367969213289555,29,0.01,-218.01822710672877
3408,-263.5616374128108,0,0.01,-220.41966444931927
3409,-287.51096027088096,0,0.01,-223.46861185145497
3410,22.589914205467014,1,0.01,-223.56752172805108
3411,-472.08432366690755,0,0.01,-226.7934845097342
3412,-137.00203055098075,0,0.01,-228.22220396306824
3413,-469.0101304012545,0,0.01,-231.17019007608675
3414,8.705732601454667,31,0.01,-225.74133188609062
3415,-193.65428434415458,0,0.01,-228.04355439439206
3416,8.569330366019301,20,0.01,-226.61813303496226
3417,31.557342697815226,30,0.01,-221.75487476356204
3418,36.68375148314939,1,0.01,-217.63149696898682
3419,19.613415535741332,5,0.01,-217.63176584031785
3420,-301.78185782990613,0,0.01,-216.78399524098074
3421,-235.67008394540863,0,0.01,-215.65125479759266
3422,7.929302448892143,5,0.01,-210.11329489436622
3423,31.285425505451936,18,0.01,-203.6597973044727
3424,-381.4244433228291,0,0.01,-201.4935137701227
3425,-185.34970769741415,0,0.01,-200.00115147806
3426,-513.0001160120065,0,0.01,-205.48656687322847
3427,-62.40635223588373,0,0.01,-206.32520373548982
3428,-658.4539704959304,0,0.01,-213.11196755812213
3429,-656.1390548303781,0,0.01,-216.7260939867675
3430,-141.76136465793013,0,0.01,-212.93831897404547
3431,-293.979678257788,0,0.01,-216.30768769886097
3432,-29.044613231931862,34,0.01,-216.67629855629195
3433,-377.1782800667412,0,0.01,-214.19148189643306
3434,-411.3691381203679,0,0.01,-213.97336136614845
3435,20.466430293198407,41,0.01,-212.22958539676463
3436,-35.952425857016465,10,0.01,-210.87307039578874
3437,-143.06509594978775,0,0.01,-212.5136913252107
3438,-625.3978888575951,0,0.01,-218.57507768495307
3439,30.037578622283444,1,0.01,-217.87532146448183
3440,-98.48058515249696,0,0.01,-217.40297962661805
3441,-269.41370003840666,0,0.01,-220.46607199610168
3442,-34.148279643720116,10,0.01,-215.4386843201374
3443,-473.3250124084816,0,0.01,-216.21521824634328
3444,11.247705540957513,62,0.01,-212.18452118450708
3445,19.10176366683664,61,0.01,-212.0483737907202
3446,-262.19541703134666,0,0.01,-214.69736838445374
3447,34.11227989597928,35,0.01,-211.72982452484004
3448,35.43352064689088,5,0.01,-204.5571633129591
3449,-37.98468699636419,50,0.01,-202.81202481177218
3450,-161.0627454569742,0,0.01,-202.18858008757007
3451,-259.60782145034057,0,0.01,-204.62492706403532
3452,-565.6609368588656,0,0.01,-203.30082145679427
3453,48.29078939076922,11,0.01,-199.20094905663402
3454,-195.95682985070772,0,0.01,-199.50807005151356
3455,43.615324975768964,4,0.01,-199.35867908843895
3456,-229.54179273615767,0,0.01,-199.86437431105813
3457,6.790432523552719,11,0.01,-199.5841103609026
3458,49.736262085848395,16,0.01,-198.0205194740664
3459,-19.755350277686716,25,0.01,-198.60645567351185
3460,-176.60560732413126,0,0.01,-195.3998262833718
3461,-549.5360988542991,0,0.01,-196.37795725943616
3462,15.546176040061289,7,0.01,-189.3571959940554
3463,34.09749906834612,29,0.01,-189.41910911524835
3464,20.849705847773002,63,0.01,-189.55191480856797
3465,-176.30524583730244,0,0.01,-191.6930579628268
3466,41.904948616647275,56,0.01,-191.36864443692747
3467,-547.4368023115182,0,0.01,-190.30345333181202
3468,-592.2993094820862,0,0.01,-190.6095852118413
3469,1.8889475683885597,57,0.01,-186.25647530970448
3470,-500.8822319043345,0,0.01,-187.81077923040354
3471,48.03107416387927,2,0.01,-185.26022803771048
3472,-589.9967081654262,0,0.01,-184.43205125467327
3473,-343.19714750510536,0,0.01,-181.61841722774759
3474,-17.901141398165237,0,0.01,-182.1971975358294
3475,-298.02510782658766,0,0.01,-184.11317419557474
3476,-220.29000916611227,0,0.01,-183.99814973797348
3477,26.153492756636687,26,0.01,-183.81902098392504
3478,-28.250651814111222,10,0.01,-184.21581574455567
3479,24.68211175293804,2,0.01,-182.4841584152204
3480,-390.99984117183885,0,0.01,-186.57897294631766
3481,-185.18144298087668,0,0.01,-183.6086755242421
3482,-296.73767652500027,0,0.01,-186.76460535195775
3483,-443.6796622984373,0,0.01,-186.96468933238168
3484,25.533927181804987,29,0.01,-185.86845939848916
3485,14.179713679137492,2,0.01,-180.08176574044307
3486,-25.0257182151816,0,0.01,-180.49500300452854
3487,-29.342058923454772,0,0.01,-179.7158824916988
3488,-549.1548612806343,0,0.01,-182.35047972439702
3489,40.574289247953764,8,0.01,-175.3155702358426
3490,26.125603626853724,1,0.01,-172.98837864894958
3491,45.1571698466128,3,0.01,-171.09576654628606
3492,-79.40111979866634,0,0.01,-171.94850194130143
3493,48.13457298321237,20,0.01,-171.82106856898133
3494,2.699890571242298,1,0.01,-167.42592075275184
3495,-102.48335582009315,0,0.01,-162.17801441083077
3496,-119.82213437061716,0,0.01,-161.17880560450246
3497,27.65692041332019,3,0.01,-160.7741167006038
3498,19.886411815578185,14,0.01,-158.3445970667008
3499,-140.64738236378423,0,0.01,-159.8206375473058
3500,-502.0861404434107,0,0.01,-165.08852617001799
3501,-405.36056457567713,0,0.01,-166.3648093306232
3502,-484.9405421330963,0,0.01,-168.35295508447632
3503,34.289586523048754,53,0.01,-168.467587923393
3504,27.701526942884087,38,0.01,-166.00954940019278
3505,30.841980929367015,4,0.01,-164.55277035133687
3506,-275.9938541906664,0,0.01,-164.97443191323015
3507,-241.72064807669915,0,0.01,-167.73531808613004
3508,-295.09449753023694,0,0.01,-168.05064668730432
3509,-624.6286968690646,0,0.01,-171.42182405328617
3510,-125.31530375357727,0,0.01,-172.9008762328766
3511,-492.46397672523784,0,0.01,-173.1046727634599
3512,29.871735870562144,63,0.01,-171.4359350992445
3513,-47.71344864990209,21,0.01,-167.22296828173094
3514,-209.46456309933296,0,0.01,-169.4046712387388
3515,-488.69511345649516,0,0.01,-172.35507952986222
3516,-550.3747371606496,0,0.01,-177.94452020512887
3517,-187.09841689041784,0,0.01,-180.13107780101126
3518,-322.994079579456,0,0.01,-183.72785611163735
3519,-260.76463471225713,0,0.01,-186.53163661411728
3520,-363.2491926948997,0,0.01,-187.14630996276722
3521,47.61308872609828,54,0.01,-184.3134782360522
3522,-607.2251497981348,0,0.01,-190.46502275852242
3523,35.2534163198567,1,0.01,-190.42534285037834
3524,-258.22661719955823,0,0.01,-189.19336458914563
3525,-283.2536197465246,0,0.01,-190.1724037096367
3526,-145.1660269517497,0,0.01,-186.49406281903416
3527,5.92283079742603,42,0.01,-185.81077098870108
3528,-42.52845822368772,28,0.01,-179.65151586597867
3529,38.15701443477603,52,0.01,-172.70855517332714
3530,7.7232566218400365,2,0.01,-171.21370896052943
3531,45.19012271669794,64,0.01,-167.8220109507846
3532,30.512847403766923,4,0.01,-167.2264363444276
3533,-569.2811903358111,0,0.01,-169.14746544711826
3534,-41.05732312341752,0,0.01,-165.44434729714877
3535,36.690483620741055,38,0.01,-165.28210676387337
3536,48.74143197652103,33,0.01,-164.43516818553803
3537,-581.6987426042874,0,0.01,-168.82150465208298
3538,-210.77655254041514,0,0.01,-164.67529128891113
3539,-361.4785002888966,0,0.01,-168.59045207802293
3540,10.496042229269364,4,0.01,-167.50068580420532
3541,-372.724258633061,0,0.01,-168.53379139015186
3542,-250.29105295410142,0,0.01,-170.69521912325567
3543,-624.3572548459304,0,0.01,-172.20554154763013
3544,-238.4010005843894,0,0.01,-174.70202860888358
3545,43.00497855459098,22,0.01,-174.46299646000602
3546,28.34574776333971,1,0.01,-171.5575848120592
3547,-430.0733519505977,0,0.01,-176.19944113052497
3548,-438.9788940335944,0,0.01,-180.94356527732984
3549,9.84852338097924,0,0.01,-180.46523317355638
3550,8.316654701041337,27,0.01,-178.77143917197623
3551,0.14060572621264456,23,0.01,-176.17395490021067
3552,-551.7014002114614,0,0.01,-176.03435953373665
3553,-45.8765007588153,22,0.01,-176.97603243523253
3554,39.26980936319247,32,0.01,-174.62376604309353
3555,-467.7305194923971,0,0.01,-179.7372244877752
3556,41.77491668018743,12,0.01,-177.02405739361174
3557,22.22828272637609,21,0.01,-176.8696788915835
3558,31.324637976521505,39,0.01,-177.05379513267675
3559,-399.24159926801536,0,0.01,-180.84865762258
3560,21.132773208808384,11,0.01,-178.87127381725065
3561,14.25632368525035,3,0.01,-173.23334959185516
3562,16.32417307203663,36,0.01,-173.22556962153544
3563,-309.339578754144,0,0.01,-176.6599403997603
3564,-616.7943640341284,0,0.01,-183.03638109857934
3565,-253.92418170944416,0,0.01,-183.81257045730075
3566,-22.103040156620636,41,0.01,-184.45265034503345
3567,-501.2375479917185,0,0.01,-183.9906578018354
3568,3.7304220485306026,2,0.01,-178.03036048652922
3569,-271.1974434992501,0,0.01,-180.76122439720564
3570,10.240480159248639,3,0.01,-175.64999727656976
3571,-256.94377098694986,0,0.01,-178.69974572807808
3572,36.04901741993113,58,0.01,-172.43928847222455
3573,-261.7921115868579,0,0.01,-171.62523811304203
3574,48.953102139014256,43,0.01,-170.95669567767024
3575,-25.11031447020781,42,0.01,-168.2275477441065
3576,-111.09052342421319,0,0.01,-167.13555288668744
3577,-296.8462474492454,0,0.01,-170.36555028874625
3578,36.00902477112008,51,0.01,-169.72295352289396
3579,-443.4864601297461,0,0.01,-174.4046392417208
3580,40.472878320742744,23,0.01,-170.089912046795
3581,45.73578027036954,15,0.01,-167.78073981428253
3582,-612.0711951514886,0,0.01,-170.9340750005474
3583,24.597434794248485,2,0.01,-166.2513040296205
3584,7.145758533772703,27,0.01,-166.43518571610085
3585,-211.01599431726544,0,0.01,-168.6871427960649
3586,29.999720355811903,3,0.01,-168.13688841035494
3587,38.63981384593516,4,0.01,-167.45706968266106
3588,24.076914487831385,19,0.01,-161.7247519249764
3589,27.863587588480478,4,0.01,-161.85185894157112
3590,-120.31173042880937,0,0.01,-163.31623228212777
3591,35.97570881638218,31,0.01,-163.4080468924301
3592,-491.06629803742646,0,0.01,-167.5246986748177
3593,32.551408970468685,26,0.01,-167.68053031494514
3594,-428.56020057904897,0,0.01,-171.993131226448
3595,-219.7832328403261,0,0.01,-173.16612999665037
3596,10.014650952164184,37,0.01,-171.86776214342254
3597,13.458649350783327,43,0.01,-172.00974485404794
3598,-78.52909076435981,0,0.01,-172.9938998798473
3599,-421.0791057852995,0,0.01,-175.79821711406242
3600,13.652422679096897,1,0.01,-170.64083148283734
3601,29.567646895158926,4,0.01,-166.291549368129
3602,47.61176295527316,40,0.01,-160.96602631724534
3603,35.60170245777736,40,0.01,-160.95290515789802
3604,-149.0551370329632,0,0.01,-162.7204717976565
3605,-574.1772314993219,0,0.01,-168.77066392194342
3606,-685.3839849380973,0,0.01,-172.8645652294177
3607,8.111628304460451,35,0.01,-170.36624246560612
3608,-584.1128445472007,0,0.01,-173.25642593577572
3609,27.972683304235662,53,0.01,-166.73041213404275
3610,11.939471965120381,3,0.01,-165.35786437685576
3611,-168.4753761786895,0,0.01,-162.11797837139028
3612,48.48307833858646,24,0.01,-161.93186494671005
3613,29.473802951215625,33,0.01,-161.15999243069888
3614,-585.1464425367694,0,0.01,-164.91681122507322
3615,-53.12902105093744,0,0.01,-160.56115030101768
3616,-587.8457364292625,0,0.01,-160.9358602937038
3617,-49.2403465342729,0,0.01,-159.55727959014234
3618,-147.61351724472001,0,0.01,-157.80347396679497
3619,25.61877070052255,4,0.01,-154.93963991266716
3620,8.145488141396171,44,0.01,-151.2256931043042
3621,-678.6448145211692,0,0.01,-158.48827213677689
3622,-455.90638968580896,0,0.01,-156.97508453565362
3623,6.882215639361532,51,0.01,-157.2587965424586
3624,-483.8192982836425,0,0.01,-159.51472335329944
3625,26.596467806221742,2,0.01,-156.41622247777198
3626,28.821232260409904,21,0.01,-154.67634988565035
3627,2.9956557878487082,21,0.01,-154.70562163574616
3628,-610.5341367965406,0,0.01,-160.38567842147467
3629,47.511225102990636,21,0.01,-160.29213631479251
3630,-139.60653185251067,0,0.01,-161.76543419953603
3631,-296.56723302925076,0,0.01,-165.18300775699555
3632,-245.2590401660005,0,0.01,-167.94072663269318
3633,-203.03571974615767,0,0.01,-164.27827192679666
3634,-189.23604310440385,0,0.01,-165.76005912660654
3635,-503.31649906158293,0,0.01,-171.16012895342976
3636,-165.97114697725056,0,0.01,-173.3072547429675
3637,-601.0388318777764,0,0.01,-173.5006556357024
3638,-29.931605362867913,36,0.01,-171.6922061639269
3639,-218.32803873678455,0,0.01,-170.2607015484058
3640,21.16787702288736,30,0.01,-170.15398320046964
3641,33.777858868431075,12,0.01,-166.08896202545472
3642,30.769190645349422,35,0.01,-163.27835958946017
3643,-527.1579963039177,0,0.01,-162.30636700404006
3644,-647.6965834626845,0,0.01,-166.39932283282303
3645,-538.9562117426524,0,0.01,-172.21893473579547
3646,48.104457985205066,11,0.01,-172.0213476335768
3647,-467.9039184894144,0,0.01,-172.39965329896495
3648,-144.39955968086906,0,0.01,-169.45385995543765
3649,-268.59390411824666,0,0.01,-172.23828423042997
3650,-230.33374803725462,0,0.01,-174.6247882578129
3651,-599.8119156404393,0,0.01,-180.62431347147944
3652,17.010995189832006,10,0.01,-174.93718951746646
3653,-44.08942926648797,42,0.01,-174.91931880254324
3654,-457.27600368080005,0,0.01,-179.8847769329832
3655,-204.88945636575244,0,0.01,-177.2563663017167
3656,-629.6242500195958,0,0.01,-183.97035796871452
3657,-40.39256223121555,34,0.01,-184.59656641829042
3658,-262.9650707676452,0,0.01,-187.5394635057321
3659,7.598301642304454,51,0.01,-183.47106449662888
3660,-473.50427013098323,0,0.01,-188.41743493002684
3661,-344.5783304581653,0,0.01,-192.00578147146095
3662,-612.6039101244186,0,0.01,-198.29506230342548
3663,45.80395850650114,8,0.01,-194.74362693081903
3664,-400.0299753333014,0,0.01,-192.57598304381077
3665,21.10290409173754,3,0.01,-189.82571218579898
3666,4.0989194618195,1,0.01,-189.5636925896146
3667,26.12488493140812,1,0.01,-184.29006826038335
3668,-131.85189469783836,0,0.01,-185.645891427847
3669,30.722147056649032,27,0.01,-182.6266955222881
3670,6.176413673511769,2,0.01,-182.66733618714542
3671,-264.4162578938317,0,0.01,-182.7420610562142
3672,-251.94098270338912,0,0.01,-185.62196105744744
3673,-521.3331727258478,0,0.01,-188.21737166883733
3674,-194.33220801116767,0,0.01,-190.65022477033915
3675,47.440150736558195,5,0.01,-189.92472011827147
3676,-307.0126947401112,0,0.01,-191.8839418314305
3677,19.81245393780915,42,0.01,-188.71735481755994
3678,10.286750342090714,52,0.01,-188.97457756185023
3679,-28.77136555810597,0,0.01,-184.82742661613386
3680,3.0901077769424665,68,0.01,-185.20125432157187
3681,-47.32600603604439,29,0.01,-186.13187218463597
3682,24.079021070850626,1,0.01,-179.77037002241258
3683,48.36289845557435,1,0.01,-179.53271538579935
3684,-117.38436068269903,0,0.01,-180.77801657796405
3685,11.463107572210578,3,0.01,-178.5532255590693
3686,-28.25765998441682,0,0.01,-179.1357993624716
3687,-145.23534310530772,0,0.01,-180.97455093198403
3688,48.07063089224383,32,0.01,-180.7346137679399
3689,-628.8056344216064,0,0.01,-187.3013059880407
3690,-272.14940100888475,0,0.01,-188.81968269384146
3691,-435.092725582668,0,0.01,-193.53036703783198
3692,45.627427284852935,52,0.01,-188.1634297846092
3693,34.43553866918558,36,0.01,-188.14458848762203
3694,-127.92194434026601,0,0.01,-185.1382059252342
3695,8.967643774556073,37,0.01,-182.85069715908537
3696,34.601139569441465,2,0.01,-182.6048322729126
3697,15.306052584968729,4,0.01,-182.58635824057077
3698,-251.3737595363548,0,0.01,-184.31480492829073
3699,-108.85656055311313,0,0.01,-181.1925794759689
3700,3.2703557779173034,48,0.01,-181.29640014498065
3701,21.28096022292958,1,0.01,-181.37926701170298
3702,-31.16195505310668,20,0.01,-182.16700419178673
3703,1.0510170671737928,2,0.01,-182.51251104569278
3704,21.772156955136133,0,0.01,-180.80423810581178
3705,-634.0553570436774,0,0.01,-181.40301936125533
3706,-210.08634246259754,0,0.01,-176.6500429365003
3707,7.097264111995024,67,0.01,-176.66018657842497
3708,-569.8610502946924,0,0.01,-176.5176686358999
3709,-37.25086277836499,0,0.01,-177.16990409672587
3710,-428.88709074187926,0,0.01,-181.57816972379587
3711,-478.2808315083446,0,0.01,-184.67622427709244
3712,-586.6057121102149,0,0.01,-191.02711218158046
3713,-108.65380519828662,0,0.01,-192.40838826307547
3714,6.190565417691143,37,0.01,-186.49501818353087
3715,24.979818015209155,1,0.01,-185.71392979286938
3716,-279.63816173467467,0,0.01,-182.6318540459235
3717,41.0211884542951,42,0.01,-181.72923869603784
3718,17.1405662882467,1,0.01,-180.08169786070815
3719,3.7935111792133966,2,0.01,-180.29995045592125
3720,-136.03847017784722,0,0.01,-181.74179003911368
3721,-103.65253760024666,0,0.01,-175.99186726990447
3722,32.317163313049505,13,0.01,-171.1096317399159
3723,16.62936637503654,1,0.01,-171.01216023255915
3724,40.08093059898142,61,0.01,-165.7731579437329
3725,22.190638808659244,4,0.01,-165.81721623370854
3726,16.486264383795703,64,0.01,-165.94056591247463
3727,46.45928433009564,3,0.01,-165.50592962705218
3728,6.188888750513504,49,0.01,-159.33869937158167
3729,-64.42502768393155,0,0.01,-160.45806189945088
3730,-474.32918060022797,0,0.01,-163.80528838692803
3731,44.23273409855067,1,0.01,-160.39728871565003
3732,-204.25696484306945,0,0.01,-159.98726796242073
3733,-559.3861042450532,0,0.01,-163.55077180740966
3734,-564.5217317248254,0,0.01,-167.3036286936139
3735,7.205219852605942,57,0.01,-162.198411504472
3736,-128.60024480842208,0,0.01,-161.82470248278375
3737,-297.8770434288124,0,0.01,-158.7930845982941
3738,-586.2877912574007,0,0.01,-164.3566464572394
3739,26.766969626945794,5,0.01,-161.9056963736021
3740,29.438589983991253,43,0.01,-161.82298924399106
3741,15.228779925704686,3,0.01,-162.00848003341832
3742,4.171446195545059,68,0.01,-162.27445747791637
3743,-625.3010408893718,0,0.01,-163.2558879237709
3744,-11.922141745259808,38,0.01,-156.89814350659665
3745,-598.593724945625,0,0.01,-157.49451863862637
3746,-345.8704339211266,0,0.01,-161.4342675576897
3747,-391.71352116788506,0,0.01,-160.6723635844744
3748,31.6175457236594,69,0.01,-158.91219253042914
3749,-500.02966464578805,0,0.01,-161.22655013570454
3750,-137.3260775999571,0,0.01,-160.29647343133158
3751,49.57433183476823,50,0.01,-153.80261095657949
3752,-407.6369362818796,0,0.01,-158.04909027129662
3753,-106.15182741341948,0,0.01,-158.6697142527659
3754,-632.4993200355035,0,0.01,-160.42194741631295
3755,-156.85738478076792,0,0.01,-159.9416267004631
3756,-383.5039080102747,0,0.01,-157.4804232803699
3757,-431.6405697128886,0,0.01,-161.39290335518663
3758,24.50517099076095,18,0.01,-158.51820093760256
3759,37.92144159289846,17,0.01,-158.21496953809663
3760,3.0349593248528204,61,0.01,-153.4495772435383
3761,14.037645191359362,2,0.01,-149.86341748704305
3762,-34.655512951979176,43,0.01,-144.08393351531862
3763,-456.6120029792005,0,0.01,-149.10809313017563
3764,16.819553177165325,54,0.01,-144.93959784507098
3765,37.465873831143,63,0.01,-144.77596814767693
3766,-320.59880848888145,0,0.01,-148.02294542718394
3767,-377.3738192141407,0,0.01,-152.05793246863945
3768,-291.896326653193,0,0.01,-153.658376788193
3769,41.84470728801498,1,0.01,-153.54715118587933
3770,16.94977306986366,4,0.01,-153.4394175919158
3771,-239.79614346454315,0,0.01,-153.19321644762294
3772,12.267363814397624,3,0.01,-150.55113298244507
3773,-649.1137692959996,0,0.01,-151.8289389481466
3774,43.45235094067332,22,0.01,-149.45109335862819
3775,38.564856844402975,57,0.01,-149.53984629754973
3776,47.637854556866685,3,0.01,-145.99334080457996
3777,-632.3540974499538,0,0.01,-152.51500631845758
3778,32.74746829260191,3,0.01,-152.29039913895244
3779,-169.77988745947837,0,0.01,-153.7004843579662
3780,-496.0579925422396,0,0.01,-158.691965361158
3781,49.70343445060546,4,0.01,-157.72167095629152
3782,-14.49807529249614,2,0.01,-158.10744191992498
3783,-11.987232618041048,27,0.01,-158.71094323066112
3784,-184.9371505157964,0,0.01,-159.3864711289921
3785,-142.29941454363032,0,0.01,-160.92409635015048
3786,4.772068657349513,15,0.01,-160.5937990637328
3787,-156.09463940122282,0,0.01,-160.70239202669197
3788,45.3212617941807,12,0.01,-160.7298857176726
3789,40.75970034998291,69,0.01,-154.03423236995673
3790,-120.81085512517109,0,0.01,-152.52084691111958
3791,-359.6227578177741,0,0.01,-151.76614723347066
3792,-354.12396314684156,0,0.01,-155.7636611377876
3793,-488.9969950443601,0,0.01,-160.99798647492307
3794,28.694671360616287,35,0.01,-159.43182031791423
3795,32.989977570135856,51,0.01,-159.19159697995843
3796,-597.1828612570832,0,0.01,-165.5094369882237
3797,-412.69652960985627,0,0.01,-169.78946281017193
3798,41.70633719183077,1,0.01,-166.85866184289006
3799,19.934634302447794,1,0.01,-165.57074989433448
3800,5.246271381863113,63,0.01,-165.550990738295
3801,23.277099975167502,36,0.01,-165.53102934077262
3802,21.584921073581466,29,0.01,-165.00356057950572
3803,13.545535527513598,58,0.01,-164.8786153949023
3804,33.72134765486535,3,0.01,-164.75912348790504
3805,-646.6807512579946,0,0.01,-164.88537743004824
3806,-173.5291975043474,0,0.01,-164.51980598046572
3807,-400.4977092520704,0,0.01,-168.5957557141064
3808,25.917562827108004,43,0.01,-162.63796958288836
3809,-650.5390649656093,0,0.01,-168.77085160476082
3810,-480.8290130925314,0,0.01,-169.29027082826735
3811,-29.196738113996958,5,0.01,-164.79942989432388
3812,-427.2132426193073,0,0.01,-163.20550519941477
3813,-139.61514148836613,0,0.01,-163.51511856231556
3814,28.972594118596614,20,0.01,-163.2872982753065
3815,-160.65556832233278,0,0.01,-165.14365213868194
3816,7.39254802316994,14,0.01,-162.27334504110348
3817,-128.51225004973887,0,0.01,-163.96867942614384
3818,-650.6180661914881,0,0.01,-170.6462657509412
3819,-234.81734482834958,0,0.01,-173.03237431101678
3820,48.03850473339537,0,0.01,-171.1916045619044
3821,-140.28016311233054,0,0.01,-171.55788081702522
3822,-225.99443024462548,0,0.01,-174.14099675260192
3823,38.69598295479332,30,0.01,-173.92033058680437
3824,-43.90758395080496,22,0.01,-174.76021573230227
3825,-131.24771140905034,0,0.01,-176.29459923447936
3826,14.234977667065502,0,0.01,-176.31711210164667
3827,-633.5009044200015,0,0.01,-183.1167139891476
3828,-588.8112740517496,0,0.01,-189.06671561717027
3829,-583.8826250475117,0,0.01,-194.26129159080608
3830,-489.7825322677181,0,0.01,-194.4158251074809
3831,25.394960219254834,62,0.01,-194.60420284627395
3832,-628.8968462258715,0,0.01,-198.85060166010192
3833,-283.0314647361881,0,0.01,-196.0870552650133
3834,-248.38442630506614,0,0.01,-192.92568221081572
3835,-219.0045472199128,0,0.01,-195.18777988154088
3836,-184.32500624685915,0,0.01,-195.74502749592529
3837,47.744731191530384,59,0.01,-192.2888097497218
3838,-360.1250444907795,0,0.01,-190.02718228205558
3839,33.85121348917828,72,0.01,-189.95633984343323
3840,-162.42070468080533,0,0.01,-191.87493279008123
3841,40.89434318306602,41,0.01,-191.6182771575076
3842,21.600784339727657,1,0.01,-191.4439837760658
3843,-699.1834730644807,0,0.01,-192.1828080978169
3844,7.838653885616282,1,0.01,-191.98520014150813
3845,-48.483423572559815,0,0.01,-186.4840971277775
3846,18.988702092472323,4,0.01,-182.8355057676415
3847,30.37188175128701,33,0.01,-178.6146517384498
3848,-295.7640051027711,0,0.01,-181.8884672467141
3849,-271.5785149716316,0,0.01,-179.60395574997253
3850,-191.31173422928882,0,0.01,-180.14381231626587
3851,45.9128818793415,16,0.01,-180.1804268158201
3852,-665.3588687680884,0,0.01,-182.75764614068223
3853,21.354814345165096,24,0.01,-181.4825797230964
3854,-436.2569942530997,0,0.01,-179.52015646527235
3855,-16.003994456686087,5,0.01,-178.11162256203153
3856,-422.5532766601204,0,0.01,-178.50211624852997
3857,-545.7860087615752,0,0.01,-179.64357063901684
3858,-400.4427951740838,0,0.01,-183.89305030066527
3859,15.30762109564941,55,0.01,-184.11918850563777
3860,7.806927328035179,26,0.01,-184.07146882560596
3861,-154.21256377460816,0,0.01,-185.75397091526563
3862,46.259859590517955,3,0.01,-184.94481718984065
3863,-338.8656808364571,0,0.01,-183.76735396841323
3864,3.1199421398449245,1,0.01,-183.90435007878642
3865,6.794086846515197,43,0.01,-184.2110679486327
3866,-206.34344976183388,0,0.01,-183.06851436136222
3867,-13.39054873950596,0,0.01,-179.42868165661585
3868,10.607282190768425,0,0.01,-176.40364556817622
3869,-379.23930574375686,0,0.01,-180.61448569849398
3870,25.397493069662733,50,0.01,-180.53000849849596
3871,8.98563244873857,10,0.01,-178.04219073936318
3872,-294.18296219686164,0,0.01,-181.10669399947577
3873,42.41664393190405,0,0.01,-174.1913898671967
3874,-383.17941265628355,0,0.01,-178.45770750316626
3875,-293.8105650962295,0,0.01,-181.78146172257257
3876,41.64403509004759,19,0.01,-181.84139991724075
3877,-290.7281970526196,0,0.01,-178.42514091326743
3878,-12.981169968456015,19,0.01,-178.88242729587802
3879,-186.36882619054325,0,0.01,-179.04831668318872
3880,-402.50848053046775,0,0.01,-178.11282156307098
3881,-145.12484219233752,0,0.01,-180.06110432950044
3882,-599.2637704802529,0,0.01,-185.90876128137802
3883,-402.5872289806475,0,0.01,-189.81476124500404
3884,-594.1026393049708,0,0.01,-193.90641613289583
3885,-669.5594962726618,0,0.01,-199.1790169501861
3886,-516.0071105183495,0,0.01,-204.38680874194307
3887,-114.358985532004,0,0.01,-203.96945220325088
3888,8.755445094151725,2,0.01,-204.33511037025116
3889,-14.127132937956844,0,0.01,-204.88397870313054
3890,-627.0268220845574,0,0.01,-209.9461383727244
3891,48.423129149563046,42,0.01,-205.86567950305104
3892,-34.075586659327826,0,0.01,-202.66519573817592
3893,-467.68732288286253,0,0.01,-202.45209901656094
3894,-197.54940685148216,0,0.01,-204.71453979868195
3895,42.82747980879754,53,0.01,-204.61616477629534
3896,16.682148059958678,2,0.01,-198.4775146831249
3897,29.57828921164357,60,0.01,-194.0547664949099
3898,-501.73233932324337,0,0.01,-199.48915326006062
3899,-651.0255988479983,0,0.01,-206.19875559156515
3900,45.62314361051065,11,0.01,-205.79498686927863
3901,9.233059434543954,17,0.01,-205.93542727468486
3902,-280.85115658868284,0,0.01,-208.95978805130753
3903,-451.59461281406334,0,0.01,-213.6111895347233
3904,28.25087033006945,69,0.01,-213.66589430797126
3905,37.20737059913513,15,0.01,-206.82701308939994
3906,-617.0021397963696,0,0.01,-211.26174251232015
3907,-246.0687715149627,0,0.01,-209.71745313494907
3908,-195.56644714210904,0,0.01,-211.9322932346412
3909,-128.72486433978793,0,0.01,-206.714151228383
3910,-178.65344151910733,0,0.01,-203.69239551264877
3911,2.6271027345831537,20,0.01,-203.37415710416298
3912,-150.49863207881845,0,0.01,-200.6070109987581
3913,-131.8019081188773,0,0.01,-200.52887866506325
3914,16.459272620938513,2,0.01,-200.65401188003983
3915,45.43910123155066,4,0.01,-198.593065184501
3916,-19.77199492485522,0,0.01,-198.86471061398126
3917,-552.7233179345533,0,0.01,-203.1068212928294
3918,17.453461920272034,2,0.01,-196.4261060117118
3919,5.231347022944578,1,0.01,-194.02561909319888
3920,-36.06139264613972,41,0.01,-194.8666180669942
3921,-609.6304587093772,0,0.01,-199.56012102296467
3922,-636.8004572353303,0,0.01,-203.6681812928717
3923,-411.17750661810595,0,0.01,-208.16691618860074
3924,-111.16706055601867,0,0.01,-208.83951095465284
3925,-56.121330746098295,0,0.01,-208.0882471480233
3926,-282.2108964310642,0,0.01,-211.0527058890046
3927,26.61031702978258,23,0.01,-204.45159367450674
3928,19.093742055900666,8,0.01,-198.3725435134302
3929,-100.84393506102197,0,0.01,-193.54215661356534
3930,31.01780513008412,6,0.01,-188.33415323958732
3931,13.50314291847185,50,0.01,-188.45307141259516
3932,39.66806855083101,44,0.01,-181.76742226482816
3933,-40.107949708401236,17,0.01,-179.33818711455032
3934,35.80781269535954,6,0.01,-176.49626472454602
3935,27.703769747017834,50,0.01,-174.02918155487671
3936,7.750981376731934,58,0.01,-172.10842167864084
3937,23.961905347976465,17,0.01,-172.34624993707635
3938,-263.46087686090834,0,0.01,-171.37960826077762
3939,-308.9140593693348,0,0.01,-174.80726098936273
3940,-342.66819165607365,0,0.01,-176.60973585911543
3941,13.669818376105695,27,0.01,-176.88198110718497
3942,-257.605470313893,0,0.01,-179.67404365372124
3943,38.41224790202215,0,0.01,-172.2980864440562
3944,23.85351956485754,64,0.01,-172.1379377872638
3945,44.23378996431632,51,0.01,-171.21076565189506
3946,-468.24460753447084,0,0.01,-176.08309874816445
3947,-366.87335466749744,0,0.01,-180.0555511123523
3948,7.085294724745755,52,0.01,-177.02705811407716
3949,38.35291274179364,3,0.01,-173.9277438369429
3950,48.94906139994359,62,0.01,-171.52513588065057
3951,19.55811947618284,3,0.01,-171.78868350468215
3952,-133.25019445698,0,0.01,-166.4675967615711
3953,-24.031460748074664,18,0.01,-166.9214595125035
3954,21.00399442521814,27,0.01,-162.34884962572028
3955,26.055401985733745,1,0.01,-161.92825566129608
3956,-589.5951714866584,0,0.01,-163.59867460956147
3957,10.530970772000144,10,0.01,-158.0355048142257
3958,-39.067877871235055,0,0.01,-154.42175564119725
3959,-157.07136135190018,0,0.01,-156.14554546567274
3960,8.112097538021107,76,0.01,-156.14249376357287
3961,45.12765532880192,29,0.01,-154.1490915725388
3962,23.740016503072383,1,0.01,-154.37429000341322
3963,-64.62913734432237,0,0.01,-151.63192456849185
3964,-238.16393933482692,0,0.01,-154.04476338323857
3965,-257.89074849474355,0,0.01,-156.6916117366512
3966,-682.4265986905293,0,0.01,-161.45244322593814
3967,-188.59769153764069,0,0.01,-163.20451465391952
3968,20.50012821667603,26,0.01,-163.10558619366043
3969,-574.1928657151414,0,0.01,-165.05512179337427
3970,-145.3600747415005,0,0.01,-166.76269747148592
3971,36.22422854651059,3,0.01,-166.49031151050818
3972,-428.3238327629454,0,0.01,-167.83172021616906
3973,-243.4828050034106,0,0.01,-170.6907147055222
3974,-120.1070143872613,0,0.01,-168.05999072283194
3975,39.55242050466644,1,0.01,-164.72636086682297
3976,-582.5653268943703,0,0.01,-170.96845448666718
3977,-572.4825164680229,0,0.01,-173.7859976808212
3978,-233.15141336937893,0,0.01,-175.9877001148304
3979,-101.54272326376503,0,0.01,-175.13943908556266
3980,24.271960950972108,66,0.01,-170.87163467074825
3981,47.05841212981653,56,0.01,-168.9498021275267
3982,-521.569611121025,0,0.01,-168.17286053393443
3983,28.972154937039647,4,0.01,-163.85726669475756
3984,5.421234412852858,29,0.01,-157.86202795757933
3985,8.318021102048455,1,0.01,-151.08325278383222
3986,-274.471015118166,0,0.01,-148.6678918298304
3987,27.49396105003503,0,0.01,-147.24936236400998
3988,-406.27681687399973,0,0.01,-151.39968498369151
3989,-217.7039385519708,0,0.01,-153.43545303983166
3990,-260.05548706423576,0,0.01,-149.76573968962845
3991,14.455420322836087,59,0.01,-150.10541677789573
3992,-36.65243870268921,23,0.01,-150.13118529832929
3993,-39.435483757571205,2,0.01,-145.8486669070764
3994,40.108065671132536,7,0.01,-143.47209218185026
3995,-373.360973405794,0,0.01,-147.6339767139962
3996,11.666175697997616,29,0.01,-147.68413643761576
3997,-202.07236128147528,0,0.01,-150.00064294254696
3998,-145.5029084394245,0,0.01,-146.43834863370876
3999,15.041974402624582,54,0.01,-139.77767290120255
4000,37.556396082598816,70,0.01,-139.85834037648164
4001,63.77856417779816,49,0.01,-139.31288532904912
4002,40.24582260716774,4,0.01,-136.10191553709063
4003,6.348479230293179,11,0.01,-131.52248461664706
4004,20.138477868953927,63,0.01,-131.6036085412582
4005,-312.62382660592755,0,0.01,-135.10192051330884
4006,61.70020707078068,36,0.01,-128.31489704463735
4007,44.47860710436472,70,0.01,-125.40942325844406
4008,7.226148873023721,1,0.01,-123.38149729829273
4009,67.1760463249703,5,0.01,-121.42248819164516
4010,11.878457745996528,1,0.01,-119.51716919899408
4011,56.76090655797004,68,0.01,-118.97583116076021
4012,64.96112212634232,3,0.01,-116.82123361870862
4013,4.670686440186318,3,0.01,-115.456507673118
4014,23.77061305466679,40,0.01,-115.38339426878072
4015,8.35562956327858,47,0.01,-115.75422898546343
4016,68.66466919797351,1,0.01,-114.86986234423516
4017,1.0,52,0.01,-109.33262916488962
4018,-375.57377383867964,0,0.01,-113.26290152247913
4019,27.22818110473341,64,0.01,-113.04293318166123
4020,-325.3349603446837,0,0.01,-115.93566885864668
4021,-381.02865434667245,0,0.01,-113.64965081501963
4022,12.693438288944419,42,0.01,-107.15471185977685
4023,-492.6616360508225,0,0.01,-107.96955315410403
4024,34.957928285737594,23,0.01,-106.50830326568648
4025,-70.84223031855558,0,0.01,-106.65551226141108
4026,18.280150117156865,60,0.01,-103.65060179592886
4027,16.462591854231132,3,0.01,-103.75207904768439
4028,10.409213336266442,4,0.01,-103.8389243348807
4029,3.9387486297234973,2,0.01,-102.79109749797325
4030,5.860105748304315,1,0.01,-103.04267449179102
4031,57.99376852222954,71,0.01,-102.59776823575345
4032,16.485422948201254,16,0.01,-102.82959469177975
4033,7.978747861464139,1,0.01,-102.34872771608111
4034,59.63239793811079,71,0.01,-102.11048186365362
4035,55.819319031520784,14,0.01,-101.82932637080857
4036,4.565362243743717,30,0.01,-101.86118256213845
4037,20.83101402136984,3,0.01,-101.89249147540451
4038,-281.58844770263363,0,0.01,-102.07376718382176
4039,34.05866422975922,5,0.01,-98.64403994783082
4040,48.55154768200274,60,0.01,-94.73184255445007
4041,42.679885736864264,13,0.01,-94.44174188084247
4042,30.917334736970595,48,0.01,-91.55651383033386
4043,35.27475811573599,4,0.01,-91.5878887281967
4044,-204.15025179801063,0,0.01,-93.86792644182536
4045,13.50185652018625,8,0.01,-94.17524577626668
4046,40.989376394461736,44,0.01,-89.08290593697735
4047,37.47279300629282,57,0.01,-85.03944446023947
4048,-49.51324187119026,0,0.01,-85.60542982619883
4049,36.625174057448234,65,0.01,-85.62270721304229
4050,50.59137084871808,55,0.01,-85.60628411855454
4051,55.48758052561538,1,0.01,-85.24698950806021
4052,38.02562638308641,2,0.01,-83.53423129965951
4053,-41.08491241161221,5,0.01,-83.7047658162949
4054,-626.7910504505369,0,0.01,-90.18271626505246
4055,15.847031503402006,1,0.01,-90.28479996987576
4056,26.904898770616413,53,0.01,-84.11979926730304
4057,30.380455979639926,29,0.01,-83.92130441522664
4058,46.327317238967176,54,0.01,-83.06735246412461
4059,20.296488458579415,5,0.01,-81.29367396601982
4060,62.98443925557888,56,0.01,-80.74495054884423
4061,16.17429632536602,2,0.01,-81.03448413887861
4062,64.95928725615383,39,0.01,-80.62229143134779
4063,67.45735611686919,3,0.01,-79.30142649673587
4064,63.452748090972534,47,0.01,-76.2852596224779
4065,-389.56897314017345,0,0.01,-77.60204186893219
4066,39.86660034954543,61,0.01,-70.37910987853142
4067,16.419468521120997,79,0.01,-68.3289382779438
4068,9.079119594248542,1,0.01,-68.4431483641681
4069,26.005398671872154,61,0.01,-62.44116572029796
4070,31.302100546058,3,0.01,-60.674543967422366
4071,44.45349226090094,22,0.01,-60.592251330278465
4072,54.585504163909874,73,0.01,-55.76315796100991
4073,26.88408192938979,53,0.01,-53.05948909168191
4074,25.598877756287994,15,0.01,-51.602430170246414
4075,45.68774234548256,61,0.01,-51.54107695183826
4076,45.211069375233734,55,0.01,-45.26331298914221
4077,18.377326141476953,4,0.01,-39.35471456304721
4078,11.858315439146885,55,0.01,-36.90461727496196
4079,39.94457599681521,61,0.01,-35.489744282356156
4080,50.08913222280226,43,0.01,-35.231572569637855
4081,42.072920303802704,77,0.01,-35.28142748789799
4082,53.31775965883821,68,0.01,-29.53255378009936
4083,51.161061292525545,3,0.01,-29.3106647165445
4084,66.08075323436447,58,0.01,-28.704069528329374
4085,59.334940310464205,2,0.01,-28.19390033624522
4086,21.81346937780987,5,0.01,-25.23105549128546
4087,-377.5864904225569,0,0.01,-29.28186000601139
4088,-303.3647458926611,0,0.01,-28.252739296197998
4089,60.30075786462948,2,0.01,-25.472692332031997
4090,-0.7032775363969392,2,0.01,-22.87917023675361
4091,19.41832419834185,14,0.01,-22.829541197998555
4092,29.767732918873772,24,0.01,-22.165339481782922
4093,44.90579178589717,22,0.01,-21.321926726348238
4094,53.850393234856604,7,0.01,-21.184503450710995
4095,-6.3510557497905324,0,0.01,-17.514404274150962
4096,61.891433037348406,30,0.01,-17.012151700757453
4097,-2.8266024307807527,0,0.01,-15.019694112250509
4098,61.0849061534841,4,0.01,-12.953815966321422
4099,44.66315368624595,2,0.01,-12.657604173485211
4100,64.51123497071717,69,0.01,-12.388055784604026
4101,44.80811159447697,49,0.01,-12.57776031043724
4102,43.32863205669219,74,0.01,-12.546932215941995
4103,7.194464041181288,35,0.01,-12.538472367833116
4104,-153.66372188887044,0,0.01,-14.276494365411356
4105,49.03312094439538,77,0.01,-10.659924889908128
4106,60.29475481768946,71,0.01,-10.673979412439042
4107,56.76419021018617,46,0.01,-10.551123581380823
4108,42.77026693445194,9,0.01,-10.195682400766543
4109,24.658907763242027,4,0.01,-10.620853786383822
4110,21.247265466486027,1,0.01,-10.527165709178927
4111,52.77431795731082,1,0.01,-10.567031595185522
4112,49.8598226542603,3,0.01,-10.718044589906341
4113,61.652409586329526,1,0.01,-10.14822735844491
4114,-9.896264575529841,0,0.01,-10.484896134746872
4115,31.141170553566784,72,0.01,-10.257040724843991
4116,43.05036320960113,4,0.01,-10.513183784727719
4117,52.10738881716077,75,0.01,-10.002109896556108
4118,34.08254515860619,1,0.01,-5.90554670658325
4119,55.84095400666615,12,0.01,-5.619418977563924
4120,66.02288481732242,24,0.01,-1.705840525943864
4121,11.232490167572994,32,0.01,2.2167709191985887
4122,64.27344479108957,1,0.01,2.7325709842200414
4123,59.13373081464417,4,0.01,8.250524652874708
4124,-451.5970667759924,0,0.01,3.3849747022574093
4125,38.56709415152645,66,0.01,4.479067946958229
4126,65.96937935425109,7,0.01,4.955960239329173
4127,-89.12988225952958,0,0.01,3.9000354981915653
4128,65.22240704159377,69,0.01,4.448167435244838
4129,57.997213317545786,65,0.01,4.988752082123062
4130,16.210864225257254,22,0.01,5.09225966689259
4131,8.633913724962191,59,0.01,4.598661118919917
4132,6.675244662663228,2,0.01,4.500559336064535
4133,49.26134779064261,50,0.01,4.91338533535632
4134,-255.5205303844224,0,0.01,1.7618560521309883
4135,37.84144132743758,1,0.01,1.5820772750901562
4136,32.332389321222614,3,0.01,1.8597475458649464
4137,35.12989449347611,52,0.01,2.0027363505860083
4138,18.68487689906144,5,0.01,5.0054695966029605
4139,66.67415940950356,3,0.01,5.331624548400402
4140,6.24156922609361,62,0.01,4.908524763841313
4141,26.17851231136505,63,0.01,4.743511029586319
4142,53.08080349728297,9,0.01,4.9651457171894435
4143,50.2073235402567,36,0.01,5.11447137143465
4144,34.27341494400134,69,0.01,7.4987080388547716
4145,39.739285254796215,17,0.01,7.761082326200871
4146,-0.6019808567456835,42,0.01,7.345168753688795
4147,48.215182213774796,45,0.01,7.452592645763613
4148,-421.5616819776063,0,0.01,3.7321082446994556
4149,33.07609045015325,0,0.01,3.696617408626503
4150,-45.01612983862563,0,0.01,2.7405424017530686
4151,53.627985556608664,9,0.01,2.7219464520630017
4152,65.22911322693885,71,0.01,2.993981320501526
4153,68.84357884877224,3,0.01,4.093266233105369
4154,4.321905112837703,5,0.01,10.404395788739114
4155,8.738178325076717,1,0.01,10.33330725695586
4156,68.45398809635049,73,0.01,10.748798150213204
4157,-639.2717291964414,0,0.01,4.052276298452391
4158,25.61091081776964,3,0.01,3.8451122342404154
4159,34.06995184804355,45,0.01,3.982846868135056
4160,9.796460179145841,0,0.01,3.4509670773707275
4161,5.961887221498243,63,0.01,3.348842986332049
4162,-545.569673417472,0,0.01,-2.7564466204042093
4163,52.79892270797683,2,0.01,-2.9030309544931328
4164,7.799165614113875,21,0.01,-3.459566779261719
4165,52.25962434467041,2,0.01,0.9587191955867204
4166,26.748508940225186,37,0.01,0.8275382814935186
4167,41.076727848342664,3,0.01,1.074110874765735
4168,51.460799221300746,3,0.01,1.497927671036257
4169,48.6991352652014,15,0.01,1.724865036969549
4170,73.17598871377292,53,0.01,2.1436039186466984
4171,70.79024566433299,52,0.01,2.4069714526810198
4172,-25.262392433901624,48,0.01,1.608492486702904
4173,-285.78336336125125,0,0.01,-1.5181819662035074
4174,5.388846560789096,24,0.01,-1.7202822781584959
4175,43.12674014783821,60,0.01,-1.7458923001349387
4176,16.02922921728582,61,0.01,-2.0377107017144165
4177,66.79685407881284,27,0.01,-1.553515422341057
4178,49.28035928635545,4,0.01,-1.1792949838689721
4179,-59.86853991780883,0,0.01,-2.1774261430152113
4180,60.30871464113623,42,0.01,-2.0752303188318737
4181,46.94184990579522,61,0.01,-2.0265410228119474
4182,4.041709425161478,17,0.01,-2.519301525148716
4183,5.880590327633321,75,0.01,-2.9721062347976375
4184,43.94284114995966,67,0.01,-3.1934853556416876
4185,59.986046867263845,36,0.01,-3.1869742900736906
4186,35.35909128727744,1,0.01,-3.051518070979015
4187,38.672191828231384,77,0.01,1.1110687515288695
4188,-101.61979453306503,0,0.01,3.128518265124829
4189,15.806173655066928,4,0.01,2.683572423029205
4190,-536.7921784667951,0,0.01,-2.677316586274778
4191,16.424379857891143,63,0.01,-2.7072560296792836
4192,22.739268800643387,51,0.01,-2.7775406708615895
4193,66.13761706875323,69,0.01,-2.5652224180330294
4194,45.55941360795171,42,0.01,-2.648132214302077
4195,41.59292633511262,50,0.01,-2.168692393453047
4196,6.811449666832522,1,0.01,-2.719492227158205
4197,-277.732399079085,0,0.01,-5.468550193641249
4198,56.02338445773623,59,0.01,-5.519165410598726
4199,40.46022478488788,70,0.01,-5.561194699612307
4200,-137.44544345405802,0,0.01,-7.580761483860058
4201,77.41118137384787,4,0.01,-7.2547307860663475
4202,75.76038658730602,2,0.01,-6.930413240760208
4203,27.463563740922865,81,0.01,-6.727722243762794
4204,36.39510900175473,1,0.01,-4.827133934856542
4205,73.05068246914576,41,0.01,-4.5869583196090415
4206,28.196963439297495,2,0.01,-4.907936233392959
4207,19.196051970832155,3,0.01,-5.2836176157865005
4208,77.79101661367751,3,0.01,-4.933410118994245
4209,21.98916617135367,52,0.01,-4.9601075349131305
4210,10.48588119389149,60,0.01,-5.067721377639076
4211,71.17357148967025,58,0.01,-4.88372884231548
4212,77.13993201808582,42,0.01,-4.610927748677226
4213,16.234111672053167,6,0.01,-5.065110727819986
4214,38.57332638155169,27,0.01,-4.580414818249171
4215,32.76865460111093,82,0.01,-4.5641399777737295
4216,66.69772207739325,43,0.01,-4.32766638909581
4217,66.60211094094619,82,0.01,-4.182719167857955
4218,64.37739869512535,51,0.01,-3.8797706324927623
4219,18.851004851316702,0,0.01,-4.249670124046257
4220,10.126538016301112,19,0.01,-4.80863359205647
4221,44.95516580104252,27,0.01,-4.471406835721777
4222,77.02784468982657,36,0.01,-4.343862836734408
4223,31.00648383806346,21,0.01,-4.625135306500215
4224,20.491923147238918,38,0.01,0.09575459273209926
4225,42.49358457069098,5,0.01,0.13501949692374343
4226,40.020796407709184,49,0.01,-0.12446633254167615
4227,14.01652986088169,33,0.01,0.9069977886624366
4228,58.80890017695634,73,0.01,0.8428627200160625
4229,6.537971550630096,28,0.01,0.32827030234690663
4230,11.0682711617089,2,0.01,0.2768443717114218
4231,26.32292727235973,79,0.01,0.4537345071853976
4232,54.616061124472324,47,0.01,0.9331426718034871
4233,25.407806389154686,69,0.01,0.6946072577886113
4234,17.036402835170474,66,0.01,3.420176589984539
4235,-14.054165015615752,3,0.01,2.9012205265540025
4236,10.711739102285922,38,0.01,2.685014024364638
4237,59.362094280913226,5,0.01,2.927336022239008
4238,-232.56546364860606,0,0.01,0.41483261676233324
4239,29.474339475112522,75,0.01,0.04283441741842019
4240,-16.77531178422535,38,0.01,-0.18733439268476665
4241,18.22644725998059,3,0.01,-0.2668550431986112
4242,14.632655740991813,26,0.01,-0.6513365207615243
4243,38.80419888861943,42,0.01,-0.7653677672778966
4244,44.22482350437721,44,0.01,-0.6658536816741377
4245,40.04772450610748,32,0.01,-0.6627692891610255
4246,62.26193238891942,69,0.01,-0.034130156704375025
4247,72.22540348730624,5,0.01,0.20597205603094054
4248,68.1402185807193,25,0.01,5.102991061614198
4249,44.35324351334319,3,0.01,5.2157625922460955
4250,46.82578258281455,34,0.01,6.1341817164605
4251,18.353232750524555,4,0.01,5.781434188399657
4252,55.976629390879516,3,0.01,5.688909350039065
4253,64.0471567763856,80,0.01,5.6409451293152
4254,13.947557075972185,45,0.01,5.737201648946547
4255,53.00626108787432,1,0.01,6.179882476574521
4256,16.38420085487014,5,0.01,5.659184604159719
4257,38.273905770855094,4,0.01,12.434640953832682
4258,60.27188770889275,5,0.01,12.781250722743913
4259,42.19882756425848,51,0.01,12.862539479906063
4260,-84.8299643323858,0,0.01,11.916275234790746
4261,59.43289905709795,0,0.01,12.450985353146743
4262,47.30928315087613,1,0.01,18.379774918830222
4263,34.948619899698556,2,0.01,18.201271890747442
4264,69.82591764923498,2,0.01,18.82153941109865
4265,6.191193873558481,2,0.01,18.360855106387536
4266,73.26052812154923,47,0.01,18.82597529820077
4267,34.43046590894291,9,0.01,18.75951267880678
4268,42.47446058847345,51,0.01,18.669649292478503
4269,42.2625032627852,3,0.01,18.605282972454344
4270,78.73365409073001,5,0.01,18.66085962622391
4271,74.61981148173366,34,0.01,18.699155284397918
4272,-131.65450241103167,0,0.01,17.635234184626615
4273,31.177623385687447,45,0.01,20.804844052096
4274,33.7086210220197,2,0.01,21.088041796708303
4275,6.753043128705167,2,0.01,20.724304826516978
4276,43.63338709878296,76,0.01,21.000346405331946
4277,15.051215647615251,60,0.01,20.482890021019976
4278,41.93011266051669,42,0.01,20.409387554761587
4279,61.01752734001646,54,0.01,21.61824822733984
4280,38.32442706176748,4,0.01,21.398405351546153
4281,21.32505168319781,72,0.01,21.142237369320174
4282,63.74339599815998,3,0.01,21.73925423505016
4283,26.865176728196822,2,0.01,21.949100099055794
4284,54.554826301891694,5,0.01,22.055219950575115
4285,66.60993444165888,17,0.01,22.121458826319067
4286,66.98832031954858,1,0.01,22.43775111664178
4287,21.062804609955805,73,0.01,22.261657244459023
4288,79.11679790215327,3,0.01,24.06902316881121
4289,60.61952064195795,53,0.01,24.51715663868012
4290,65.99813674176983,13,0.01,30.545059790765766
4291,-456.7549183823799,0,0.01,25.81326680836306
4292,45.591842426925155,7,0.01,26.041792544625878
4293,-2.914398784498445,11,0.01,25.35127238609336
4294,67.58156045322896,57,0.01,25.57149385454613
4295,15.221173114663966,4,0.01,25.307776322341642
4296,53.008929857105635,81,0.01,25.769751124244376
4297,-440.1727881820792,0,0.01,24.145347233214434
4298,5.058959517720199,22,0.01,23.635702983814273
4299,80.18083277705858,32,0.01,24.03290906373598
4300,-42.6098611434698,20,0.01,24.981264886841863
4301,66.70739516224427,41,0.01,24.87422702472583
4302,20.537565863874747,21,0.01,24.321998817491508
4303,67.2511217062965,49,0.01,24.719874397145244
4304,1.8657862157777743,11,0.01,24.37458116928548
4305,68.60718879960523,8,0.01,24.330146232590078
4306,68.41213983417882,66,0.01,24.732297996538897
4307,11.157351968977155,24,0.01,24.651910996520346
4308,50.56406175708457,19,0.01,24.37964144795441
4309,16.729289775689036,4,0.01,24.32704268399777
4310,40.13626588255117,5,0.01,24.623546530884358
4311,76.9905920295438,4,0.01,24.681716736283093
4312,73.43675439922384,15,0.01,24.64468496009447
4313,-420.9355865632682,0,0.01,20.27298797774126
4314,22.549562054326103,72,0.01,20.112750334469002
4315,81.14530565210147,57,0.01,20.59651684497891
4316,49.508039594263465,80,0.01,20.424620020147614
4317,70.42856702248251,84,0.01,20.462884580962978
4318,25.17830710042811,18,0.01,20.070893665016005
4319,33.563397851126126,3,0.01,20.2180175950141
4320,80.07969635987517,4,0.01,20.91754917844984
4321,22.982419386653163,22,0.01,20.697821714305945
4322,25.590084378699764,73,0.01,20.183444111194678
4323,9.05524690995129,1,0.01,19.963931741913555
4324,28.813038168159693,46,0.01,20.047142892122764
4325,82.30301515384402,4,0.01,20.44523719795429
4326,0.7092405975541851,44,0.01,20.052121639852743
4327,65.03593840713972,1,0.01,20.562315725315326
4328,74.52464906401187,68,0.01,20.719473214185882
4329,58.54834898583224,77,0.01,21.2395769885379
4330,56.67635818034706,76,0.01,21.69565785872428
4331,36.30258949695143,2,0.01,21.795454480970196
4332,7.85522505603834,2,0.01,21.327846120285862
4333,45.29591585335045,2,0.01,21.526727214927817
4334,52.6405694007873,4,0.01,21.88276888058398
4335,47.28471207305572,36,0.01,22.4961576514707
4336,39.89750048089279,55,0.01,22.788015265256767
4337,60.87697456521489,44,0.01,22.803164068099782
4338,57.43686918847643,4,0.01,25.70318739647061
4339,43.224986749362586,4,0.01,25.84069386921311
4340,72.62846620788963,33,0.01,26.734731649134265
4341,57.924025254590504,4,0.01,27.131707429080365
4342,30.213259130234,3,0.01,27.287513462972782
4343,14.659059968830139,43,0.01,27.04606207377489
4344,-103.6234303057529,0,0.01,25.56757953567359
4345,-419.1671426555287,0,0.01,20.97543086405723
4346,51.82127258909876,4,0.01,20.871024266059017
4347,10.447044736425994,31,0.01,20.253240678550213
4348,16.37495306276623,2,0.01,19.73558802337069
4349,12.461739782125779,3,0.01,19.416672986058515
4350,7.431892404648426,16,0.01,19.022734084276852
4351,3.7628734792626517,2,0.01,18.87683049156423
4352,80.74844764191052,43,0.01,19.124548674074543
4353,44.89574117412626,42,0.01,18.933034518051947
4354,62.51994824536144,4,0.01,19.418758429745843
4355,61.862972389227934,82,0.01,19.507325542759375
4356,64.66473109458973,3,0.01,19.990130845156575
4357,48.622089734306904,37,0.01,20.09361268479109
4358,-276.51345048393665,0,0.01,16.725759302862798
4359,74.66320462851291,76,0.01,17.05040307350534
4360,-115.52414881835409,0,0.01,16.74346122864566
4361,12.50881888165652,28,0.01,16.274220426891244
4362,22.481051369492448,1,0.01,16.02593810907741
4363,46.108425354414706,11,0.01,16.137536163624574
4364,22.807828665284752,42,0.01,15.667355273785068
4365,-110.94696960570742,0,0.01,14.495973638992412
4366,71.78078904530636,11,0.01,14.481176248229984
4367,45.6099834506114,17,0.01,14.592971423646668
4368,21.919832732973227,13,0.01,14.387425145091665
4369,55.04247989921243,2,0.01,14.515224911455935
4370,48.20885443028388,8,0.01,14.209976914851474
4371,70.67045420909915,2,0.01,14.17048334212513
4372,57.88238453677828,2,0.01,16.06585221160323
4373,27.497447934285937,22,0.01,16.029050457089216
4374,31.681059839029487,9,0.01,16.008774845259314
4375,60.080899278785814,2,0.01,16.54205340676012
4376,61.60386081651719,62,0.01,16.721758143937464
4377,51.93829072975773,49,0.01,17.09062889475889
4378,82.33400605380854,52,0.01,17.494667828691806
4379,69.88499326181021,1,0.01,17.583342487909743
4380,60.61245734521543,4,0.01,17.806222790744222
4381,13.79891453938358,1,0.01,17.730961419306077
4382,54.440525457660975,81,0.01,17.63793271390109
4383,50.160122089304565,21,0.01,17.870882167512164
4384,-107.77823244196682,0,0.01,16.24755158007358
4385,63.90016841319407,37,0.01,16.22045391978893
4386,37.532972128690304,75,0.01,15.925900437880351
4387,25.945124125746702,27,0.01,15.974723633038257
4388,64.92016881815985,14,0.01,15.832757342198322
4389,20.421688202529577,73,0.01,15.430779017804038
4390,78.36013833395636,3,0.01,15.554399033725907
4391,39.99886041319556,3,0.01,20.52193682168166
4392,71.94385756364396,53,0.01,20.78545697304885
4393,17.362219317729085,5,0.01,20.988223154071125
4394,-265.4971739365507,0,0.01,17.65743581017333
4395,48.650343815028734,47,0.01,17.991727517176972
4396,42.17812356565879,65,0.01,17.883419454262505
4397,35.2042211558586,2,0.01,22.637189547641892
4398,35.303213489813245,2,0.01,22.939632087362817
4399,33.837308096924886,67,0.01,22.476196840561478
4400,70.59620796751923,2,0.01,23.608257531671367
4401,60.10822151003763,51,0.01,23.5422657951493
4402,11.192594659608126,49,0.01,23.448816083106635
4403,34.10878789514246,12,0.01,23.11739274499509
4404,33.86787316022366,54,0.01,23.437413614439553
4405,63.59734794395743,2,0.01,23.387315205883073
4406,-11.057097872469171,14,0.01,22.592622828816598
4407,-31.041203351521574,48,0.01,22.170637275611607
4408,29.62998705122783,1,0.01,21.96129652855304
4409,8.229173314573927,67,0.01,21.876295363941885
4410,13.796329511672019,12,0.01,21.612896000233096
4411,31.70515122579382,35,0.01,21.160041592195597
4412,-21.51661815471914,2,0.01,20.21050786665616
4413,17.84528148408848,50,0.01,24.59831654712973
4414,74.67999414915555,0,0.01,25.119620868078027
4415,67.52499446620087,34,0.01,24.98341775621902
4416,-686.7067148946467,0,0.01,17.62127021132992
4417,25.8814976262732,45,0.01,17.175799517367828
4418,11.922495870635991,3,0.01,17.043241405069907
4419,-19.489322324251305,0,0.01,16.512714203316133
4420,46.99535684961513,1,0.01,16.18187080821353
4421,15.486828656245017,4,0.01,16.10691490090945
4422,23.15956057852747,4,0.01,16.082609662907725
4423,64.9934050385106,3,0.01,16.641991244193324
4424,-28.16891177730382,0,0.01,16.072171744738686
4425,22.1188181511899,50,0.01,15.470329774712148
4426,-0.6842121423014191,14,0.01,15.456395247313589
4427,27.89051883259863,42,0.01,15.084941051568183
4428,-206.63098667597188,0,0.01,12.273384694168342
4429,49.59706059819641,79,0.01,12.183871810291983
4430,34.4514123069075,3,0.01,11.961622351557585
4431,29.193333544222035,6,0.01,11.890529792030291
4432,53.1711455258196,13,0.01,12.343688996728103
4433,14.890801841083444,26,0.01,12.039637856605435
4434,48.91495417670002,36,0.01,12.002381704364561
4435,46.8093698523837,23,0.01,11.99762828215784
4436,46.06575535352923,59,0.01,12.059310830884208
4437,24.35944161815811,48,0.01,11.69413550141364
4438,84.09082937776063,3,0.01,11.96067510330648
4439,27.73417120492781,41,0.01,11.805766947862134
4440,43.866738586801866,1,0.01,11.518149671651253
4441,27.287692153444453,22,0.01,11.211786340639794
4442,52.55312526692241,74,0.01,11.435185002006682
4443,-72.57853203618131,0,0.01,10.562809081956564
4444,-304.2089188784477,0,0.01,8.556954196229617
4445,31.354555610578352,45,0.01,13.062171178890685
4446,31.36956808353218,28,0.01,12.85765413383502
4447,21.644135827392923,44,0.01,12.969625044744689
4448,18.716331237906893,61,0.01,12.993038826496097
4449,64.61372694306039,80,0.01,13.514558698105443
4450,64.92290825608478,4,0.01,14.089468856619808
4451,17.19176388810928,1,0.01,14.223757760708272
4452,-648.6807655690527,0,0.01,6.929465628598641
4453,-594.4382360770395,0,0.01,0.5361258560869839
4454,13.980931858486906,73,0.01,0.05073569221823755
4455,34.0043654206297,1,0.01,-0.22785037746774478
4456,50.22475124438977,1,0.01,-0.3722501759697443
4457,71.58406178516493,31,0.01,-0.14263045546116657
4458,76.1232255030204,72,0.01,3.3837363044084054
4459,27.55639803050564,49,0.01,2.912668238428331
4460,-35.87638049324681,30,0.01,3.709145921679406
4461,20.810419420469373,85,0.01,3.792161927067533
4462,58.47043391996178,2,0.01,4.1520557525722275
4463,-291.7334124939144,0,0.01,0.7736373740889365
4464,79.05541484433087,1,0.01,1.3361132358793975
4465,66.53962543107968,4,0.01,3.1109791862472673
4466,19.846626108562663,4,0.01,2.591637556879831
4467,60.67169319911751,62,0.01,2.7422546543648934
4468,-44.079555185214375,6,0.01,2.082260775183018
4469,10.111463382887363,22,0.01,1.6329506100197673
4470,32.807640784306535,68,0.01,1.478938473559993
4471,40.86909317454585,87,0.01,1.1809248632144607
4472,34.56942230098414,3,0.01,0.9477952408565177
4473,41.57403587504715,15,0.01,1.0885611202641305
4474,-23.956966935504283,4,0.01,0.5321808525187923
4475,24.53864499650679,3,0.01,0.17675830969600284
4476,-302.15586914185235,0,0.01,-3.4608389898876943
4477,20.743027706442817,5,0.01,-3.7727916201208433
4478,28.57346877661778,66,0.01,-4.310396992892751
4479,67.13335472991284,22,0.01,-4.3379133782117245
4480,74.1610121772078,1,0.01,-4.202427829891796
4481,77.80731076371036,31,0.01,-3.5623438676485284
4482,52.46445027822996,88,0.01,-3.582104619442839
4483,79.89512537132414,57,0.01,-3.2847545866226455
4484,74.9933600441373,31,0.01,-1.4570386617616031
4485,78.22041375615666,2,0.01,-1.3138362083319757
4486,52.83380628392041,59,0.01,-1.1608278667796739
4487,19.12637849720374,59,0.01,-1.2290153230651046
4488,31.742220152863617,20,0.01,-1.560794809718071
4489,22.84842885890792,65,0.01,-1.536527403154289
4490,47.50347369008242,4,0.01,-1.845094049593026
4491,86.16137967596623,28,0.01,-1.383468856965319
4492,47.90228436174592,77,0.01,-1.6238845889842992
4493,88.07730487107791,32,0.01,-0.9167337334508134
4494,38.25499638675231,0,0.01,2.120787969782218
4495,42.39978617691031,16,0.01,2.0582823934010333
4496,42.71288271067334,66,0.01,2.063629984851181
4497,64.14115965316039,21,0.01,2.3529993698242
4498,15.168610749821042,5,0.01,2.1516533424242765
4499,38.96613492691896,1,0.01,2.2029416107242175
4500,14.969719596256194,46,0.01,1.6466767270115854
4501,56.77191614413125,60,0.01,1.613313673352522
4502,32.93751933928888,48,0.01,1.8307629201493298
4503,60.49180701433497,50,0.01,2.0945931113412573
4504,15.892130199745097,29,0.01,1.9148356817364727
4505,40.55267611210513,3,0.01,1.6843889634179465
4506,89.26800845156133,81,0.01,2.687640026658254
4507,88.96713978436604,11,0.01,3.8877234580171303
4508,74.80591125251976,24,0.01,4.33948270003005
4509,63.9789203449873,19,0.01,4.896980170334183
4510,35.96484565724279,15,0.01,5.11866533178989
4511,83.83495849678945,1,0.01,5.639963404499845
4512,15.953213592706692,17,0.01,6.014661721974099
4513,65.14448837356771,3,0.01,6.487653790868893
4514,45.34988663716808,31,0.01,6.194352715749018
4515,55.23841005238226,66,0.01,6.071486871610831
4516,47.20161748266531,75,0.01,13.410570195383958
4517,72.53263877007275,62,0.01,13.877081606821948
4518,66.51420733461191,3,0.01,14.422998721461708
4519,26.981897711302892,27,0.01,14.887710921817252
4520,77.24149752740428,61,0.01,15.190172328595146
4521,50.67330639011169,3,0.01,15.542037105933813
4522,58.09902308087733,5,0.01,15.891431730957311
4523,51.605317194243796,63,0.01,15.757550852514644
4524,37.83620423702288,1,0.01,16.41760201265791
4525,20.887078009888338,21,0.01,16.405284611244895
4526,40.17753102595891,41,0.01,16.813902042927495
4527,36.614360224575364,43,0.01,16.901140456847266
4528,29.89761226692028,52,0.01,19.266426446276185
4529,59.340481182224835,62,0.01,19.363860652116472
4530,62.514101488693896,90,0.01,19.644487543934332
4531,-631.3440235741231,0,0.01,13.039113972750883
4532,59.64322662183608,88,0.01,13.103834783711047
4533,51.19703385512307,68,0.01,13.466897103851448
4534,21.95916924334751,64,0.01,13.197339254517917
4535,34.28913186743154,75,0.01,13.072136874668397
4536,32.512669895061734,18,0.01,12.936606020083723
4537,44.60817296334495,10,0.01,13.13909333353559
4538,-28.863041692110585,27,0.01,12.009554622836879
4539,25.737430763209417,0,0.01,11.989587218419695
4540,37.368255585189246,2,0.01,11.92460238840357
4541,50.570384406268914,3,0.01,12.157429310931809
4542,69.40214111738293,10,0.01,12.325919469436418
4543,35.06223161412553,70,0.01,13.402327105939483
4544,14.810186141042879,2,0.01,16.59251815613439
4545,25.016478337611275,2,0.01,16.529137383404716
4546,24.3547706602077,5,0.01,16.458989409171476
4547,-500.13335165161345,0,0.01,11.241214534381411
4548,71.32343512336318,41,0.01,11.767285573235977
4549,90.77984416617474,1,0.01,12.028946745467119
4550,20.609410109542956,3,0.01,11.5858117640017
4551,47.364476363584046,4,0.01,11.88753888875645
4552,43.75397363907197,32,0.01,18.8118862808377
4553,58.501165534934664,2,0.01,25.34128029695743
4554,13.163955215895566,1,0.01,25.333110530531517
4555,34.59097058714811,2,0.01,25.338976582196707
4556,38.42130677845759,28,0.01,25.22094213753738
4557,34.162247032817376,6,0.01,24.84672399001391
4558,72.81022858368412,4,0.01,24.813594020820545
4559,86.3416225099538,28,0.01,25.40144626561502
4560,90.85252301722946,47,0.01,26.668735300719785
4561,13.162638613638112,33,0.01,26.592257492651473
4562,26.107320736832072,86,0.01,26.268626360820182
4563,34.89232533501006,84,0.01,29.53488373910943
4564,63.553713163984135,31,0.01,29.379866722305955
4565,62.743117612441374,1,0.01,29.341901644119574
4566,16.292483149615148,4,0.01,29.306360214530102
4567,77.59615030849159,5,0.01,29.475604785623844
4568,48.986769558935435,65,0.01,30.406268033065345
4569,80.33103543984815,87,0.01,31.108463753634943
4570,47.89126742408979,17,0.01,31.259300020032782
4571,46.250623874811154,10,0.01,31.313115327035426
4572,64.86779505684679,47,0.01,31.616099054594056
4573,81.25144888917802,4,0.01,32.012873184735355
4574,17.652175851215794,15,0.01,32.42896461260256
4575,20.625283107053683,1,0.01,32.38983099370804
4576,71.85411365433886,2,0.01,36.12993082166995
4577,52.72282644790732,3,0.01,36.4497288090846
4578,-76.12593477269927,0,0.01,35.402734773591426
4579,43.52705296134844,39,0.01,35.16667175590579
4580,70.50547662506379,29,0.01,35.13011640038434
4581,-398.1793096831011,0,0.01,30.37025019591623
4582,13.727052359733857,4,0.01,29.982876216731267
4583,32.301152136766035,18,0.01,29.506936484385683
4584,19.225200743472566,5,0.01,28.949254891379038
4585,41.26238657708197,3,0.01,28.5796746195883
4586,53.12477818535018,0,0.01,28.58258433860259
4587,91.84203657812213,13,0.01,29.309740919411773
4588,13.92437846724891,3,0.01,29.131562502555624
4589,43.250063500516134,12,0.01,29.335578848971714
4590,69.90561922183537,88,0.01,29.559600304289237
4591,83.77348155385823,3,0.01,29.535721323068163
4592,36.612483353369235,4,0.01,29.42282331298439
4593,92.46823263191969,42,0.01,29.46673259059281
4594,63.7158123029639,26,0.01,29.721340749754926
4595,89.68898672005713,18,0.01,30.19423275518639
4596,52.11388501728473,21,0.01,30.288242778252506
4597,76.98619775175172,35,0.01,30.416693159238417
4598,83.38035189577957,19,0.01,31.098810570698003
4599,26.53880298031617,72,0.01,30.97453725123198
4600,92.5194152934672,3,0.01,31.750034208204088
4601,88.14491535041363,4,0.01,32.06376420026691
4602,-124.08406588575207,0,0.01,30.493548348016496
4603,41.52989184557092,1,0.01,30.30392919632886
4604,79.13311193396218,2,0.01,30.93633901367103
4605,25.321784020165225,49,0.01,30.784030092751628
4606,21.340715219724046,3,0.01,30.104757160433255
4607,47.92491668020357,74,0.01,29.694334929391633
4608,59.153881697321175,1,0.01,29.53781463383965
4609,75.04255519875431,4,0.01,29.648450982377316
4610,26.886634141517767,3,0.01,29.55766886722007
4611,83.17594735330272,22,0.01,29.551078755785202
4612,86.34341931445162,85,0.01,30.254980813002643
4613,-424.3818194570173,0,0.01,25.359717734696805
4614,62.12408930834407,2,0.01,25.527459761408565
4615,33.31779432699358,22,0.01,25.308253604154675
4616,40.349262969766016,90,0.01,25.23973005902568
4617,48.88736929249078,10,0.01,25.00327736424986
4618,45.87741897110156,5,0.01,24.796909480614755
4619,-404.06616493193036,0,0.01,20.486428854182428
4620,68.41001954331978,86,0.01,20.398114074341578
4621,28.735455791705334,88,0.01,20.178735568357514
4622,44.97808802772987,4,0.01,20.047526217826036
4623,34.37699637954542,23,0.01,19.87524300967906
4624,-577.887435405578,0,0.01,13.718006613253051
4625,-475.5178847920245,0,0.01,8.75395698523392
4626,37.70867749228901,30,0.01,8.72926844989722
4627,13.508639182391093,36,0.01,8.498211239475378
4628,89.1047217175593,28,0.01,9.09028233398177
4629,89.36701455400812,4,0.01,9.390547667699604
4630,17.832189884543,43,0.01,8.943728551658095
4631,32.77482903802599,13,0.01,15.584917077779583
4632,18.53470509383357,38,0.01,15.173831862499558
4633,23.297246823829965,4,0.01,14.894833992186626
4634,38.53290800782185,38,0.01,15.06057137983137
4635,44.584385861342504,19,0.01,15.163523919770482
4636,70.09947165339503,81,0.01,15.539391937353816
4637,80.8539203116133,86,0.01,15.901849410836498
4638,44.30504467648977,4,0.01,16.633530274522503
4639,48.78807764242411,85,0.01,16.86403674331465
4640,67.45989607392434,10,0.01,17.164953148202
4641,-30.13000821131142,0,0.01,16.357949222026193
4642,18.050637054148247,75,0.01,15.844434181393847
4643,29.090273816580158,5,0.01,15.784714603418392
4644,21.486483727552468,78,0.01,15.85147757928349
4645,40.19908394076166,3,0.01,16.003303635314992
4646,38.10729644003105,1,0.01,16.140828893113227
4647,41.97395563415843,3,0.01,21.561901965970943
4648,50.29737433750989,9,0.01,21.351641358112417
4649,75.9832715550311,10,0.01,21.203675632000976
4650,16.40677054340799,1,0.01,21.161649236339628
4651,54.461923574083556,4,0.01,21.232623708444624
4652,40.43582261424384,88,0.01,21.199442198196337
4653,82.64628272470377,67,0.01,21.44089337009403
4654,15.153847743638913,30,0.01,21.460792295371462
4655,16.8739077059222,2,0.01,21.283621666559206
4656,31.17581099668446,2,0.01,21.211166708741477
4657,91.44711676517898,24,0.01,21.784015406065095
4658,26.032948670332306,44,0.01,21.316242606931574
4659,31.670307147230762,5,0.01,20.769529453304344
4660,28.929338131437685,45,0.01,20.15029760444643
4661,62.71985170515359,15,0.01,20.64586973536158
4662,80.74879154328534,10,0.01,21.19228444342611
4663,84.22227034496926,91,0.01,21.685583893525703
4664,54.916793575730644,51,0.01,21.599214697643166
4665,14.357365125507965,81,0.01,21.115357172773834
4666,0.952400914714616,92,0.01,20.96195635042483
4667,92.23548262339749,19,0.01,21.108349673573894
4668,23.916119692750183,22,0.01,20.85764317491204
4669,-17.456907691609274,4,0.01,19.879763743597465
4670,59.385309225014126,4,0.01,19.99470416160671
4671,33.90389558080873,92,0.01,19.871236878666682
4672,23.9681552242024,34,0.01,19.46224048034024
4673,55.759575494225814,4,0.01,19.20732174639072
4674,-144.6250821352396,0,0.01,17.584549166526163
4675,77.1755840238181,4,0.01,18.150052175693805
4676,71.15610847998693,51,0.01,18.143072123950287
4677,71.16599520768263,68,0.01,18.32750381154804
4678,64.41770370206658,3,0.01,19.7329401962957
4679,28.16511737662408,69,0.01,19.579320840448457
4680,35.61487436835031,23,0.01,19.230414817881318
4681,34.50848924766768,43,0.01,23.557292807189004
4682,59.23610108172093,63,0.01,24.012383294408874
4683,87.70216713579663,4,0.01,24.56639344439918
4684,37.848654883861684,13,0.01,24.75262798580307
4685,24.5988061139384,91,0.01,24.585992181171637
4686,30.59173859278583,88,0.01,24.360661785245995
4687,91.80683024869528,4,0.01,24.36030972195173
4688,8.825653123557874,21,0.01,24.30932246851482
4689,90.32781212213489,27,0.01,24.780099954731
4690,-663.1306519238345,0,0.01,17.449737243274303
4691,58.46943074429403,19,0.01,17.19669673517866
4692,53.06341097924623,23,0.01,17.361206011437428
4693,-598.8935380013371,0,0.01,10.44758830510486
4694,50.62227698015994,42,0.01,10.316652951876822
4695,48.707206882974624,71,0.01,9.906835153506
4696,16.30000135802568,89,0.01,9.548696316913405
4697,67.22094768997765,8,0.01,9.451043816295668
4698,85.8450607213652,4,0.01,9.475690904551522
4699,52.99173079651959,57,0.01,9.740220182713559
4700,54.350925489201266,30,0.01,9.358535284670898
4701,53.70417999336665,61,0.01,9.014127931100429
4702,81.48149997976452,16,0.01,11.069783589755593
4703,-687.5152670601865,0,0.01,3.779332000698023
4704,94.04714651660632,44,0.01,3.928472346524462
4705,36.44200594692435,91,0.01,4.039674565792055
4706,21.568546179012067,79,0.01,4.041952875384934
4707,-372.48981347824355,0,0.01,-0.1621944261995361
4708,19.18804800074096,43,0.01,-0.5618527631653385
4709,47.53142237735037,1,0.01,-0.8369640913793766
4710,48.60606959606221,5,0.01,-0.6197697368339309
4711,24.82561908699479,77,0.01,-1.2032730194970096
4712,91.77290196282625,47,0.01,-1.1489781930132643
4713,72.01541381901461,3,0.01,3.814994139747055
4714,-336.13453052748133,0,0.01,-0.16759205861119766
4715,72.10182278599218,28,0.01,0.22024822597878724
4716,20.733442985786716,74,0.01,0.02409002613899311
4717,55.22162272152526,85,0.01,0.08743256042933766
4718,27.367520280640875,38,0.01,-0.09766642647527114
4719,80.89850675668457,64,0.01,4.751980290410877
4720,63.43806472510723,81,0.01,4.70226074222875
4721,90.21503140310739,92,0.01,5.317056498342771
4722,88.97124871849782,1,0.01,5.756988105250452
4723,47.17558273399336,63,0.01,5.884973968794929
4724,44.360284355515205,34,0.01,12.107451166405864
4725,34.22912127081523,30,0.01,17.204921227034266
4726,21.88289054704218,23,0.01,17.046663357581796
4727,58.656749448033175,71,0.01,17.498144460238215
4728,68.60827026250247,52,0.01,17.293179945687648
4729,46.26238232523988,4,0.01,16.862133623399966
4730,59.86472328862122,4,0.01,17.282458957440745
4731,69.97795194255909,1,0.01,17.654490186486075
4732,50.50124208418681,36,0.01,17.974155556389608
4733,56.030200006809146,2,0.01,18.301485088219398
4734,89.12736560051333,15,0.01,18.80742966414631
4735,97.38200613559322,45,0.01,19.33540586688882
4736,64.39303219683325,31,0.01,19.2783414723232
4737,19.717023194672578,1,0.01,18.666972501153793
4738,78.40977753706326,31,0.01,19.00801982975953
4739,80.31064614364786,43,0.01,19.323245514771767
4740,89.57499088956621,88,0.01,19.544396462928184
4741,28.568258585105497,1,0.01,20.131379130892356
4742,98.44975402018895,14,0.01,20.935370300552762
4743,16.90034272249212,2,0.01,20.813470989611883
4744,27.721365206520524,5,0.01,20.875819804401566
4745,66.74042517879343,58,0.01,21.141233216781885
4746,59.87041252906842,38,0.01,21.35886437767226
4747,75.26879445669036,94,0.01,21.69181276589758
4748,75.80568068774286,1,0.01,21.94689582939991
4749,40.343368498743395,1,0.01,21.590496798837034
4750,82.94671525190812,66,0.01,22.25589624592203
4751,80.8334996072304,30,0.01,22.5196120062535
4752,30.34185793160419,30,0.01,22.418672359427102
4753,53.526332980841445,4,0.01,22.12747286198848
4754,50.311896639209635,4,0.01,22.479053350944188
4755,79.89921991274034,4,0.01,23.10930647301236
4756,83.23175755199962,75,0.01,23.629865938565516
4757,91.93319341068857,16,0.01,23.63472670502061
4758,70.9516760198779,24,0.01,24.083913978516065
4759,92.64608002885733,25,0.01,24.69367170733234
4760,28.67822768850341,2,0.01,24.691160602902993
4761,68.07622466423666,26,0.01,24.744724332493824
4762,41.748205641122084,1,0.01,24.35471847347219
4763,42.27952202102168,2,0.01,23.935290990232716
4764,34.00323617467147,4,0.01,23.726155416222127
4765,40.77104326419865,11,0.01,23.990292197609037
4766,82.88066244836236,5,0.01,24.809574812945513
4767,75.1098825702498,1,0.01,24.63831881241403
4768,58.04051801069201,0,0.01,24.97956279559345
4769,82.12342391723482,3,0.01,25.975366111681886
4770,30.834860721380217,60,0.01,25.68986162664555
4771,42.8422234719026,6,0.01,25.77924490555649
4772,84.35351702272443,76,0.01,26.38309852354171
4773,15.017282408666063,48,0.01,25.97567559268612
4774,79.57429702389578,54,0.01,28.21766938427747
4775,-358.10227336776626,0,0.01,23.864890810361622
4776,41.94859045418572,31,0.01,23.57281563010361
4777,50.86713984642702,64,0.01,23.369827076491053
4778,71.06288440563526,2,0.01,23.43627888352674
4779,58.794347052722344,1,0.01,23.742571180287733
4780,-310.4152992593923,0,0.01,20.282269444010304
4781,24.8290882727318,2,0.01,20.18547543426094
4782,59.2870601206609,50,0.01,20.185985024650346
4783,33.872892793147116,55,0.01,19.64769228122385
4784,52.53258471558905,93,0.01,19.794531579541122
4785,38.086991750503586,28,0.01,19.92941343590677
4786,42.77923489974162,4,0.01,20.05128839897633
4787,36.48063893503353,75,0.01,19.49802648583971
4788,89.44685851658821,7,0.01,20.30423853977001
4789,93.08526974954374,15,0.01,20.331813116044103
4790,63.507770102550566,79,0.01,27.598197336307955
4791,95.34622942589476,5,0.01,27.966965323123965
4792,91.81001763815101,12,0.01,28.35443138971301
4793,-136.81936659611364,0,0.01,32.97517310376524
4794,41.296016515872694,54,0.01,32.88191049912238
4795,0.5914733106999783,46,0.01,32.40075316339963
4796,41.802869284959755,23,0.01,32.65578184266897
4797,89.99049378451784,40,0.01,32.88347730361437
4798,30.27521057624112,18,0.01,32.32777880216313
4799,93.00036594200724,3,0.01,32.727865153618005
4800,87.27542469989923,2,0.01,33.057110145724984
4801,68.18627982050981,4,0.01,33.20193114399642
4802,21.27013951327975,4,0.01,32.59981753933157
4803,-41.97798471802517,12,0.01,39.05519036275318
4804,66.44682214207529,76,0.01,38.77918711900787
4805,23.41430014502378,43,0.01,38.64891006098887
4806,28.67966510887986,2,0.01,38.720021250287544
4807,62.765375682168795,2,0.01,43.072573141891674
4808,44.52262304385893,19,0.01,43.32591889232285
4809,-140.3196045146276,0,0.01,41.44740862340307
4810,42.58808816249348,14,0.01,41.38722880906737
4811,101.3355535248246,75,0.01,42.15232815344568
4812,88.04538630620584,47,0.01,42.11505299687947
4813,68.54309150816874,95,0.01,42.08032977377101
4814,82.45275657203854,30,0.01,46.26620264476621
4815,4.220816753970894,66,0.01,45.587392584446
4816,56.89488801550647,63,0.01,45.9490070347432
4817,81.13046551876526,71,0.01,46.20809546271559
4818,41.83186656452902,55,0.01,46.352738925554476
4819,46.70858333204296,93,0.01,46.010839691308064
4820,87.57466328030698,5,0.01,46.25220567686006
4821,69.84536537544565,28,0.01,46.04850901658344
4822,54.433512088383644,4,0.01,45.7031316502823
4823,79.20607462028396,28,0.01,46.0234365691452
4824,38.7443451956886,4,0.01,45.96727717754694
4825,94.58922467582236,71,0.01,46.570878211597
4826,63.20254811728639,2,0.01,46.98407478729946
4827,99.82313783867485,4,0.01,47.39573867120587
4828,27.125626328176153,16,0.01,46.9809122318626
4829,80.78079917734976,3,0.01,47.326096400383705
4830,40.60844094259117,76,0.01,47.13353357692339
4831,77.61782084735978,2,0.01,47.2099322659714
4832,46.67081261946649,20,0.01,47.1716279713242
4833,97.57388064270077,3,0.01,47.587064777683125
4834,44.54888981938373,95,0.01,47.14128001987182
4835,59.725656158416456,63,0.01,46.76471652010005
4836,37.02954932739329,2,0.01,46.49108169140566
4837,93.74677234944038,3,0.01,47.23137918295333
4838,49.11820279327729,91,0.01,46.93846343551548
4839,14.23932531407894,32,0.01,46.277750227219784
4840,-53.95301864133661,0,0.01,44.84247013191076
4841,47.41494312099072,57,0.01,45.03093697726961
4842,68.92858665193575,27,0.01,44.73572530358708
4843,33.294930892752056,8,0.01,44.899671185289684
4844,99.1020068040777,29,0.01,45.61347760126526
4845,78.51082777619808,1,0.01,45.7311816272393
4846,64.99679632646522,85,0.01,45.78244546521327
4847,-394.3033996402536,0,0.01,41.08672352424384
4848,27.131097045657537,8,0.01,40.59997768782298
4849,57.00109934519123,21,0.01,40.76655499628746
4850,38.37384164885968,6,0.01,40.320826260256965
4851,42.46300286626902,39,0.01,39.93712129284736
4852,52.707639992025804,1,0.01,40.16077911345157
4853,62.264033760407216,5,0.01,40.24815612124723
4854,101.96616176811503,65,0.01,40.76469877253628
4855,38.65715200686113,2,0.01,40.35227809347749
4856,33.07009323839125,55,0.01,39.850661450341406
4857,22.82283819349114,33,0.01,39.159557898169425
4858,86.23916695744629,74,0.01,39.312432807545115
4859,101.46308435730812,91,0.01,39.40060285082962
4860,93.7302174343348,70,0.01,40.051122748287945
4861,92.04966903585255,87,0.01,40.2908571920041
4862,35.916171605401736,79,0.01,40.2325368516469
4863,103.03080031023575,57,0.01,40.84004963453904
4864,35.84065280858331,50,0.01,40.85842380087816
4865,53.04660000769025,85,0.01,40.98117936831307
4866,71.34264220671521,68,0.01,40.8657991658966
4867,90.85843079956891,33,0.01,41.023284648189794
4868,90.00674848968487,28,0.01,41.34294695297971
4869,103.08686136459549,3,0.01,41.552581327453325
4870,47.93579688503138,1,0.01,41.72359068908984
4871,-349.6404810738872,0,0.01,37.79876364363194
4872,88.40184632926376,57,0.01,37.83924693669733
4873,90.13188246328981,86,0.01,38.590392937243564
4874,93.2110995864169,2,0.01,38.726760962868774
4875,29.740983334127918,3,0.01,42.60519352988772
4876,87.71594020236785,63,0.01,43.06286702736955
4877,96.09333216739716,50,0.01,43.51512895057925
4878,101.86961031592956,64,0.01,43.8231962096822
4879,32.90919705553199,3,0.01,43.5643447097103
4880,42.052090771029526,28,0.01,47.089018610014506
4881,61.77512902675086,7,0.01,47.4584790175547
4882,92.96159581380572,90,0.01,47.79522437448614
4883,51.36016678785229,5,0.01,47.970097114433194
4884,28.471876030660084,28,0.01,47.7294900275839
4885,35.7921278539241,46,0.01,47.706541388618106
4886,57.782545286410354,32,0.01,47.856574492484796
4887,44.23113600278322,18,0.01,47.9340794631623
4888,26.661397152452388,4,0.01,47.30622484952093
4889,83.3733919779695,76,0.01,47.20910607180519
4890,28.93300833438733,26,0.01,46.86335845412356
4891,19.672745441271505,19,0.01,46.10662361427733
4892,58.27942267503668,1,0.01,45.77131766464618
4893,67.97107345967333,64,0.01,47.81922206520405
4894,79.77361624485037,3,0.01,48.20399806249382
4895,70.12490778442518,93,0.01,48.89933240723107
4896,46.376901096191816,2,0.01,48.9450727253434
4897,34.250219924497515,87,0.01,48.38766998674319
4898,29.536800164742786,3,0.01,48.380285882628215
4899,-139.2811368570351,0,0.01,46.05747085463779
4900,53.401714864523456,5,0.01,45.71873375628404
4901,-42.18901473963611,19,0.01,44.61498081068258
4902,27.285828075648823,2,0.01,44.675137696306265
4903,38.36801760608451,64,0.01,45.478597719547366
4904,22.368533339446312,59,0.01,45.037814831521075
4905,77.0703466047721,94,0.01,45.57437529611855
4906,83.79554064939654,13,0.01,46.12553405152371
4907,76.73243387070148,4,0.01,46.26520463340905
4908,43.03697808594222,4,0.01,46.25034818382987
4909,103.87128603285923,41,0.01,48.69225708930476
4910,96.39983822569754,2,0.01,49.230374589936794
4911,90.1269340573499,2,0.01,49.118288395262056
4912,46.805969265723874,11,0.01,48.70589422485723
4913,73.16092726936472,3,0.01,48.75207258246918
4914,-8.597492702430337,21,0.01,47.8415700897245
4915,95.73814415676918,1,0.01,48.756743363752484
4916,63.605853330615375,5,0.01,48.82385301690358
4917,58.42274400913037,46,0.01,48.59677580180722
4918,97.10831316081794,42,0.01,49.1495402677701
4919,103.40706543556101,11,0.01,49.71652508880528
4920,61.56078273521427,51,0.01,49.45638628335436
4921,56.931098447233495,3,0.01,49.32724361407223
4922,56.50615669040124,25,0.01,49.34797006009242
4923,66.17210968657524,97,0.01,49.21763041075532
4924,36.098210395582996,25,0.01,49.19116906275427
4925,82.23948103511056,14,0.01,49.067671626347156
4926,89.26397480919968,64,0.01,49.32828589326628
4927,48.73761083439858,30,0.01,48.81743062322354
4928,23.693125181425042,86,0.01,48.78310561175601
4929,71.70646694962723,12,0.01,48.69236228947879
4930,-33.493017268911245,0,0.01,47.951347707363766
4931,103.27398051236393,3,0.01,48.20790930401381
4932,87.88776007785292,1,0.01,48.62007877859767
4933,67.24567641071339,81,0.01,48.3167967362778
4934,-38.719305384666384,0,0.01,47.48411478423729
4935,62.0949361794639,0,0.01,47.507807584447775
4936,69.53308884211145,2,0.01,47.83284297959494
4937,27.95946866906595,2,0.01,47.17496994279119
4938,34.06311569182847,5,0.01,47.02441907177672
4939,57.138716046785405,30,0.01,47.45341297910379
4940,-381.5130752869255,0,0.01,44.1778124126479
4941,37.54387699683615,0,0.01,44.07910175140635
4942,-607.8732268829058,0,0.01,37.311083616057935
4943,-379.28015633526917,0,0.01,33.185332743777714
4944,41.68207453192922,7,0.01,32.61113342105624
4945,78.62632158959408,39,0.01,32.612288359190195
4946,45.707026169170156,40,0.01,32.41939065761724
4947,40.04866066204767,5,0.01,36.76291126064026
4948,-676.4383970195906,0,0.01,29.727216319987782
4949,2.097864731276445,52,0.01,29.178183973848633
4950,42.94887417632799,3,0.01,29.223934299123307
4951,-625.5579847787768,0,0.01,22.543724422672852
4952,99.90870422369521,61,0.01,23.015735064989546
4953,96.13631722151516,5,0.01,23.35445789960063
4954,93.97265437413094,4,0.01,23.27452282566079
4955,87.28284326230758,14,0.01,23.760779738215252
4956,53.055515869039894,2,0.01,23.96063396452174
4957,105.41334170754709,33,0.01,24.7865389996623
4958,-8.60325926682922,22,0.01,23.838114737419545
4959,58.05383636521701,15,0.01,23.404022257498635
4960,96.76593507428609,23,0.01,23.434379433898147
4961,89.88966740291225,2,0.01,23.412779417568746
4962,96.30654417591855,5,0.01,24.016683143273912
4963,24.772729116237542,46,0.01,23.23410243133393
4964,47.24938178036378,44,0.01,23.348189721051735
4965,48.17575970435201,50,0.01,23.29948131801835
4966,32.237210741805704,68,0.01,22.908427003369248
4967,61.05468288467027,2,0.01,22.610389524220274
4968,92.7839178986262,63,0.01,22.63816121830968
4969,-225.76056802075522,0,0.01,19.349686924456172
4970,105.36361705080935,32,0.01,19.923965126113952
4971,74.19245077766688,49,0.01,24.162294444629495
4972,69.77893115525933,1,0.01,23.97606529288945
4973,53.50262362186335,1,0.01,23.60977270447519
4974,83.80548135637913,4,0.01,23.515716522174806
4975,71.47165269410145,30,0.01,23.933023215774536
4976,94.24241799114213,62,0.01,23.998287993662284
4977,58.38424615141267,3,0.01,23.62119713350244
4978,53.55230870737185,7,0.01,23.138024117416865
4979,23.773025651194466,3,0.01,23.046662403373492
4980,59.973113396153366,4,0.01,23.225872629624728
4981,85.792217210428,1,0.01,23.466043511461503
4982,-217.64400290614606,0,0.01,20.35998752426198
4983,82.51597122834208,35,0.01,20.671545568666883
4984,32.40337684335094,50,0.01,20.71086057679379
4985,87.52010218330679,22,0.01,21.22814032008762
4986,41.61410103376031,14,0.01,21.066455877561115
4987,58.62803475156275,83,0.01,21.210424865048914
4988,57.1022775065865,75,0.01,21.514833668590253
4989,81.7134273049191,3,0.01,21.49823402185975
4990,39.49822832233092,57,0.01,21.603886221739184
4991,71.19457390574306,45,0.01,22.119104506383906
4992,43.28613639129124,1,0.01,21.969171643546453
4993,69.19673753729708,70,0.01,21.98142828432269
4994,105.47566040640581,3,0.01,22.23844872593824
4995,102.92266963227128,32,0.01,22.566426344416705
4996,43.743266838841365,2,0.01,22.540090001843197
4997,70.45831132998349,52,0.01,22.902170915898058
4998,62.36807047781973,1,0.01,23.230483619028828
4999,45.84983522472392,1,0.01,25.081793339846413
5000,-20.05285156221379,0,0.01,24.34724767557904
5001,-4.7562047216595715,10,0.01,24.721575775758808
5002,37.79952626969392,7,0.01,24.826712757699255
5003,35.43628264276226,81,0.01,24.797395408066038
5004,-29.21361084331417,0,0.01,24.28157396623843
5005,38.10086333367721,69,0.01,23.891879133527485
5006,77.8443640919947,92,0.01,23.832367367953466
5007,97.8941805459221,4,0.01,24.04398483470567
5008,103.48903688918432,10,0.01,24.64850542273809
5009,44.82068560775428,32,0.01,24.05799941848704
5010,75.09023495137103,4,0.01,23.844903385743773
5011,34.80470040565998,13,0.01,23.291681049226874
5012,69.19370678218922,19,0.01,23.51555842439152
5013,55.85804387978591,68,0.01,23.342529590495737
5014,55.40562661700416,2,0.01,23.98256078369008
5015,31.558928064659685,2,0.01,23.340768622768987
5016,75.36118273469498,42,0.01,23.458321916809783
5017,109.50056062187126,0,0.01,23.96910008293719
5018,99.4020967947288,64,0.01,23.9920379192763
5019,24.405411892267903,20,0.01,23.20202138384337
5020,72.93957666492375,67,0.01,23.31580932314046
5021,90.86229697188676,0,0.01,23.655121308386995
5022,62.968506498352795,11,0.01,23.71974480646651
5023,27.38624653110153,65,0.01,23.331886174911773
5024,70.99360519904423,62,0.01,23.680840122946393
5025,85.1202090848818,47,0.01,23.709647403444105
5026,29.899970590190726,87,0.01,23.116007361254013
5027,48.070189034950104,95,0.01,23.109333143259526
5028,23.12324594653492,5,0.01,23.103634350910628
5029,67.67724596915487,1,0.01,23.063342141105895
5030,81.9240795716334,89,0.01,24.21751310951134
5031,93.10344982771835,99,0.01,24.115807802664886
5032,67.45275923571144,41,0.01,23.911457794243475
5033,26.55892649757215,50,0.01,23.504590295112056
5034,29.55680920911805,67,0.01,24.187351441049906
5035,28.34156005727268,43,0.01,23.849817679827982
5036,-589.3737043844994,0,0.01,17.26074974756188
5037,107.7610205835174,100,0.01,18.058765266706402
5038,82.91247716473764,100,0.01,18.547258881435493
5039,42.45261465836313,63,0.01,18.40039786755127
5040,81.4073146469285,4,0.01,23.029601766889815
5041,81.06087420987626,90,0.01,23.464771739020215
5042,45.59495740325724,56,0.01,29.999453581881845
5043,30.98195573754062,0,0.01,34.10207470260995
5044,58.901348968546614,46,0.01,34.27426744697611
5045,41.962653378055826,14,0.01,33.907630764860734
5046,75.50462485265605,35,0.01,34.20560675169559
5047,78.38371399286106,55,0.01,34.58895728500372
5048,49.574092330463046,2,0.01,41.84908217850426
5049,108.20922044146896,94,0.01,42.91019573560619
5050,80.44968969577774,44,0.01,43.285203890800695
5051,41.910162512882074,34,0.01,49.95988536371728
5052,72.96693249502529,0,0.01,49.69046764643059
5053,86.67764391315212,97,0.01,49.595880913346946
5054,32.55410760481958,74,0.01,48.981695445653834
5055,80.85407993255149,56,0.01,48.91740781235627
5056,107.47211212715965,2,0.01,49.46157377493746
5057,-329.24043298726724,0,0.01,45.115036027989305
5058,69.29969121275313,97,0.01,45.89406553278514
5059,71.7449575758997,34,0.01,46.030976744891966
5060,29.567877434792162,53,0.01,45.35899616849704
5061,98.78759212944482,87,0.01,45.44797541576236
5062,33.01701116880221,91,0.01,44.8150800856912
5063,90.7602833377806,3,0.01,45.47495562790663
5064,-116.85024673522061,0,0.01,43.833959342750774
5065,39.60456698265534,84,0.01,43.74824741553382
5066,-317.57652255044724,0,0.01,40.25011008261128
5067,69.00513019111044,103,0.01,40.32961455567568
5068,55.44514819579881,31,0.01,39.95622685864741
5069,91.7321146828777,2,0.01,43.13115368568375
5070,70.83918894958276,3,0.01,42.785909404671486
5071,61.059585096919704,72,0.01,42.654580747864
5072,102.15192832305847,46,0.01,42.978310719541994
5073,33.14110457504016,90,0.01,42.77469552907377
5074,30.224674997603476,2,0.01,42.23888746548602
5075,87.13375591325928,64,0.01,42.3955084976776
5076,46.28877830780896,41,0.01,41.91597210084426
5077,82.79489739978933,32,0.01,42.160078613328025
5078,36.43076089768747,51,0.01,41.988863135231185
5079,48.827422841608914,35,0.01,42.23940710713533
5080,-462.07333786361824,0,0.01,37.018942594537606
5081,73.07384693436562,14,0.01,36.89175889177698
5082,58.94772253443067,27,0.01,39.65767614618275
5083,-351.5156642953703,0,0.01,35.31735979094562
5084,36.76267148487267,15,0.01,35.36095273736085
5085,37.16375542555902,84,0.01,34.85738926978337
5086,37.76778136340289,83,0.01,34.81892607307979
5087,85.38418911287474,3,0.01,35.08648761669291
5088,71.09041604572329,3,0.01,35.22636900208428
5089,22.971586128745773,91,0.01,34.63895059032255
5090,87.6910439777894,94,0.01,35.12087874687713
5091,-26.403970224228544,0,0.01,34.144893305577426
5092,34.129382510250664,2,0.01,34.05332576676701
5093,97.15760143448944,24,0.01,34.33293440573894
5094,70.73995175079747,88,0.01,33.98557731918285
5095,98.77646042838941,77,0.01,33.94411522714403
5096,30.89851539531181,75,0.01,33.81566771270874
5097,82.31122196091299,55,0.01,33.93419681901803
5098,68.85658555677149,26,0.01,33.99908196980755
5099,102.14432888841093,4,0.01,34.56202690644442
5100,96.21579820733113,34,0.01,35.72471340413987
5101,52.50407656764402,0,0.01,36.2973162170329
5102,-637.6015452151953,0,0.01,29.543305502184023
5103,92.83873083395503,2,0.01,30.11732998409595
5104,53.25582201195474,36,0.01,30.94202431264863
5105,-26.711961365115116,3,0.01,30.29389606566071
5106,57.62686580569565,57,0.01,30.091721082797722
5107,-346.3498412475396,0,0.01,25.649280864863098
5108,89.52787980435734,66,0.01,25.50966929401483
5109,70.88278509045489,42,0.01,25.77029028884184
5110,27.800915927304416,7,0.01,25.297397098601166
5111,100.78348932553953,63,0.01,25.95718498779996
5112,26.074112726836862,48,0.01,25.525989047246444
5113,36.44729349622252,4,0.01,25.331881543410805
5114,-455.04562261865493,0,0.01,20.227369051054218
5115,74.95955176984646,75,0.01,20.661375288106093
5116,-392.04775175124837,0,0.01,15.987285943246654
5117,-135.09697329151007,0,0.01,13.541310604112844
5118,63.471307169896676,3,0.01,13.182002707864521
5119,82.78261508866255,22,0.01,13.765774739828469
5120,109.91921427104079,3,0.01,14.135571115889636
5121,-41.34173251045661,0,0.01,12.813530821066202
5122,67.12259438173629,52,0.01,12.85507169990004
5123,104.73554299441209,22,0.01,13.628564664533139
5124,87.14895070580339,82,0.01,13.790118119600734
5125,86.71199710847259,82,0.01,13.80603599983664
5126,35.698247302248184,87,0.01,13.864018766957216
5127,58.2165233746302,13,0.01,13.965482110354014
5128,41.993504051382615,85,0.01,14.154184691402493
5129,-103.97379035977957,0,0.01,12.43767432811315
5130,83.04636392556586,51,0.01,12.448897171652474
5131,65.58214670626768,18,0.01,12.173684140437965
5132,46.994227753785225,63,0.01,11.969098825618708
5133,34.97508874899832,33,0.01,12.053260448132965
5134,67.18783688257636,71,0.01,12.429570724867549
5135,28.33499869051279,5,0.01,12.429505111199951
5136,55.677781973971804,11,0.01,18.880019974784666
5137,62.71362367565128,79,0.01,18.429546005706005
5138,65.771814799452,75,0.01,18.258139382053145
5139,41.87199484418706,1,0.01,18.252333183911386
5140,-574.5443484715885,0,0.01,11.692816552726212
5141,75.63292462024101,34,0.01,11.638537056829867
5142,71.30539485980626,72,0.01,11.895641431395358
5143,49.1703295753605,97,0.01,12.077525169773551
5144,30.188291621321305,71,0.01,11.790394596301295
5145,62.819053664587955,3,0.01,11.998958599166622
5146,53.93613702829937,2,0.01,11.783273720923052
5147,-112.02243461058004,0,0.01,9.87921223488864
5148,55.7624332026198,65,0.01,9.941095643610208
5149,76.94712522460509,32,0.01,9.62847469144157
5150,-542.933645171737,0,0.01,3.394641342766421
5151,104.6303081822895,37,0.01,4.0218427994604955
5152,66.74290491541028,67,0.01,3.9596025236643455
5153,24.560296205288704,9,0.01,3.33842904658571
5154,106.77175871593175,3,0.01,4.080605557696831
5155,72.3114455178172,86,0.01,3.9951792135494895
5156,54.62893306512642,72,0.01,3.466747422929158
5157,36.881695979464645,52,0.01,7.127968712596475
5158,110.81883638075558,64,0.01,7.543160164276501
5159,86.72502527471953,20,0.01,7.692960841264698
5160,87.64747776536537,104,0.01,8.27375684457043
5161,59.94054282221697,79,0.01,7.88528635149815
5162,91.34488078036841,4,0.01,8.468565047613815
5163,35.80782746255776,1,0.01,7.919040488861586
5164,26.398699178495377,57,0.01,9.351529947998744
5165,31.379705941603167,2,0.01,9.269281337588225
5166,7.208421644813313,59,0.01,12.517130779540832
5167,105.5971042039975,29,0.01,12.883050519669705
5168,51.75326570329369,86,0.01,12.84613169474465
5169,35.52699737114101,5,0.01,12.284080521627287
5170,100.06056033134527,43,0.01,12.576294235444909
5171,114.93955595053981,95,0.01,13.115093943981112
5172,25.192202358786094,52,0.01,12.345496684338386
5173,44.7225636291263,91,0.01,12.461311274879249
5174,102.94229176047412,0,0.01,13.188487442507956
5175,-41.55693854620095,15,0.01,11.901580497913352
5176,26.35046286078316,3,0.01,11.702197343443094
5177,40.658222405767006,24,0.01,11.280830593502872
5178,58.07374487027987,81,0.01,11.497260433228796
5179,59.25004502323543,5,0.01,11.60148665504506
5180,94.14468366311344,23,0.01,17.163666870312376
5181,80.73400467880974,27,0.01,17.240268447756815
5182,87.43210720533116,3,0.01,17.525112294465817
5183,53.38710245493252,65,0.01,21.57413996196885
5184,-398.79209826371607,0,0.01,17.218592264482965
5185,110.6391418876536,88,0.01,17.95334612910391
5186,95.46277338766456,28,0.01,18.53029604934652
5187,90.0300596242067,25,0.01,18.576754754459845
5188,65.45952264993572,13,0.01,18.52044582050197
5189,57.95764885942966,5,0.01,18.870306447808808
5190,60.524645567500805,0,0.01,18.59864246370592
5191,37.06775012007732,77,0.01,19.233359667148978
5192,-636.2908210587963,0,0.01,12.52915763145851
5193,89.90319129025988,89,0.01,12.456613530016213
5194,-267.17479011988644,0,0.01,9.077466111309375
5195,90.80385352674399,2,0.01,8.99774004229292
5196,60.34236906629677,3,0.01,9.29217857900277
5197,33.87753674720633,4,0.01,8.807841726865703
5198,90.19559722142664,66,0.01,9.021231843512256
5199,73.1949267006081,75,0.01,8.731737821634228
5200,37.53797552179472,2,0.01,8.144959594778863
5201,74.04455512012697,36,0.01,8.36036438030369
5202,115.56252708681396,62,0.01,15.892005103323786
5203,62.145342597044674,38,0.01,15.585071220954685
5204,63.19632769273224,2,0.01,15.684476277762458
5205,-51.83643834841109,0,0.01,15.433231507929499
5206,54.62237865448489,39,0.01,15.40318663641739
5207,41.42667618007506,6,0.01,19.280951810693537
5208,75.6364107814003,82,0.01,19.142037120463968
5209,66.71865502416524,63,0.01,19.100395819801072
5210,60.049662900405195,30,0.01,19.422883289532077
5211,-31.322458827712083,9,0.01,18.101823807999562
5212,30.81848656226851,53,0.01,18.14926754635388
5213,34.0066860741966,46,0.01,18.12486147213362
5214,69.03026674260406,76,0.01,23.36562036574621
5215,42.69149661379504,2,0.01,23.042939814185697
5216,71.25934247837839,14,0.01,27.676010756481965
5217,59.780083738606805,2,0.01,29.624781326783136
5218,103.47434528548739,50,0.01,30.024811707939044
5219,83.12244008177645,10,0.01,30.02820995787018
5220,108.8789530268645,49,0.01,30.017807345428412
5221,112.29589925116149,4,0.01,31.554183663044597
5222,95.20484511426254,61,0.01,31.835006170369862
5223,31.97225280468765,32,0.01,31.10737326847262
5224,-82.24096693618735,0,0.01,29.41347409205271
5225,114.21465390305418,42,0.01,29.688500659998525
5226,28.525587570441616,79,0.01,29.616774062680456
5227,113.36520671672527,30,0.01,30.168260896101405
5228,100.30658112885602,94,0.01,30.751391666876142
5229,75.97253121261036,5,0.01,32.55085488260004
5230,115.92786697039232,74,0.01,32.87966991304831
5231,107.15723381911812,5,0.01,33.295420784176805
5232,30.166314744349602,2,0.01,33.12714165408245
5233,-602.6016720360562,0,0.01,26.75137404623191
5234,-134.49167609929793,0,0.01,24.734578916413167
5235,0.41706023872968956,47,0.01,24.45539953189534
5236,28.58124501250221,104,0.01,24.184434162280642
5237,-16.08450972944229,0,0.01,23.39645282822971
5238,64.09848339489223,1,0.01,23.379719514184107
5239,70.6966677042673,5,0.01,23.66796624278491
5240,71.37116021891231,79,0.01,30.127121329689917
5241,75.34259246941593,56,0.01,30.124218008181664
5242,59.690666787795905,51,0.01,30.008070727461565
5243,40.55458372650664,75,0.01,29.921913268973025
5244,-362.47647453245975,0,0.01,25.99526560743522
5245,49.08345127118467,64,0.01,25.85790958350118
5246,64.71996898014693,102,0.01,25.965747903019654
5247,83.03426603054508,30,0.01,27.916314909430902
5248,78.65942858282298,86,0.01,28.14528486323293
5249,70.90455355662641,13,0.01,28.08485914655315
5250,84.71471781715115,4,0.01,34.36134277644204
5251,79.1495874854817,45,0.01,34.106535569473955
5252,108.1343289063745,4,0.01,34.5204498093836
5253,51.73671788741117,25,0.01,34.792214026204825
5254,-663.1673269204863,0,0.01,27.09282316984064
5255,116.65453391546583,106,0.01,27.536254053817128
5256,84.63136282645883,75,0.01,27.83627835143045
5257,69.68180059243656,1,0.01,28.164279397560172
5258,40.228912386071165,20,0.01,27.458380157613323
5259,-231.46075231308805,0,0.01,24.276522381735255
5260,-613.1051029457469,0,0.01,17.268996574624126
5261,80.62534807901534,76,0.01,17.475844627192114
5262,73.87332611071201,70,0.01,17.301129080495546
5263,75.8714102292296,4,0.01,17.701764908162264
5264,117.27347056254571,104,0.01,18.61051262200277
5265,63.07034835826363,66,0.01,18.927419046169376
5266,115.40554410959078,75,0.01,20.00939027081715
5267,37.616114410378884,5,0.01,19.329580372880965
5268,97.1534843201778,69,0.01,19.783582559049805
5269,71.65898722637294,2,0.01,20.14490245760213
5270,105.21242385873498,31,0.01,20.196421092876022
5271,106.19784268591866,0,0.01,20.10900396022981
5272,88.54780468260674,1,0.01,20.742559983468016
5273,-127.02664100859363,0,0.01,19.025067937090817
5274,87.59614637798846,2,0.01,18.871606483265957
5275,56.160195320527805,48,0.01,19.84877782193325
5276,32.621077509528725,85,0.01,19.911483968420704
5277,41.72285430436151,3,0.01,19.92213028740665
5278,107.18417615711974,5,0.01,20.413234600275047
5279,90.37312016323227,87,0.01,20.72446535167502
5280,30.164257820768437,0,0.01,20.084661093251565
5281,47.65083669982863,74,0.01,19.753829413461755
5282,-89.81648796831979,0,0.01,17.981343461725245
5283,47.545305211466825,50,0.01,17.922925489290588
5284,40.981820185633325,77,0.01,22.32066467378408
5285,81.80344043071598,38,0.01,22.032307659214702
5286,118.2717992630677,61,0.01,22.260397917968735
5287,46.120573461543145,4,0.01,21.8213030563421
5288,94.6928542178722,2,0.01,22.113636372021464
5289,79.54156147621197,1,0.01,22.329475498189286
5290,59.33979491654629,50,0.01,22.317626991679745
5291,119.14929473516257,48,0.01,23.138442437830594
5292,116.26518465882648,4,0.01,30.66400249500682
5293,97.9546612957408,37,0.01,30.744517195061636
5294,95.75291206689676,5,0.01,34.37379421692946
5295,42.58955019129438,95,0.01,33.891651183574965
5296,87.70613000804211,102,0.01,34.16528879299242
5297,41.51609698817687,4,0.01,34.24167439540212
5298,-51.03885093465833,0,0.01,32.82932991384127
5299,68.63765014359501,55,0.01,32.78375714827114
5300,103.80794461196858,74,0.01,33.44645683917288
5301,114.24451764797604,4,0.01,33.84845646445138
5302,108.99484119588962,68,0.01,33.782779605542125
5303,55.25592727667972,35,0.01,33.71388545233848
5304,104.3099965109563,65,0.01,34.12502214052072
5305,103.15791574011611,61,0.01,35.674965681406
5306,40.74025068651431,25,0.01,35.53614440172629
5307,101.19642772240712,66,0.01,36.13384191714961
5308,-27.117717289128166,21,0.01,35.106300636444324
5309,105.40158220816649,10,0.01,35.49312990828434
5310,104.99491406948856,42,0.01,35.94258241997517
5311,115.01714747307861,4,0.01,37.40597848298308
5312,34.97934184220657,12,0.01,37.447587035782455
5313,-392.0248509821663,0,0.01,33.18727166521883
5314,36.65486735675225,25,0.01,32.86351767136031
5315,102.0339409215504,43,0.01,33.45694211443786
5316,27.88707414333347,40,0.01,33.02321943108741
5317,29.5710299230081,4,0.01,32.72112889293143
5318,27.69352436992847,5,0.01,31.963320683775837
5319,86.3331491414424,87,0.01,31.9954277743725
5320,-27.208378613233066,27,0.01,30.63455445797152
5321,105.24997128148382,103,0.01,30.564095178274748
5322,77.20393618830312,87,0.01,30.384086089015156
5323,118.07873959955988,35,0.01,31.245150956963876
5324,85.25019992663815,103,0.01,32.92006262559213
5325,96.3307429703961,63,0.01,32.74122351626554
5326,-696.7708407171193,0,0.01,25.48825923338994
5327,45.60845032268438,2,0.01,24.81069166944953
5328,76.47512674906471,26,0.01,24.572377125651613
5329,73.28108090556067,3,0.01,24.545462622581123
5330,82.09538925251178,5,0.01,24.20713784540231
5331,59.26506756281937,1,0.01,23.728216182839322
5332,64.32397005751915,32,0.01,24.069792735971017
5333,89.47057774371154,84,0.01,30.990515233768697
5334,65.53351251192048,24,0.01,32.99076711988088
5335,112.38129817951238,3,0.01,34.11040949928871
5336,106.53821862692658,70,0.01,34.88997923543295
5337,30.91229460879749,96,0.01,35.35994727881535
5338,29.00696640264203,57,0.01,35.009032108892846
5339,65.85109783178046,23,0.01,34.96057641016798
5340,40.93748137630536,13,0.01,34.65623962174191
5341,-10.987647711073777,8,0.01,33.79293721993701
5342,78.7473912026803,100,0.01,33.98350446408586
5343,60.40863430233489,99,0.01,34.18204496984415
5344,-31.66975806638868,20,0.01,37.49011213450486
5345,75.7047693879544,58,0.01,37.756325315672555
5346,41.387593678834236,2,0.01,37.523001562659424
5347,109.62216283589626,2,0.01,37.78888053071294
5348,109.14217522607112,4,0.01,38.09370799714542
5349,113.84669660829387,86,0.01,38.52312942766209
5350,80.25717129811697,17,0.01,38.47855396247175
5351,93.0990463829908,2,0.01,38.61804855144685
5352,97.19825898849774,21,0.01,38.508687852268075
5353,42.81087755932916,92,0.01,38.41942944898726
5354,55.998048412144826,13,0.01,45.611083202313566
5355,96.4829850211954,89,0.01,45.40936771337087
5356,32.683253091093,70,0.01,44.88988661601721
5357,39.00833076337492,3,0.01,44.58315191772659
5358,80.50922593427944,3,0.01,44.98595505320867
5359,86.45534070991677,42,0.01,48.16511598343872
5360,72.59475366748217,96,0.01,55.02211454957101
5361,81.97379988966252,106,0.01,55.035599067677474
5362,105.87658502373574,47,0.01,55.35563165680773
5363,93.06330024225358,67,0.01,55.52755055693796
5364,76.35646821407178,87,0.01,55.11838053345322
5365,30.734694331057923,4,0.01,54.79502399318117
5366,-39.17518571336572,1,0.01,53.24921669495159
5367,122.7784606952436,26,0.01,54.10084015780024
5368,90.19184150806657,20,0.01,54.03122372967912
5369,85.58572517745483,63,0.01,54.17049110918995
5370,81.70762091721504,19,0.01,53.93544307977474
5371,48.26287368486081,2,0.01,53.356093389764176
5372,45.18986348153559,101,0.01,52.922513977753454
5373,48.29080986445678,0,0.01,54.675688486483956
5374,41.5320927092582,3,0.01,54.215047949796656
5375,84.87185719636152,4,0.01,54.502164568555
5376,93.47961348776704,49,0.01,55.110749928337384
5377,50.56459750180353,57,0.01,55.199167360311804
5378,57.57779181237666,82,0.01,54.703103516864374
5379,56.877775161944356,3,0.01,54.36815006685149
5380,118.69987679979101,3,0.01,55.25350625664172
5381,72.04818898756197,1,0.01,55.49747977951905
5382,122.31297781416026,3,0.01,57.61877443734385
5383,79.69212042473052,4,0.01,57.94024258947648
5384,121.86898247417994,60,0.01,58.749114212361945
5385,90.25496824018617,93,0.01,58.833629490456644
5386,67.94341826217733,0,0.01,58.330345680447735
5387,109.74084988776264,5,0.01,58.966548444709936
5388,42.41633475965345,4,0.01,58.443783250127765
5389,50.234741274022845,4,0.01,58.150715048105866
5390,37.100970078402874,42,0.01,57.92832679972444
5391,95.08571457877126,35,0.01,57.68769099816051
5392,50.100319584915795,64,0.01,57.02604234742141
5393,82.2749777153557,2,0.01,56.869245511617564
5394,119.00608850109806,34,0.01,57.10177727595958
5395,40.6278516568959,102,0.01,57.08216029061559
5396,54.91204569420722,104,0.01,56.75421944747723
5397,75.19972994420318,55,0.01,57.09105577703749
5398,12.822905944675302,44,0.01,57.729673345830825
5399,53.65161631203521,74,0.01,57.579813007515234
5400,56.10941372407521,16,0.01,57.102827698636304
5401,82.3906222554725,60,0.01,56.78428874471127
5402,82.00525423990118,4,0.01,56.51439287515139
5403,-345.5684013084878,0,0.01,52.50614958929971
5404,100.57663068762588,86,0.01,52.46881593106641
5405,58.88393920057258,2,0.01,52.02607616567097
5406,88.6035178220337,53,0.01,52.504708837026186
5407,95.94489226963894,28,0.01,52.452193482498494
5408,41.02381414020827,4,0.01,53.13360879679185
5409,69.51345670288512,50,0.01,52.77472754173905
5410,51.33275140997726,1,0.01,52.23810591514393
5411,123.89861240389023,40,0.01,52.326920564452045
5412,106.68621607324232,61,0.01,53.043989306762406
5413,-25.10371118786867,45,0.01,56.713200704705386
5414,74.15437063882423,9,0.01,57.0881957375261
5415,75.17454252014741,4,0.01,56.81960175351206
5416,92.41269853139475,66,0.01,57.464857997392684
5417,50.02520924975466,92,0.01,57.669399790660144
5418,115.40745869557472,4,0.01,58.546539133916625
5419,85.88166423923707,2,0.01,58.54202428489456
5420,76.94208104321532,89,0.01,59.583528881459046
5421,48.785297370833305,61,0.01,59.01888214235254
5422,87.20595933836205,62,0.01,59.118902373853125
5423,30.62113970809845,12,0.01,58.24432637493852
5424,18.06196339609295,2,0.01,57.57244400963305
5425,62.304387963769834,21,0.01,57.2321804595668
5426,115.77908233206546,110,0.01,65.35767969005865
5427,70.27737905046322,3,0.01,65.60436897733643
5428,44.513672145679,2,0.01,65.28475443130259
5429,81.2585385534731,93,0.01,65.36452900778171
5430,80.76485281348576,5,0.01,65.35122364339144
5431,68.58348033728363,7,0.01,65.44440777113608
5432,57.557917803872,48,0.01,65.37674724859963
5433,38.53433830111149,3,0.01,64.86738485417362
5434,57.31313922391793,78,0.01,64.78518112129359
5435,124.71320263582125,54,0.01,64.90850016585668
5436,109.60087576784024,4,0.01,64.93912673726581
5437,38.732366713315116,4,0.01,65.01732745831099
5438,97.10795888616875,71,0.01,65.69833738314624
5439,119.53042698190228,7,0.01,66.23513067464746
5440,55.78293092256135,4,0.01,66.38358517011004
5441,124.3176381772934,112,0.01,67.73663802899371
5442,10.403938236173417,86,0.01,67.05320349932863
5443,102.82010854320464,63,0.01,67.47731824173734
5444,-47.660194573007516,30,0.01,67.31741387667115
5445,49.63769461428402,40,0.01,67.05674312893444
5446,113.38671742545372,27,0.01,67.77673436640063
5447,64.9798445027888,2,0.01,67.33031118306957
5448,39.70337868712879,53,0.01,66.63592321768014
5449,-26.467638712755686,46,0.01,65.23277986446963
5450,107.32693517755044,106,0.01,65.50347750326398
5451,90.75606888043698,2,0.01,65.48004772823845
5452,-108.59027163551536,0,0.01,63.42216242199831
5453,67.65783652118847,1,0.01,63.67063201161689
5454,-176.46438093542417,0,0.01,61.34600771814119
5455,71.1825022565324,62,0.01,61.09300289049458
5456,16.185051639948682,101,0.01,60.92802087598313
5457,42.44493478118042,30,0.01,60.96238691616119
5458,-118.38048866395332,0,0.01,58.97348977017886
5459,111.38788394301385,60,0.01,59.22281520250983
5460,49.77902546703031,0,0.01,58.994657920505304
5461,94.51175674270371,2,0.01,59.12003748903571
5462,83.5705618440987,29,0.01,58.89697725723934
5463,96.66690561063922,85,0.01,58.93301331092321
5464,113.0601522114069,3,0.01,59.30005015089656
5465,44.687922088478885,104,0.01,59.439582428470764
5466,71.88703585358766,4,0.01,60.550204644140294
5467,81.92613741372817,42,0.01,60.14168141132515
5468,57.25611336101444,76,0.01,59.81232412985463
5469,38.40093487891437,58,0.01,59.340476226869235
5470,74.99789749002386,105,0.01,59.273378992597316
5471,91.57499880362445,81,0.01,59.70650024378495
5472,50.60837816418365,53,0.01,59.760685390611435
5473,44.6428213483796,1,0.01,59.724205505450655
5474,104.52147011694724,80,0.01,60.354099279527546
5475,91.23844660426101,88,0.01,60.41776517360654
5476,23.272939691916577,30,0.01,59.715698435648044
5477,2.446108328724012,37,0.01,59.234513543917245
5478,123.45781687597358,24,0.01,59.893313794553215
5479,120.61961403564072,110,0.01,60.530732183290176
5480,109.30924856574347,64,0.01,60.43682590094971
5481,114.96905804400964,83,0.01,60.86603459151417
5482,105.9295717504443,25,0.01,60.702200530877015
5483,66.75436715426025,4,0.01,60.57282299817231
5484,76.80426483116234,51,0.01,60.12217582174213
5485,105.58077116890695,51,0.01,60.27543385102935
5486,67.7803125260027,3,0.01,60.27380279366759
5487,100.91219190622374,77,0.01,60.1855162138522
5488,75.57911511036701,68,0.01,60.51714401735934
5489,126.72083025676085,33,0.01,61.28200490718672
5490,39.26279348342043,4,0.01,61.303623141236905
5491,79.9843126473495,2,0.01,61.15260912192269
5492,58.73481618016768,20,0.01,61.23895408787521
5493,83.44326120127586,5,0.01,61.25063692273442
5494,110.81069427203325,72,0.01,61.16868298044376
5495,77.0336598435772,62,0.01,61.53274106231057
5496,95.22491165485306,1,0.01,61.93586972191702
5497,103.27570653979033,1,0.01,62.21662948787289
5498,-661.8690273809834,0,0.01,55.46971015461631
5499,-128.82035545775477,0,0.01,53.64499043691841
5500,-698.3584799523074,0,0.01,46.10031150015458
5501,65.25361729100005,114,0.01,45.92894145050987
5502,39.34519638263903,111,0.01,45.50234087193725
5503,93.6161997075386,100,0.01,49.89418688209751
5504,116.69993450056033,55,0.01,50.05541992022687
5505,39.84958976654663,89,0.01,49.865076425886606
5506,84.93110782752927,15,0.01,49.82835232594156
5507,82.22995527095726,49,0.01,49.69120295595474
5508,74.01485688423031,1,0.01,50.02111338339496
5509,93.09475015882057,46,0.01,50.256926317954324
5510,68.31240375943653,26,0.01,50.4267228414489
5511,35.64317617921033,2,0.01,49.5441684792021
5512,-432.9201860000576,0,0.01,44.1481044584691
5513,32.78159509570039,113,0.01,44.72695752130478
5514,105.02024695321133,2,0.01,45.03561628444866
5515,101.29440050258683,2,0.01,45.296814864273045
5516,47.70699411126997,24,0.01,44.8497578200718
5517,113.91229014744663,40,0.01,45.48862862904872
5518,115.00726945057383,75,0.01,45.4846267365987
5519,43.78834362358813,43,0.01,45.063693530442215
5520,-398.7522843997401,0,0.01,40.30674987601267
5521,127.86186023887159,58,0.01,41.09751550469305
5522,88.91752033743079,60,0.01,41.114631114683746
5523,-295.63368141694906,0,0.01,37.85208290343326
5524,59.53573237498085,27,0.01,38.26682059322215
5525,128.63611158175163,2,0.01,38.93013782940197
5526,110.89814286774359,34,0.01,38.88132843475875
5527,78.25225966631987,76,0.01,38.96107724091731
5528,65.32047144717981,9,0.01,39.16914523393232
5529,113.62511246987044,1,0.01,39.4928109730963
5530,86.95046118074302,111,0.01,39.554667056768864
5531,52.41172155271329,107,0.01,39.39294946892317
5532,15.898058334589685,32,0.01,38.97635087423034
5533,114.44547058928707,2,0.01,39.7354621971121
5534,-1.7742550664518433,16,0.01,39.1445882542084
5535,96.60795429530937,63,0.01,38.86353577080328
5536,16.775791944239614,103,0.01,37.93528493256727
5537,41.58663943471251,35,0.01,37.96382765978125
5538,44.86548445505578,79,0.01,37.441402915470114
5539,69.78177407847855,2,0.01,36.94391638643587
5540,74.79026129498735,61,0.01,37.133989690160135
5541,127.63563098412857,2,0.01,37.16716961822849
5542,66.87733366807058,88,0.01,37.73190357254746
5543,68.13288715000763,109,0.01,37.38503135861549
5544,107.04732074566445,3,0.01,38.93210651180221
5545,45.08513007372518,114,0.01,38.88658086639663
5546,-25.243444543566014,49,0.01,37.50027924670643
5547,-164.6166620155759,0,0.01,35.20431418152278
5548,84.15926985929073,113,0.01,35.648873093244404
5549,55.76661106140364,51,0.01,36.47121559098599
5550,49.669083526058444,3,0.01,35.89463707447107
5551,66.8432816164501,83,0.01,35.65550920183121
5552,74.27272154560177,57,0.01,37.48413913364237
5553,36.93719485653499,64,0.01,37.176932716995836
5554,-121.93257546850835,0,0.01,37.722250771664996
5555,56.415460228879844,4,0.01,37.57458035138848
5556,-113.66261006554915,0,0.01,36.2761037343335
5557,93.44413591387789,43,0.01,36.786095745660475
5558,-27.426702362678483,0,0.01,37.69563360867322
5559,33.6484326618276,86,0.01,36.91823909586136
5560,58.61817883123548,75,0.01,37.006630629503405
5561,41.154292179155036,10,0.01,36.47305598386792
5562,116.50875594081734,1,0.01,36.80243792483511
5563,95.43690744067712,1,0.01,36.7901379431355
5564,120.97045943761765,101,0.01,36.8692410153976
5565,91.80265850583903,81,0.01,37.3403883795712
5566,115.90087937215552,1,0.01,37.780526814756875
5567,64.31121372603778,41,0.01,37.60437757787997
5568,50.0366554258641,42,0.01,37.53218299852847
5569,65.28607744117252,100,0.01,37.801034424151055
5570,79.89640492590013,1,0.01,37.85001949850981
5571,35.92645595057419,60,0.01,37.2935340699793
5572,40.38157234416156,43,0.01,37.19126601177909
5573,97.53955022670948,2,0.01,37.720233300562384
5574,-488.8151356460977,0,0.01,31.78686724293194
5575,114.21753171160384,4,0.01,32.016658094005365
5576,129.22126413515963,106,0.01,33.07614133843779
5577,47.83561366622737,32,0.01,33.530036391812835
5578,126.21496311372908,2,0.01,33.557607854190394
5579,118.73138825772574,99,0.01,33.53872559641124
5580,130.6998858799525,36,0.01,33.75263196955333
5581,122.66097606429409,79,0.01,33.82955114975617
5582,-82.35188504867602,0,0.01,31.946736581764966
5583,88.48610801509318,106,0.01,32.16405399037329
5584,-302.1006280509838,0,0.01,28.375005061551832
5585,-445.5727357890901,0,0.01,22.86346999197186
5586,65.32641984884839,3,0.01,22.838931065200317
5587,48.426527306894116,73,0.01,22.31407441920702
5588,97.83372907014329,77,0.01,22.536620558804785
5589,124.6377891635951,5,0.01,22.51579014787313
5590,117.58987759710101,70,0.01,23.299060989009934
5591,33.67087468315911,81,0.01,22.83592660936803
5592,91.88070475183366,92,0.01,23.16738549508469
5593,69.45470429824718,2,0.01,23.027499926054404
5594,61.00370595848343,36,0.01,22.529430042918907
5595,46.33474001779234,4,0.01,22.222440844661058
5596,106.74429696373687,71,0.01,22.337634697749895
5597,-23.47575184042627,0,0.01,21.070120113947727
5598,115.87065861895496,28,0.01,28.847516973947112
5599,72.41772162070623,70,0.01,30.859897744731725
5600,48.55440075445156,3,0.01,38.32902655179932
5601,65.76794329719176,46,0.01,38.33416981186124
5602,78.2888447041605,3,0.01,38.72360629507645
5603,46.04297224617623,54,0.01,38.247874020462824
5604,89.35881567742858,104,0.01,37.97446283223151
5605,40.241023136687524,3,0.01,37.97837716593292
5606,105.0138172995091,106,0.01,38.17920426065271
5607,72.83127418722125,97,0.01,38.08521744981535
5608,129.70406470390554,81,0.01,38.64210952801211
5609,118.2182759426875,2,0.01,38.89334478585077
5610,50.78423707841867,109,0.01,38.7180631190406
5611,92.05313946266082,4,0.01,39.282162751875106
5612,119.06608018599267,58,0.01,44.8020254137356
5613,-141.96364078910653,0,0.01,43.054573054887534
5614,86.29841226955476,85,0.01,42.86735470805096
5615,106.78565103213128,59,0.01,42.922267213346416
5616,105.33754820072306,1,0.01,43.49857275424094
5617,114.40208354576247,20,0.01,43.5034706882241
5618,-2.6336863944401614,31,0.01,42.32706112977396
5619,98.9824719165329,109,0.01,42.879002412703414
5620,-116.18906757316948,0,0.01,45.70463458096911
5621,91.60120492311448,47,0.01,45.34202802781155
5622,103.57129891817893,89,0.01,45.48856581361903
5623,61.77571665473694,41,0.01,49.06265979433589
5624,49.50912031210623,4,0.01,48.962393673707155
5625,59.587074597685195,77,0.01,48.27190330386648
5626,51.94694302341796,1,0.01,47.68239130542322
5627,-58.12192796007143,0,0.01,46.31864942915931
5628,64.01021614348245,114,0.01,46.305546876122335
5629,129.88985818207203,87,0.01,46.46819433324435
5630,39.41019596632512,67,0.01,45.99279168110016
5631,130.23274883549075,61,0.01,46.771001953927936
5632,120.77019767722453,2,0.01,47.819723347354284
5633,48.48382608759902,2,0.01,47.16010690233739
5634,109.28021098610029,1,0.01,48.27065156286292
5635,42.84531704187611,0,0.01,47.73302519032859
5636,-496.14389184464017,0,0.01,42.6038283524398
5637,43.64587450364969,4,0.01,42.624420703129175
5638,78.83276226322343,2,0.01,42.964093481210845
5639,56.38308813705381,74,0.01,42.8301066217966
5640,43.17150615131106,15,0.01,42.513919070359854
5641,57.15411675741167,69,0.01,41.80910392809266
5642,39.3587719378927,54,0.01,41.53391831079089
5643,94.76816945424073,91,0.01,41.80027113383323
5644,120.75492712460108,5,0.01,41.937347197622586
5645,120.18857277172818,50,0.01,42.68838162460261
5646,119.99510134948068,42,0.01,44.140767083533085
5647,97.88262315102638,48,0.01,46.765759935199114
5648,82.0836272696447,91,0.01,46.74500350930266
5649,59.03883617106368,1,0.01,46.77772576039927
5650,88.02735371457013,54,0.01,47.16130846228438
5651,61.012447879773084,1,0.01,47.1030001249176
5652,134.17701912423803,32,0.01,47.70204310070396
5653,87.57863659927757,4,0.01,48.20845751813139
5654,110.7404794445379,1,0.01,50.53518806726185
5655,107.71965230422596,101,0.01,51.0482299880153
5656,51.32812529299219,32,0.01,52.69813734160071
5657,112.15867925086778,51,0.01,52.88528277497063
5658,-3.5451868745147124,16,0.01,53.12409792985225
5659,75.25929060217386,12,0.01,53.54020650925571
5660,84.77008388615192,25,0.01,53.80172555980488
5661,83.06549466693386,1,0.01,54.22083758468268
5662,71.8051756306721,47,0.01,53.77380178158121
5663,77.51080666237226,28,0.01,53.59454077379818
5664,47.572018917935196,4,0.01,52.86055636860136
5665,65.55623652610231,3,0.01,52.59809214880398
5666,50.015114719403456,82,0.01,51.93923450227647
5667,48.977944505900815,12,0.01,51.7859018100751
5668,-299.9544823169055,0,0.01,48.2859904326474
5669,54.063940749160025,92,0.01,48.17376906572727
5670,97.64018443944869,4,0.01,48.35120686086276
5671,90.9675621466366,36,0.01,48.90161792282338
5672,-194.16333882957485,0,0.01,46.55616881108602
5673,-175.77127072028588,0,0.01,43.82306060161607
5674,58.02925153648382,22,0.01,49.291504473441876
5675,51.466159700067955,41,0.01,48.663990753326516
5676,91.26939163595623,27,0.01,48.28447202833448
5677,104.21151411607377,2,0.01,48.848231032832935
5678,127.15584899900486,109,0.01,48.85763989168569
5679,61.58342393468996,46,0.01,48.286160248455346
5680,36.71531671457124,4,0.01,47.346314556801545
5681,70.6945250086504,4,0.01,46.82665004624509
5682,130.63447439300978,1,0.01,48.95651364066195
5683,90.38811055854632,82,0.01,48.97553366609648
5684,59.19237497198813,1,0.01,52.5884636963262
5685,131.423444230475,10,0.01,58.358425496521846
5686,126.93213148709557,1,0.01,58.97448261290434
5687,51.447276268309274,117,0.01,59.00469010251849
5688,77.97778507682261,5,0.01,58.806130662585275
5689,76.05561981762725,91,0.01,58.3203089691256
5690,124.16594417389837,19,0.01,58.386069634893566
5691,116.48775375282972,1,0.01,59.214238425590274
5692,44.359566389517894,81,0.01,58.73902704196712
5693,-17.073943941590045,0,0.01,57.87374055956875
5694,-48.78064934974418,44,0.01,56.77589700648647
5695,71.679840683597,79,0.01,57.02934801314452
5696,57.630378400265755,2,0.01,56.5382088275098
5697,118.75928788253769,63,0.01,57.960559224739455
5698,48.36455025268085,30,0.01,57.28549814107671
5699,101.14218536293862,93,0.01,57.57274277849904
5700,105.56570704411675,0,0.01,58.142855841395686
5701,46.32580049942132,88,0.01,57.94843441341798
5702,126.84246219700819,73,0.01,58.433970588346455
5703,73.34741652951843,80,0.01,58.70701503117988
5704,123.30126918662765,22,0.01,59.04643956627187
5705,124.8294490219539,55,0.01,59.89232382512454
5706,127.11737367354701,31,0.01,60.11335938886492
5707,40.228361211027426,34,0.01,59.78733025910298
5708,-365.21468848285883,0,0.01,54.83814272723534
5709,121.08045821199417,99,0.01,54.866764549928405
5710,82.92099228685697,3,0.01,55.18813210201279
5711,54.273894574476486,3,0.01,54.81033965313094
5712,42.41221205307821,51,0.01,54.043800971801794
5713,90.99229488874003,80,0.01,56.373360328580254
5714,114.31926676338176,12,0.01,56.65356887351852
5715,51.05146280168145,73,0.01,56.09622699121403
5716,58.591261878996264,78,0.01,55.62876412799675
5717,78.87938439282237,1,0.01,55.27353713646737
5718,49.341487735730965,4,0.01,55.793288877769065
5719,37.097220589848035,36,0.01,55.17443636450221
5720,71.00088610930507,21,0.01,57.046335901326955
5721,124.36686889361667,14,0.01,57.37399254103198
5722,123.33213752228212,62,0.01,57.571600927073014
5723,47.46170539147016,44,0.01,57.42846081444035
5724,57.69089311058788,2,0.01,57.51027854242517
5725,42.957161198076314,71,0.01,57.343979408429085
5726,55.49743575452774,37,0.01,57.37948433574018
5727,134.29605073160252,105,0.01,59.303664122656926
5728,56.670577140820306,112,0.01,59.23026773263031
5729,113.80958028805402,118,0.01,59.06946495369012
5730,-179.76944615823902,0,0.01,56.87766853244449
5731,-488.2903039248848,0,0.01,50.692438004840724
5732,124.38408553856357,94,0.01,50.72857688345412
5733,75.52613583569286,0,0.01,50.99899998093504
5734,0.22064297016970613,14,0.01,49.90840430077574
5735,50.771006816773046,91,0.01,49.98766119852472
5736,15.428591802362199,44,0.01,55.10338603499475
5737,107.61091392699461,2,0.01,55.7430364292282
5738,38.92627039054264,19,0.01,55.343971510501376
5739,61.47927969845497,80,0.01,55.39493342611539
5740,36.8084802768745,23,0.01,55.33130316737102
5741,101.09943599987382,64,0.01,55.770756359795634
5742,46.496584999342126,78,0.01,55.84213449041013
5743,2.2217499190449814,1,0.01,54.916670295058175
5744,81.27709587737428,23,0.01,54.52189198258591
5745,121.185701670925,3,0.01,54.53186327157787
5746,125.93808991111882,30,0.01,54.59129315719425
5747,40.459452214959654,72,0.01,54.01706144783358
5748,69.90809176398594,4,0.01,53.89530609277701
5749,112.4698844626574,83,0.01,54.42961657569293
5750,59.925190457546684,3,0.01,54.14859494312271
5751,109.4621615328913,51,0.01,54.63309207965389
5752,38.138807894120255,48,0.01,53.67270996735271
5753,86.95099697891328,13,0.01,53.666433571149064
5754,55.17528062706434,2,0.01,53.11078158297433
5755,7.858327168584463,44,0.01,52.112168331617916
5756,93.40084801209355,120,0.01,52.53289555880893
5757,65.75711918517062,35,0.01,52.06887995815195
5758,85.4504871497962,41,0.01,52.95883669839507
5759,66.59656990003441,98,0.01,52.87220949137368
5760,126.64868327969401,10,0.01,53.29099548530908
5761,39.93560551656946,99,0.01,52.85969659380544
5762,83.18087655659048,15,0.01,52.97345360306463
5763,117.12867368481412,1,0.01,53.36963227328904
5764,51.32827331358499,1,0.01,53.40719481724554
5765,111.79378544015779,3,0.01,53.8695703063861
5766,85.76027754129518,101,0.01,54.22702193460503
5767,114.25844206164258,72,0.01,54.879826910162436
5768,123.85152192991403,111,0.01,59.11788695263064
5769,64.99142602182735,0,0.01,59.22716180535731
5770,67.93061109547348,4,0.01,58.93006607191755
5771,118.43134696543791,1,0.01,59.20470392010557
5772,43.124012509270216,114,0.01,61.57757743349403
5773,93.28004280019476,24,0.01,64.26809056869882
5774,73.57234113785566,54,0.01,64.42352146471255
5775,93.05582918020076,3,0.01,64.83941815951388
5776,70.3000265377766,119,0.01,64.62972450853208
5777,88.1843017339684,90,0.01,64.46945238471103
5778,69.22177451607558,49,0.01,63.890111639881745
5779,118.9747582638754,96,0.01,64.46402498317359
5780,17.644715880683975,60,0.01,64.27331897483472
5781,68.88085387793845,2,0.01,64.2551822635276
5782,55.84296620881656,78,0.01,63.50726718168566
5783,89.65373477747146,4,0.01,63.49992342387492
5784,78.86749333766622,21,0.01,63.6966746075317
5785,121.2583010521913,4,0.01,63.59502317574885
5786,133.05107708029007,5,0.01,63.656212631680795
5787,139.19739916324977,0,0.01,64.5337138606302
5788,48.298236072265325,34,0.01,64.23691837058463
5789,138.78722264368815,27,0.01,64.86423439884524
5790,112.98435761175656,39,0.01,64.75241853322383
5791,103.82495821273386,106,0.01,64.62579057782287
5792,65.7443537930774,114,0.01,64.83963845185846
5793,138.9092269226877,32,0.01,66.39947016050124
5794,64.73313265337134,39,0.01,67.53460798053239
5795,54.66230417201851,2,0.01,67.36443261541662
5796,121.71985869024059,32,0.01,68.00532741831636
5797,139.13198649456223,74,0.01,68.20905440443661
5798,139.65375395698925,14,0.01,69.12194644147968
5799,-615.6631225702271,0,0.01,61.95389336214804
5800,110.12074628281673,10,0.01,61.999443754535044
5801,-697.6536457202628,0,0.01,54.55964929233819
5802,-171.30937760640677,0,0.01,51.57813089430403
5803,-119.78169911174541,0,0.01,49.6468397378914
5804,139.51945153826176,2,0.01,49.80902156140773
5805,82.61511222722801,22,0.01,49.38687819346048
5806,94.98499745358838,117,0.01,49.06555443126089
5807,-302.12882904867615,0,0.01,45.641982528663846
5808,135.47746663173666,87,0.01,50.648904079809796
5809,-97.99299715247562,0,0.01,48.45816952616512
5810,102.55266369513006,4,0.01,48.65448624024784
5811,96.09701598958691,87,0.01,49.07271745439896
5812,78.8816324686203,2,0.01,49.437411658554375
5813,59.757864588407365,3,0.01,49.125067355551046
5814,-36.219204311875444,0,0.01,47.61968264479847
5815,-96.58824219438577,0,0.01,46.143285594837806
5816,77.51765587240374,3,0.01,46.33254953477187
5817,-73.04191530900542,0,0.01,44.813336537753585
5818,61.157959495644235,100,0.01,44.93150125535272
5819,41.993837569372545,78,0.01,44.98046742514797
5820,97.2906510505286,13,0.01,45.24336507456021
5821,101.59351782593932,5,0.01,45.015631563883446
5822,-190.4419130260606,0,0.01,41.87789105840002
5823,44.2984628493012,67,0.01,41.84625863297833
5824,106.00309538753805,55,0.01,42.329380655747826
5825,106.92539717942753,2,0.01,42.96906301556134
5826,47.11857584490456,72,0.01,42.88527441646511
5827,69.17294258210784,51,0.01,42.23404333497015
5828,54.68332651489631,86,0.01,42.21417082871091
5829,97.17558254943431,1,0.01,42.047830851324726
5830,44.667709886675155,66,0.01,44.29220241177386
5831,72.55202702065193,91,0.01,49.900625721229225
5832,53.114188315630216,2,0.01,49.1879267489999
5833,-3.45112312430399,49,0.01,48.39815415939993
5834,50.652116509590606,0,0.01,48.90246889479414
5835,70.90429806721076,2,0.01,49.103801807298524
5836,12.892967901533723,3,0.01,49.078445568290235
5837,55.582721037160525,33,0.01,48.55816363939191
5838,63.83213960901072,111,0.01,48.80722233157657
5839,43.4811817350497,111,0.01,48.62724135194252
5840,88.55003085822406,96,0.01,49.14465685775602
5841,123.25144516529741,20,0.01,49.36617694941027
5842,52.01252744338889,66,0.01,49.42133637385072
5843,-20.74806957472063,0,0.01,49.19163817891306
5844,64.61030246960344,105,0.01,49.02497024483535
5845,90.63887975333466,100,0.01,48.71950202565944
5846,58.306547563867134,42,0.01,48.04318660218692
5847,87.40884260631097,104,0.01,48.512680506100445
5848,92.75160201464038,120,0.01,48.74111560860699
5849,128.71475139105388,63,0.01,48.90356427789096
5850,67.82206816907143,5,0.01,48.98253305500621
5851,75.58695299353462,4,0.01,48.643780969612635
5852,75.56814972972579,0,0.01,49.01807438796869
5853,78.03563720807745,62,0.01,48.928920790260335
5854,119.46762438407148,3,0.01,49.5718442278304
5855,79.78564474778489,15,0.01,50.2911174036224
5856,110.48419896386815,2,0.01,50.46195091314016
5857,67.39863432366244,80,0.01,50.47836606452506
5858,-682.7140560985088,0,0.01,42.79672063204202
5859,-488.0259780827326,0,0.01,37.250495152214334
5860,105.35175409618998,2,0.01,37.037525860379304
5861,135.90937948990916,3,0.01,37.9972636001127
5862,47.70393251661388,107,0.01,37.64249415971294
5863,-32.98820596670646,24,0.01,36.14132536319774
5864,94.3290075638771,72,0.01,36.571332705700655
5865,62.0328134679189,1,0.01,36.07372298597827
5866,98.6545459117041,5,0.01,36.20266566968236
5867,111.18715548261443,4,0.01,36.171952803892076
5868,59.49424477842412,5,0.01,35.52838003237718
5869,128.91887922255336,1,0.01,36.16765456438444
5870,-168.29393696396642,0,0.01,33.80540908379004
5871,120.47578497460022,34,0.01,33.82585346388166
5872,46.691203816067954,37,0.01,33.861525376949636
5873,41.28471904549396,36,0.01,33.34157213940264
5874,76.15388455987267,16,0.01,33.36738757362281
5875,109.10001171860154,3,0.01,33.52782939900681
5876,45.045787571725484,54,0.01,33.2752870093463
5877,129.26304971574206,69,0.01,33.68607448916404
5878,135.69081290076468,36,0.01,34.35076487301093
5879,112.6157560783856,71,0.01,34.28717485115603
5880,-168.53746969268866,0,0.01,32.4253529954223
5881,65.67901281983474,40,0.01,32.39333458484126
5882,73.66441062710712,2,0.01,32.57154902902417
5883,126.76231616832588,64,0.01,32.94263484293271
5884,98.52376061105991,28,0.01,33.13919751566666
5885,64.76458365194476,95,0.01,32.57426034166418
5886,118.69042981903337,4,0.01,32.43065386905162
5887,-379.6959612309683,0,0.01,27.24172026510944
5888,123.27814695648841,0,0.01,27.991519373951665
5889,95.2958612755539,0,0.01,27.556605760270326
5890,70.84257560110302,34,0.01,27.13518794016379
5891,87.49679801855399,1,0.01,26.97190633822199
5892,67.78827505124976,14,0.01,26.992345550803712
5893,3.029189611633768,99,0.01,25.633545177693172
5894,101.9377003795245,107,0.01,26.005590854954704
5895,136.77034606756587,5,0.01,26.82667127391018
5896,79.50812449670173,95,0.01,26.40455393197479
5897,44.70810591128881,82,0.01,25.460315126142053
5898,84.01069034618348,18,0.01,24.903884490034
5899,108.74543381275527,109,0.01,32.14797005386382
5900,18.98441296964063,11,0.01,31.236606720732063
5901,92.17492580852806,67,0.01,39.134892436019975
5902,128.68890722654555,58,0.01,42.13487528434949
5903,88.58924713385558,101,0.01,44.21858474680551
5904,141.1471629578001,2,0.01,44.23486186100088
5905,137.07845329458308,2,0.01,44.779495271674435
5906,37.16896773093568,43,0.01,44.20133497444791
5907,115.79959316962258,33,0.01,48.380619196630896
5908,123.51565168427369,2,0.01,48.26100104715627
5909,85.67979414699639,14,0.01,50.09772896015099
5910,133.25316127990737,2,0.01,50.40473393599876
5911,122.89180025433538,110,0.01,50.67268177864625
5912,126.80320789425764,2,0.01,51.15189753290263
5913,106.70480235831317,4,0.01,51.62136691060168
5914,74.27688252285574,45,0.01,52.72632777894899
5915,76.07604465913548,79,0.01,54.45297064748421
5916,98.7128987782611,4,0.01,54.664923076542784
5917,74.44269916549206,117,0.01,56.13976922128775
5918,124.78929502746769,46,0.01,56.77608257660599
5919,40.35269027677745,73,0.01,56.75967110368003
5920,67.90648411360557,35,0.01,56.46582943431082
5921,134.33805614048836,37,0.01,56.79327481745629
5922,-647.4469432217217,0,0.01,52.22322451549969
5923,88.80638226675096,28,0.01,52.668303709674184
5924,108.72182999323026,113,0.01,52.69549105573111
5925,123.77190766117181,110,0.01,52.863956160548554
5926,68.96656896358851,33,0.01,53.08243609173539
5927,88.03180973418628,2,0.01,53.27102476325617
5928,121.99675096140038,47,0.01,53.94415900772122
5929,-287.17626811315944,0,0.01,50.10064050109528
5930,109.28309810273159,37,0.01,50.746794383255846
5931,122.03842608539114,80,0.01,51.24165837390323
5932,-421.3001233673633,0,0.01,46.4975152570733
5933,-323.95161544159083,0,0.01,43.29251033390044
5934,132.52136565233965,0,0.01,44.11120282532792
5935,91.73449564352843,105,0.01,44.319504801091085
5936,42.847094770899375,84,0.01,44.619046069784744
5937,142.9814370333561,16,0.01,45.4930332297467
5938,99.05218878282784,1,0.01,45.84523372148488
5939,50.47702150814818,28,0.01,45.91519211921586
5940,144.87860542725156,34,0.01,46.47847786490615
5941,-38.39325024340059,0,0.01,44.86203091081916
5942,144.76695042960762,73,0.01,45.789575140681336
5943,109.7508391704829,104,0.01,47.094564228133365
5944,105.32709383979261,2,0.01,47.50173214183528
5945,87.4547503738601,4,0.01,47.469890848040535
5946,-107.16767923436441,0,0.01,45.81514858005822
5947,83.99774691930611,2,0.01,45.78103762318817
5948,-396.51935764506015,0,0.01,40.88832802659117
5949,122.37787291281174,1,0.01,40.82495924180875
5950,145.62987583988934,107,0.01,41.603037318516925
5951,15.245761779452437,14,0.01,40.99962540637609
5952,62.360886305915535,1,0.01,40.867552772138
5953,47.580630893431135,113,0.01,40.56300270899153
5954,135.0543446005082,37,0.01,40.718869911155906
5955,97.21702197010569,4,0.01,40.89318368337911
5956,-7.25495958729411,0,0.01,39.71579209786748
5957,138.05717703345692,119,0.01,40.42237752496542
5958,99.44465248607833,67,0.01,48.24396461081131
5959,69.42456139040685,103,0.01,53.818470005542686
5960,76.42128137070526,55,0.01,53.52916527828785
5961,146.29583702145084,4,0.01,53.63302985360327
5962,42.50172846980549,45,0.01,53.581007813135166
5963,92.2411915311905,116,0.01,54.83330178811414
5964,69.33218121524409,75,0.01,54.58333352462782
5965,69.2145321350431,86,0.01,54.655150711299065
5966,60.802525382915874,38,0.01,54.27663050601118
5967,-25.39596560360161,0,0.01,52.910799295149026
5968,143.13657667383777,85,0.01,53.74722261410316
5969,96.4055039522884,36,0.01,53.42208886140051
5970,101.86880633422041,67,0.01,56.123716294382376
5971,66.94004374546523,2,0.01,55.588358882091015
5972,82.90415014426816,50,0.01,55.95048834537302
5973,100.94635439107455,27,0.01,56.547104698828825
5974,130.03662532101885,80,0.01,57.085932106440275
5975,49.41965594773281,4,0.01,56.4891285487316
5976,69.75546255734056,18,0.01,56.736225298587755
5977,63.96020254416513,57,0.01,56.08319682687199
5978,97.90490061458434,49,0.01,55.705337704010184
5979,43.52010371837029,112,0.01,55.01438118041003
5980,18.357463417639167,114,0.01,56.88333051151331
5981,107.28109133999801,72,0.01,57.29935129671494
5982,141.29591605894535,88,0.01,57.975666351033325
5983,84.18927741597776,33,0.01,57.549935963509846
5984,135.19878952233998,36,0.01,57.91668625262264
5985,-687.2882179912503,0,0.01,50.396158236190686
5986,72.12236655829315,31,0.01,49.930477603583284
5987,80.96051857926557,96,0.01,54.53704240168561
5988,35.9592994096085,29,0.01,53.66385392621682
5989,107.24206588695283,87,0.01,53.78331597233081
5990,95.88713639343791,116,0.01,54.033761580254165
5991,-260.53155066313747,0,0.01,50.55347809343724
5992,146.90983513082108,2,0.01,51.344693694232966
5993,109.7853357456078,40,0.01,52.4122551555727
5994,145.26595159833528,80,0.01,52.84553766776081
5995,104.77225675119674,3,0.01,52.52555677459713
5996,45.34715741683789,2,0.01,52.18394710379848
5997,11.699887479265385,38,0.01,51.85386491947825
5998,62.48351223570694,96,0.01,51.63859313837348
5999,113.62637113441983,19,0.01,51.687402511590136
6000,145.52341280754231,77,0.01,52.95279250996916
6001,-588.1575350948583,0,0.01,46.149467900935285
6002,62.21621795400742,3,0.01,45.4847410082099
6003,71.90389323683026,68,0.01,45.31788746923965
6004,69.60612325995227,30,0.01,44.602477072261166
6005,86.35077015002858,26,0.01,44.09520024081563
6006,124.57419417079433,88,0.01,44.969252505214214
6007,81.10918086003895,78,0.01,44.62234838211837
6008,131.89526655821368,52,0.01,44.706144530857785
6009,133.50484762400214,3,0.01,45.18439506562783
6010,-428.0878107393775,0,0.01,39.570985345434984
6011,91.42209037356274,52,0.01,39.25628824662725
6012,118.67139057484184,2,0.01,39.1749700734331
6013,143.0301024951761,46,0.01,39.53822307480172
6014,122.21500132271181,99,0.01,40.01760426280029
6015,83.938832257661,0,0.01,40.09623213878554
6016,-31.769361365781606,0,0.01,38.79140953734512
6017,62.32580243321895,18,0.01,38.67024057002238
6018,61.54555921613864,40,0.01,38.03780321190909
6019,-133.08818024415632,0,0.01,36.30339450669975
6020,113.6412967555484,65,0.01,36.760742633119186
6021,62.8093372759354,4,0.01,36.04545544447365
6022,114.94863005562743,2,0.01,43.66941117724715
6023,139.073858802364,49,0.01,44.17208594260328
6024,-288.5295047131626,0,0.01,40.19957259553935
6025,-271.5375352921905,0,0.01,36.24647816600573
6026,111.14566918028666,116,0.01,36.66826916817271
6027,-637.1323001825058,0,0.01,29.416628069005792
6028,111.85242651773737,47,0.01,29.315184824569165
6029,-163.6335780819166,0,0.01,30.550611724881588
6030,-393.31766454774504,0,0.01,25.524604098376816
6031,97.89432944284427,104,0.01,25.283163131951348
6032,64.25135729750477,12,0.01,30.13867793860003
6033,50.57231267302066,74,0.01,33.883917219746145
6034,4.2025561095838775,14,0.01,32.60072912431859
6035,131.12830474947208,95,0.01,32.99466721537803
6036,121.63762312712632,84,0.01,33.7825724989403
6037,54.31995831206435,4,0.01,32.89595771172738
6038,76.10027429612822,4,0.01,32.666438566860386
6039,108.40208436056261,2,0.01,33.24568919538453
6040,118.53560403317846,125,0.01,32.982259181443794
6041,110.23009925317805,2,0.01,34.46849267640958
6042,101.99796093933732,0,0.01,34.040802781506876
6043,71.51605394244092,27,0.01,33.65845492922645
6044,-187.1524555860662,0,0.01,30.733659434967866
6045,85.61021723107557,1,0.01,30.71521410354002
6046,-468.7005376066958,0,0.01,27.09988551981671
6047,78.30070423254315,24,0.01,27.042915092949073
6048,62.99544875748376,47,0.01,31.638063156974514
6049,125.65499897647325,88,0.01,31.670834417611122
6050,-353.04882997109735,0,0.01,26.68404735950126
6051,95.48763742962052,84,0.01,27.48646611600294
6052,-393.9715056967176,0,0.01,22.92314219597661
6053,129.40064818292507,2,0.01,23.741342368871557
6054,149.86713237813228,4,0.01,23.889470246647793
6055,124.87896455481848,1,0.01,24.166089672494923
6056,82.49709177245381,49,0.01,25.0636101860924
6057,58.24947066788712,2,0.01,24.2655331224367
6058,122.17759742300984,4,0.01,24.492862571806022
6059,67.71643601647791,39,0.01,24.475781318066733
6060,115.48306256393221,56,0.01,24.866399129999
6061,141.62721968971005,106,0.01,24.819712956681588
6062,-105.42676646945742,0,0.01,23.34042800728896
6063,144.93092840160097,3,0.01,23.867325375993065
6064,98.8694464348403,37,0.01,24.162698028189034
6065,88.80311887066077,3,0.01,24.358583895545202
6066,-531.2025235142162,0,0.01,18.438533406573885
6067,92.77113652717638,2,0.01,19.620204427881664
6068,79.86699930270404,110,0.01,18.98750865417033
6069,133.03354319621792,4,0.01,19.353789046609624
6070,49.1825315820521,3,0.01,18.826926299087937
6071,91.49400165141076,2,0.01,19.072465878147394
6072,82.45731837508887,40,0.01,19.067997560455602
6073,78.5893654316007,101,0.01,18.844427670860867
6074,93.56573469186503,5,0.01,18.479718764569323
6075,59.88837019432206,3,0.01,18.58440590703522
6076,102.13429424205438,2,0.01,18.908194223882354
6077,61.631972384240186,63,0.01,18.88491192228311
6078,77.12777038093567,58,0.01,18.677140619946623
6079,44.21805436168807,28,0.01,18.6841201263798
6080,97.80170842585542,45,0.01,19.478562576461965
6081,-323.45008939677115,0,0.01,15.171250769094268
6082,56.75312119508631,0,0.01,14.32582282045568
6083,69.77340023095077,5,0.01,14.181664048605407
6084,140.7014101845639,109,0.01,14.23669025522765
6085,-413.2095500359443,0,0.01,16.977476934780707
6086,120.40300801566796,83,0.01,17.460283349354455
6087,64.3461494591572,5,0.01,17.294139658153373
6088,132.4503193849935,69,0.01,18.259049857907222
6089,115.33522766973712,51,0.01,18.339981475735062
6090,75.91786940932639,54,0.01,18.140288805893952
6091,66.9224533733925,3,0.01,21.41482884625925
6092,45.483596108376545,2,0.01,20.40056645603481
6093,101.9176652529681,3,0.01,20.321889751108408
6094,121.32890671800561,19,0.01,20.082519302305116
6095,123.96427057115719,122,0.01,20.274439440504715
6096,76.09159387683559,85,0.01,20.581883805104695
6097,88.7599645165932,35,0.01,21.35248457547797
6098,-524.436232749995,0,0.01,15.483287125620953
6099,123.41087057419088,116,0.01,15.58113212001866
6100,148.18548608882708,18,0.01,15.607752852831505
6101,-113.86221321113794,0,0.01,20.350706071668707
6102,106.81820450716322,41,0.01,20.796725937200268
6103,95.39837741791143,1,0.01,21.03167077901108
6104,121.62124759384766,127,0.01,21.551822022350034
6105,-122.05582827346869,0,0.01,19.467756038115063
6106,-245.98029457459694,0,0.01,15.762211150661146
6107,85.77878418762134,68,0.01,15.808907183936974
6108,133.38041084326318,95,0.01,15.82375862678747
6109,77.56828058393752,125,0.01,15.264392956386825
6110,55.79507610834482,2,0.01,20.10322182486405
6111,61.12779158013885,3,0.01,19.800278836929813
6112,116.53130451949511,33,0.01,19.778877976376343
6113,85.08685814920521,100,0.01,19.199445532916634
6114,83.63416829127607,93,0.01,18.813637202602276
6115,46.06630293036549,2,0.01,18.434911909329323
6116,-83.52137007211087,0,0.01,17.91739182226603
6117,-647.2358438629545,0,0.01,10.821775359304297
6118,83.6018700508063,2,0.01,11.042338467650973
6119,64.9409014129572,5,0.01,13.022629284222107
6120,68.26514446624532,38,0.01,12.568867761329077
6121,71.90490078503873,90,0.01,12.659823396420114
6122,56.150933188778694,103,0.01,12.071846427751623
6123,107.49889450688488,3,0.01,11.756096784796831
6124,142.61044506647414,1,0.01,16.067496282593197
6125,95.55256791502038,2,0.01,19.73839731466531
6126,131.89127205842303,105,0.01,19.945853343446668
6127,95.88854652122316,2,0.01,27.276061810483966
6128,78.84065799856575,33,0.01,26.945944125292243
6129,-342.74654674691584,0,0.01,25.15481443864225
6130,118.32641536297041,2,0.01,30.2712552377494
6131,127.99245909754057,91,0.01,30.572236534296362
6132,138.1933340566219,5,0.01,31.31165630188754
6133,-177.48579440943212,0,0.01,29.031075231063014
6134,143.7774685352578,22,0.01,30.42682435531976
6135,112.3335967346659,17,0.01,30.238877275171696
6136,99.77067401207367,91,0.01,30.02020778402117
6137,113.10761983349204,1,0.01,30.608084399235448
6138,55.6958759842658,84,0.01,30.40404041611682
6139,-463.37935288778067,0,0.01,24.686226043633386
6140,85.14169143081078,64,0.01,24.352286917609703
6141,-606.2860289019882,0,0.01,17.18712563605805
6142,98.17718694546177,85,0.01,17.14891789611929
6143,49.933281905885536,114,0.01,16.933090175753733
6144,82.22876024529485,105,0.01,19.626902334067342
6145,144.65752222068517,2,0.01,20.217375383963446
6146,13.549296337558587,25,0.01,25.039873723405986
6147,-93.86389129194379,0,0.01,23.318227768161115
6148,94.97373731261274,22,0.01,23.63801065371241
6149,151.12525916689037,125,0.01,23.892713255616577
6150,89.20145925806301,3,0.01,28.31521614790818
6151,121.83805237817194,4,0.01,28.578720297393694
6152,150.91345674324933,106,0.01,34.027569921793365
6153,71.4561604208163,86,0.01,33.44812504417227
6154,82.73285065492931,52,0.01,32.77678222694025
6155,76.11346194477096,61,0.01,32.289127200839765
6156,129.1228470184522,23,0.01,32.75538475329975
6157,5.306618574185473,28,0.01,32.22595623236274
6158,-43.98494737479413,5,0.01,30.564330784384698
6159,62.95026311997698,103,0.01,30.516669055419687
6160,68.10841908976678,44,0.01,30.04292262067803
6161,130.58753232317883,19,0.01,29.932525747012722
6162,98.4786907718439,4,0.01,31.971580319425733
6163,139.80526575956117,28,0.01,31.92032369300534
6164,66.30776539730181,2,0.01,31.594706882629954
6165,153.25006301288641,64,0.01,32.23917632405222
6166,109.13066653873213,79,0.01,38.64250822458169
6167,136.37458098821324,128,0.01,39.07854266919206
6168,100.89262548490686,1,0.01,39.28879893101409
6169,91.21116961671409,19,0.01,38.870575195219054
6170,91.27591725546615,2,0.01,39.29150905195319
6171,140.40110991631911,93,0.01,39.780580134602275
6172,46.12070184298351,18,0.01,39.41721396928122
6173,68.0413260082927,62,0.01,39.311733575048144
6174,57.024828226758856,65,0.01,38.94632451039708
6175,86.52315515829241,73,0.01,39.212672360036784
6176,65.00683680715285,15,0.01,38.84139778568777
6177,71.02329292140004,107,0.01,38.93531099105937
6178,122.83390717021764,3,0.01,39.39237235895219
6179,71.49144105411874,4,0.01,39.66510622587649
6180,85.88353490143564,3,0.01,39.545924490632295
6181,96.81044166338636,4,0.01,43.748529801233865
6182,148.9523979253807,52,0.01,44.67052256853681
6183,130.87217649951634,94,0.01,45.281510331222464
6184,58.06299480951095,64,0.01,44.45512617747194
6185,58.682291467774824,128,0.01,49.174044592509134
6186,115.61605578893834,33,0.01,49.126175070241835
6187,120.80818955032916,2,0.01,49.690795471153564
6188,54.313664526985335,96,0.01,48.90942892257347
6189,107.35187842469891,44,0.01,48.82959543012308
6190,106.76263046154342,1,0.01,49.138043040645265
6191,149.48414297791632,1,0.01,49.96365993669049
6192,151.08724044273453,112,0.01,51.019696380034084
6193,87.90756361122706,2,0.01,50.87959536361667
6194,131.3927510494013,33,0.01,50.98023380693063
6195,-169.4240831220917,0,0.01,48.04635026999815
6196,83.73593813985565,54,0.01,48.122793712628344
6197,85.75734192965695,5,0.01,48.09276748675897
6198,131.2975107594853,47,0.01,54.65010492185378
6199,84.73493312143347,1,0.01,54.26334554732621
6200,-616.8881756376718,0,0.01,46.612608930061214
6201,-129.26312268087008,0,0.01,46.45859983536391
6202,58.621565380776765,3,0.01,45.97663344410003
6203,66.58843514021609,14,0.01,45.68853402132308
6204,75.9075345021782,55,0.01,45.23139689040639
6205,116.89212993780029,83,0.01,47.620876472519065
6206,140.47932722509196,84,0.01,51.48547269051596
6207,126.16778972845157,98,0.01,51.88936274592427
6208,147.97714735057937,0,0.01,52.03533011099743
6209,51.742214096319834,102,0.01,51.77706944612124
6210,57.38877011461712,32,0.01,51.793006386183976
6211,57.6641429679341,0,0.01,51.758369900061915
6212,77.79052224691199,114,0.01,51.37096207733608
6213,121.11079333060678,4,0.01,51.7312014291501
6214,154.774383578815,84,0.01,52.4426035820255
6215,54.05042123775883,3,0.01,52.52244476509943
6216,74.32578941543056,4,0.01,54.100916359974846
6217,136.37155971590607,2,0.01,61.93699039576345
6218,132.81254061590522,3,0.01,62.42909710141444
6219,90.80175217142508,125,0.01,62.687705608999124
6220,139.8518486389461,130,0.01,63.403572650726126
6221,-3.4404295368269118,0,0.01,62.65011934750748
6222,96.7196474866644,5,0.01,63.05580649048633
6223,120.11097625868096,1,0.01,63.18192730800429
6224,99.7651245186417,114,0.01,62.75347410252596
6225,80.78576103478505,28,0.01,62.60580603372361
6226,101.49208634599717,28,0.01,62.30181417659936
6227,59.11765053678955,97,0.01,61.934105216755015
6228,68.6661110654764,1,0.01,61.83235974742413
6229,112.47204839346999,27,0.01,66.38454569882798
6230,106.73955234314373,30,0.01,66.26867706862973
6231,110.87197457395453,3,0.01,66.09747222339386
6232,139.4033196665642,56,0.01,66.10957207949328
6233,140.55268410650118,2,0.01,69.28995686465261
6234,116.37352533720264,46,0.01,69.01591743267205
6235,-243.07719143496405,0,0.01,65.46180955097574
6236,25.75679496060809,2,0.01,64.72167076046111
6237,-264.6710209278989,0,0.01,60.94388435284718
6238,-150.24460258423954,0,0.01,58.884479567162145
6239,156.06539100111203,58,0.01,65.07892700605107
6240,70.14185968630795,77,0.01,64.92892868860605
6241,146.06994678808758,43,0.01,72.4524884455068
6242,116.54075153826375,102,0.01,72.63612409143482
6243,66.50090004108755,112,0.01,72.80180027278683
6244,151.58622126797,92,0.01,73.4953748830136
6245,108.8681427919064,23,0.01,73.13748108872579
6246,82.79242617879956,122,0.01,73.82991238713822
6247,83.48452145244744,87,0.01,75.60339651458212
6248,38.35845741456068,32,0.01,75.0372437156016
6249,49.30594289681313,3,0.01,74.01905055290082
6250,-11.34040219387208,3,0.01,73.01363193838148
6251,-249.84627772835248,0,0.01,69.29678863731624
6252,-416.3090916281193,0,0.01,63.62456315360256
6253,82.92598729650118,2,0.01,63.7392614223594
6254,-200.67191027335974,0,0.01,60.905213813076514
6255,121.07665454575064,97,0.01,61.354845739086315
6256,114.1496702590354,19,0.01,61.205113971492146
6257,57.45587651966393,3,0.01,61.72660655094693
6258,137.46919601975554,114,0.01,63.541147984892426
6259,78.47067073254424,68,0.01,63.696352061018096
6260,150.53986818635002,111,0.01,64.52066655198392
6261,93.36918024636498,40,0.01,64.14848303121579
6262,143.36897713462807,50,0.01,64.59738589484363
6263,122.49862291576825,2,0.01,64.4243194664057
6264,116.50700787671892,2,0.01,64.92631189119986
6265,-224.4770189264437,0,0.01,61.14904107180657
6266,-472.86595273071896,0,0.01,55.329074879112056
6267,12.969680080056264,120,0.01,54.09502587003048
6268,135.50193689611746,71,0.01,54.4411189841426
6269,49.27657607725123,52,0.01,54.02177304874797
6270,107.91763556260602,111,0.01,54.18819023181936
6271,94.81684032493834,2,0.01,53.73234753590555
6272,-78.37731902217703,0,0.01,52.487367327253935
6273,62.86670311452399,2,0.01,52.43562109831626
6274,95.10455394163904,36,0.01,52.81641835546507
6275,128.32739819307548,100,0.01,53.23446078581289
6276,134.0198313008188,0,0.01,53.92459073074954
6277,140.39479551761426,114,0.01,54.61830575671169
6278,-579.739693059079,0,0.01,47.592569754418726
6279,-130.52112331318233,0,0.01,45.57244411074572
6280,-392.98193700143736,0,0.01,40.78378939171697
6281,132.00207025173492,2,0.01,41.13570567760047
6282,95.98386371030506,75,0.01,40.60602033544971
6283,125.33526174692696,68,0.01,40.55065118792382
6284,87.80275986575901,3,0.01,40.8480488384863
6285,148.73107323160073,29,0.01,41.74853665612455
6286,129.84298514646926,36,0.01,41.89080594969987
6287,139.48356082948033,113,0.01,42.07755966249138
6288,152.26931634100958,81,0.01,43.05711618063163
6289,-3.4305020617293813,17,0.01,41.94929237576734
6290,108.59971987975678,97,0.01,41.96766326994948
6291,149.10770544798095,4,0.01,41.96389889465012
6292,104.66832697198706,4,0.01,41.499709759942654
6293,-370.20654049945927,0,0.01,36.91856871883578
6294,113.36015046872473,90,0.01,36.738242713029024
6295,149.7803100244551,3,0.01,39.93028664449449
6296,-182.52063256441076,0,0.01,37.26772093745182
6297,106.01526617304799,95,0.01,37.47030017988573
6298,68.68520762379259,28,0.01,36.8441771485288
6299,107.3521708441347,4,0.01,37.07034952575581
6300,141.9925330535511,39,0.01,44.65915661266805
6301,104.9413313381861,46,0.01,47.00120115285861
6302,85.22785053268422,5,0.01,47.26726400437769
6303,154.04525596814474,110,0.01,48.141832212656965
6304,101.09611268684021,99,0.01,48.3937179945036
6305,58.48457482088326,81,0.01,47.809642443334425
6306,-208.85543023967136,0,0.01,44.31629486868679
6307,96.02258077152106,81,0.01,44.01484277911749
6308,-455.6473746175403,0,0.01,37.978597559436295
6309,-198.59683865916514,0,0.01,35.475207031881446
6310,149.16930255443978,50,0.01,36.39301235627966
6311,133.49719852399312,3,0.01,37.15134291184025
6312,145.0116808927113,115,0.01,37.82355449829824
6313,142.1462476386407,119,0.01,38.033909041378585
6314,-389.69832962775183,0,0.01,32.58918190931291
6315,121.45654785743233,48,0.01,33.26324317550965
6316,14.919085031255236,30,0.01,32.669176131667896
6317,92.51654971127658,28,0.01,32.230626031621604
6318,59.51489106255577,18,0.01,31.497649536088105
6319,57.594722177262284,59,0.01,31.16557923614648
6320,130.0354677528574,1,0.01,31.067415427285592
6321,67.88892578079096,34,0.01,31.78070898046177
6322,82.24093309744131,1,0.01,31.63592183656954
6323,60.833370709303395,96,0.01,31.04314578107577
6324,148.05623281479976,2,0.01,31.526056864037347
6325,114.7643456305311,92,0.01,31.86584270999481
6326,151.1116997264712,102,0.01,32.362038843799546
6327,69.31529016505885,2,0.01,32.46401524008223
6328,89.34704026314574,104,0.01,32.67082453205893
6329,49.66898670172235,18,0.01,32.04279391514146
6330,81.91379840440555,81,0.01,31.79453637575407
6331,110.86116896895776,17,0.01,31.794428319704103
6332,125.09164742028045,44,0.01,31.65131159724127
6333,95.91876420253988,120,0.01,31.20497239820166
6334,109.74774679175165,75,0.01,31.138714612747155
6335,102.77248749788203,116,0.01,34.59721140207561
6336,102.43984836319368,1,0.01,35.364041936101465
6337,107.12976304708006,128,0.01,39.08204977585125
6338,87.23648459831958,30,0.01,41.45686064767684
6339,147.90670570899238,14,0.01,41.37527379475565
6340,-8.111701452754602,24,0.01,40.59273818336502
6341,108.55408107384208,44,0.01,40.217579526222565
6342,121.35317593375738,2,0.01,40.26570377017751
6343,-294.95768227367967,0,0.01,36.65111794702983
6344,75.68288835273441,76,0.01,35.89208461787748
6345,58.33693874865391,106,0.01,35.38677257744495
6346,87.63922619825634,91,0.01,35.435240577639526
6347,155.5274009823737,90,0.01,36.15566937293879
6348,-463.7968066089394,0,0.01,31.134116732703784
6349,105.32434905434113,16,0.01,31.694300794279055
6350,-5.612131186568945,0,0.01,31.751583504352087
6351,85.71465888213162,3,0.01,35.10719287045693
6352,67.86605403160343,65,0.01,39.94894432705415
6353,-351.81958370660874,0,0.01,35.60148861702305
6354,131.58539911349848,55,0.01,38.92406171089164
6355,148.96272266898765,1,0.01,39.20292239212401
6356,147.13550044881893,69,0.01,39.53278069402185
6357,118.99087315393328,83,0.01,40.148130660364544
6358,70.09675715177059,55,0.01,39.47440627168469
6359,-149.37795111344806,0,0.01,37.19592005322476
6360,124.12645618982978,34,0.01,36.93178593325956
6361,89.51980046691847,2,0.01,36.89329213546509
6362,58.37257825054913,2,0.01,36.043328146624305
6363,91.19234287113935,80,0.01,35.730265346178015
6364,154.82136946894124,113,0.01,36.113408962100245
6365,-307.46127646749875,0,0.01,35.28356638668968
6366,57.673755747560904,96,0.01,40.58896347147248
6367,89.1563023167641,48,0.01,41.35082969383956
6368,119.93260456656935,55,0.01,41.195136370544084
6369,128.3883195540891,109,0.01,41.986253805312465
6370,65.6337487137875,37,0.01,41.56341493682427
6371,151.83652739734265,74,0.01,42.13361180754832
6372,-550.0168387293553,0,0.01,37.41721661047654
6373,-389.09670557373613,0,0.01,32.89758252359394
6374,108.57938809732947,60,0.01,33.03233086515085
6375,111.41359496632143,3,0.01,32.863192832883314
6376,79.67016949198363,3,0.01,32.31969621479496
6377,93.24510881411581,80,0.01,31.84819934775997
6378,126.8372227637054,1,0.01,38.91396850598781
6379,104.83702660924808,1,0.01,41.267550005212115
6380,109.9355961817499,40,0.01,46.296725337044
6381,70.57271724236519,67,0.01,45.68243180695029
6382,84.19744526817817,117,0.01,45.56456762252902
6383,81.90371630070668,1,0.01,45.13025216806682
6384,-435.8170463330465,0,0.01,39.89405410607876
6385,-323.6167311885489,0,0.01,35.17057606187727
6386,113.98867177320625,4,0.01,35.01203292814464
6387,99.25897479360611,1,0.01,34.6097870677859
6388,-101.04610838237738,0,0.01,32.07663282055203
6389,105.12466802899743,29,0.01,33.162184521459295
6390,53.157316916464005,87,0.01,32.60776049182637
6391,117.01273598425834,3,0.01,32.28681079718914
6392,157.17377616352377,3,0.01,32.81186528910451
6393,138.61700869351233,1,0.01,37.90010078103422
6394,110.05279016360291,1,0.01,37.867027177983005
6395,-65.12685290362148,0,0.01,35.717955548702236
6396,-629.2108899434736,0,0.01,31.251052974911616
6397,126.55718138494441,22,0.01,31.45647212703058
6398,115.90518985365347,76,0.01,31.928671949329186
6399,133.49832525082135,111,0.01,32.190133493396054
6400,111.89799039702729,90,0.01,31.889188066830815
6401,118.99615551295497,2,0.01,32.02973630857851
6402,146.22698969787692,1,0.01,32.639727700230424
6403,116.55300352727915,3,0.01,32.26480517582177
6404,72.58909221897017,112,0.01,31.979734971143074
6405,-294.6207589202777,0,0.01,28.448681633731468
6406,105.08463872180221,121,0.01,31.5880823233462
6407,141.06442052290944,126,0.01,32.038500720860085
6408,-411.6921429214166,0,0.01,32.47805303782132
6409,134.4523668862805,53,0.01,35.808545093275775
6410,161.50381283363038,26,0.01,35.931890196067684
6411,107.57760502908913,122,0.01,35.67269426111864
6412,-7.6776749590102895,0,0.01,34.14580070260142
6413,112.15470977487198,23,0.01,33.84588532396374
6414,-420.37354146661613,0,0.01,33.5391332055751
6415,57.905992150299305,15,0.01,32.90362764850377
6416,62.62827817776625,109,0.01,33.380719579968876
6417,77.38669843240913,105,0.01,33.229421067180205
6418,122.25499446115657,84,0.01,33.85682210116621
6419,76.49907861744022,74,0.01,34.045865665567995
6420,135.99013814095494,37,0.01,34.105412369448956
6421,84.64702206923253,1,0.01,34.272993332333385
6422,142.89874349935423,100,0.01,34.879571436352514
6423,-46.85172384961001,0,0.01,33.80272049076338
6424,161.48674867465252,72,0.01,33.93702564936191
6425,72.01278911360407,4,0.01,33.50951008419263
6426,122.49022994936114,44,0.01,33.22329538642153
6427,137.1593604649744,4,0.01,33.90173608942068
6428,158.59399982048544,48,0.01,34.59420568499408
6429,118.40584317361788,5,0.01,35.28157424971303
6430,53.55591407740261,65,0.01,34.99799540644301
6431,90.61702339129175,67,0.01,34.795553950666346
6432,141.8620988327807,83,0.01,34.96325846479136
6433,89.38783120311712,3,0.01,34.89794913479712
6434,55.96397810419817,1,0.01,34.36011144792159
6435,158.08867752924655,119,0.01,34.913273348235236
6436,76.84578081156535,1,0.01,34.65733267271896
6437,70.80885093160765,95,0.01,34.29412355156423
6438,144.23857789279782,82,0.01,34.86414448450901
6439,85.88353837107378,2,0.01,34.243912811129825
6440,86.49801170020203,4,0.01,35.19000994265939
6441,142.2235227340626,3,0.01,35.52670435926159
6442,107.80618096063645,47,0.01,35.39123440953039
6443,106.22761942665116,3,0.01,39.40308742653369
6444,58.56866228778027,86,0.01,39.231945165884156
6445,72.82728104695343,71,0.01,39.37684858886715
6446,62.55922081762118,2,0.01,39.1260485350608
6447,-558.3135533453075,0,0.01,31.98763899178398
6448,118.30113103651283,3,0.01,37.808618368238506
6449,114.13644343347264,2,0.01,37.89673931202983
6450,156.5744776447925,107,0.01,39.51860540034344
6451,129.5356099144225,94,0.01,39.95681491066634
6452,160.43048058645672,100,0.01,40.88245917621487
6453,149.40412558579004,64,0.01,45.89469626913887
6454,145.62527537471172,78,0.01,46.035095031751005
6455,70.60888237493366,0,0.01,45.251556628810455
6456,104.01438076588272,21,0.01,44.820345431981096
6457,-80.79381115860164,0,0.01,42.822498588855744
6458,108.09807224304103,3,0.01,43.202511739768454
6459,102.00820155247477,58,0.01,45.71637326642768
6460,56.635793299072276,27,0.01,45.04146663752012
6461,54.6777035663621,37,0.01,44.69304566851455
6462,119.24522817928055,57,0.01,45.30177216780186
6463,-425.82761570465635,0,0.01,40.131572582043894
6464,-205.94406446567262,0,0.01,36.52391824269776
6465,153.9098394465771,119,0.01,41.137629401838524
6466,128.83149000193436,80,0.01,41.84920674438226
6467,67.66443088172264,5,0.01,41.63428803003185
6468,67.97076189782481,131,0.01,41.1146696033444
6469,-565.6687287241109,0,0.01,34.174099120562396
6470,95.9330170422065,77,0.01,34.47709180384658
6471,145.84668343531445,56,0.01,34.4171933642263
6472,53.000085915275584,3,0.01,40.4473626106726
6473,82.38018741904096,136,0.01,45.16213154060039
6474,84.51698530632218,102,0.01,44.921507512690326
6475,-558.1034625686226,0,0.01,38.22633693734088
6476,91.58838365572126,0,0.01,38.34551907897825
6477,103.96983133408227,82,0.01,38.45276630417792
6478,130.07282457837164,130,0.01,38.48512232232457
6479,65.91020231803495,134,0.01,38.09585407941244
6480,61.6314848564105,92,0.01,37.61281296615905
6481,7.052887772061581,136,0.01,36.97761467145602
6482,6.720370489553488,127,0.01,36.20284392366977
6483,142.77134162746785,2,0.01,36.811520176937385
6484,147.13109671705678,95,0.01,42.64100160743841
6485,166.6692999949962,82,0.01,47.54386191927388
6486,156.94111224737676,134,0.01,47.97338632401557
6487,112.469046895426,105,0.01,48.10548704503376
6488,105.50357384392004,104,0.01,50.170983867296734
6489,117.89968649785129,134,0.01,50.29873405198528
6490,55.29424080792097,133,0.01,50.32010329089985
6491,71.57749015053048,77,0.01,49.86575083256257
6492,-388.424216309512,0,0.01,44.40977090783221
6493,117.81651693990136,4,0.01,44.201765990296096
6494,54.15208561130774,69,0.01,43.64275894477314
6495,81.5445429816047,59,0.01,45.10947290362541
6496,-461.7294915036716,0,0.01,46.78428688802342
6497,156.33363261092575,109,0.01,47.082051400283234
6498,85.45777419674809,130,0.01,46.77757724371418
6499,-336.3565337120522,0,0.01,42.07902865408544
6500,141.27960128881273,121,0.01,42.37284476300329
6501,94.45663137101846,136,0.01,42.12744952158394
6502,128.01500129227583,39,0.01,41.94532963752793
6503,-592.692244520462,0,0.01,34.85287715705053
6504,99.65268553355007,61,0.01,35.123513090196326
6505,102.34136092064361,114,0.01,39.093134288605526
6506,-353.4878937010111,0,0.01,34.5074089643774
6507,57.833849263132905,67,0.01,33.67510325177964
6508,143.44381586533135,32,0.01,39.22646283964712
6509,-8.437538972644916,2,0.01,37.79756378105786
6510,60.58529690207294,114,0.01,36.78837862174229
6511,80.85505762068398,99,0.01,36.52115314765823
6512,136.58769254724808,17,0.01,37.96380682272082
6513,53.99033062471662,133,0.01,37.38216303121927
6514,129.1630639865885,52,0.01,42.87752908575132
6515,54.672493742196444,59,0.01,42.845194101670295
6516,67.48038854632031,4,0.01,42.89371520535584
6517,121.59831057847755,33,0.01,43.33583132681652
6518,100.89188046354653,64,0.01,43.1222001868404
6519,72.62472231354897,3,0.01,43.083456623801496
6520,105.49942450890786,59,0.01,42.77854948748103
6521,92.38951325722735,62,0.01,42.85597439936097
6522,150.37520421928363,89,0.01,42.93073900656027
6523,91.31801881144025,31,0.01,44.31243643317077
6524,75.99612595868413,2,0.01,43.457530206011086
6525,96.68683318180115,93,0.01,43.70427064669306
6526,95.96045268433701,82,0.01,43.43897287404282
6527,121.52021243088814,120,0.01,43.282581393701946
6528,115.29629670167392,1,0.01,42.84960436251384
6529,135.9149941614538,18,0.01,43.0246958723922
6530,114.91393381553934,35,0.01,43.63827606977357
6531,101.31475595768583,2,0.01,43.7452533954375
6532,131.31126534464025,118,0.01,43.63974506055611
6533,108.03458030981182,98,0.01,43.82621255162305
6534,134.31486516575697,65,0.01,44.609721422238636
6535,146.7638154398285,2,0.01,44.49647280134445
6536,112.87964352747994,27,0.01,44.8568114285036
6537,159.5969468906898,2,0.01,45.74469238809442
6538,63.95652523103932,4,0.01,44.94187186147684
6539,152.8695213875752,95,0.01,45.611731691641864
6540,76.5086420851982,129,0.01,45.511837995491824
6541,114.31873571459829,1,0.01,45.23279012529718
6542,92.510899160132,45,0.01,45.07983730729213
6543,93.19649368370091,4,0.01,44.949526049862634
6544,162.73056135782568,70,0.01,45.991145040563076
6545,149.86081308883143,3,0.01,46.76148036098187
6546,92.94240100817005,72,0.01,47.06531216288735
6547,148.9031716269095,42,0.01,54.137479412609515
6548,58.63907376736997,116,0.01,53.54085883991808
6549,121.65763266877693,38,0.01,53.616070732271126
6550,23.050287060134735,4,0.01,52.28082882642456
6551,99.33999572832721,3,0.01,51.978872684563605
6552,88.87523228154103,54,0.01,51.263320201514446
6553,168.54975529146523,29,0.01,51.454776498571185
6554,93.9034070898857,5,0.01,50.93755781572293
6555,73.36695221551031,52,0.01,50.9651385141287
6556,-142.1987638443436,0,0.01,48.50300706802645
6557,124.91424318131232,77,0.01,50.56008761142559
6558,66.26360411807504,1,0.01,50.141742930175916
6559,122.16475184831492,4,0.01,50.343308433134325
6560,132.1251158868539,0,0.01,51.09820165901214
6561,111.81475973530422,122,0.01,51.66957222070155
6562,113.6904981932233,64,0.01,51.614024920840976
6563,146.45880645884955,4,0.01,57.336889142476046
6564,145.7997337735886,94,0.01,60.85432712486866
6565,95.4699884066666,3,0.01,60.269928614469556
6566,76.74786000753762,2,0.01,59.74909231452559
6567,170.04678066083284,121,0.01,60.77291581231669
6568,158.14041618437645,2,0.01,61.674612355182205
6569,104.91914013022037,0,0.01,68.38049104372553
6570,150.032994731161,57,0.01,68.92149082061506
6571,21.981464293826907,17,0.01,67.68283862920019
6572,147.64457117177827,94,0.01,68.62928348176521
6573,129.9965799007699,139,0.01,69.1054474065825
6574,-149.1500102745548,0,0.01,66.76877745077373
6575,121.36528423025734,4,0.01,73.56346491876252
6576,109.25159765909207,4,0.01,73.74009705879622
6577,-96.645833188751,0,0.01,71.73394041356791
6578,142.86952090505778,67,0.01,71.86190737683476
6579,107.1482321437812,2,0.01,72.27428767509222
6580,58.56550822856426,69,0.01,72.24362790881376
6581,95.16527555748335,31,0.01,73.12475178666797
6582,70.04437034420005,99,0.01,73.75799178521444
6583,-245.66981565969127,0,0.01,69.87358021234284
6584,90.5069710743715,71,0.01,69.30733895591601
6585,-672.4433177599284,0,0.01,60.916212778366756
6586,84.06392749308249,3,0.01,60.187440930823826
6587,168.90541443388517,100,0.01,60.75180460620842
6588,108.3823400863893,81,0.01,60.78059226863311
6589,117.89007800595977,3,0.01,60.780496183714185
6590,98.01902750012476,93,0.01,61.20774405063622
6591,81.21977368891453,92,0.01,61.30416688602006
6592,124.55709411596762,96,0.01,66.43397999027485
6593,125.56735579682822,119,0.01,66.51148837884415
6594,127.58789712169188,4,0.01,67.24584649394797
6595,159.4061194239187,55,0.01,68.0244622583711
6596,152.81551744201226,117,0.01,74.16991234782795
6597,-94.52535260234401,0,0.01,71.66132249569525
6598,131.71165929130717,47,0.01,72.12386134664084
6599,125.88315243574145,2,0.01,76.74625820811876
6600,66.70215923937067,131,0.01,76.00048378762435
6601,-675.0935376459557,0,0.01,68.3049820974546
6602,79.75559826260093,136,0.01,67.82238806715786
6603,129.62455746988718,3,0.01,75.04555608706136
6604,70.18547756587135,79,0.01,74.75088400738456
6605,89.41649684545612,125,0.01,74.62163536663269
6606,151.0135357220071,92,0.01,79.66664966086287
6607,100.32043155141552,43,0.01,80.09151548374571
6608,64.13802431555426,3,0.01,79.29845756824793
6609,-492.79131743807926,0,0.01,74.4549197835936
6610,-432.3699192641091,0,0.01,69.52536762193178
6611,152.4977165937178,130,0.01,70.24179421166211
6612,152.7446977988278,97,0.01,70.40336426417791
6613,126.53870093953884,1,0.01,71.12884796732612
6614,103.41497569424189,118,0.01,70.87136708440265
6615,143.12007322196723,102,0.01,71.75584287920036
6616,91.63976061675652,1,0.01,71.99743659990473
6617,150.63337765194726,95,0.01,72.28778727063941
6618,7.148372196413732,67,0.01,71.35035218796811
6619,113.21224917450584,95,0.01,71.75622745657768
6620,19.810680915308104,47,0.01,70.89934002064166
6621,-124.42445282968765,0,0.01,68.73120035977252
6622,71.5524928584903,118,0.01,67.9429732461646
6623,157.71332645593563,107,0.01,68.60692632260954
6624,151.39465863822983,61,0.01,69.360911649405
6625,-342.47690751525687,0,0.01,64.96927424243441
6626,125.1456600411064,4,0.01,65.26112631600212
6627,116.01800514609316,1,0.01,65.20610424315416
6628,104.81217560830619,43,0.01,65.1012630322205
6629,87.77899190897331,23,0.01,64.61990300969569
6630,140.81107672650438,79,0.01,64.87887443880534
6631,171.58621201900098,105,0.01,65.58158899941849
6632,-49.642951569081305,3,0.01,63.772046830281276
6633,75.55944452024546,3,0.01,63.447295472385605
6634,147.92723684007424,55,0.01,63.58341918912878
6635,81.23884536718684,71,0.01,62.928169488402354
6636,127.86056687241401,108,0.01,63.07797872185169
6637,64.76191758890718,131,0.01,62.129628428833875
6638,64.65531093853038,54,0.01,62.13661628590878
6639,5.644954395672087,18,0.01,60.66437061598975
6640,-182.92758079038788,0,0.01,58.07000838723389
6641,-331.2907812608508,0,0.01,53.6139132174794
6642,93.84705457154118,127,0.01,53.627274771593484
6643,-42.29167969061871,4,0.01,52.2723930378503
6644,131.06653991128718,36,0.01,51.95575282338491
6645,102.33661711503282,4,0.01,51.48051086364692
6646,152.74978398444168,95,0.01,52.07858469340964
6647,31.093503240128086,40,0.01,50.900488009541824
6648,66.52865776574811,86,0.01,50.97938384952561
6649,100.53325510613884,73,0.01,50.76814007389924
6650,139.2516013550194,84,0.01,51.930153216848076
6651,-218.5104243530966,0,0.01,48.75164901603384
6652,161.70227236044727,111,0.01,49.4799194168229
6653,155.1454159964984,34,0.01,49.345876023873224
6654,92.45625361135728,3,0.01,49.331404489087944
6655,132.48491713550715,79,0.01,49.922584138287924
6656,140.67218450748004,92,0.01,52.75129362180616
6657,143.49294395908998,73,0.01,52.93708062958393
6658,66.01044549673061,75,0.01,52.93454904337049
6659,136.1164643891889,132,0.01,53.074066168779225
6660,67.42821140746483,3,0.01,52.42709712398534
6661,168.84574690561917,71,0.01,52.997406995688486
6662,78.98301749027617,21,0.01,52.65033218865902
6663,144.49608909274065,61,0.01,52.630705014997936
6664,157.21656604469044,116,0.01,52.74487333770896
6665,92.07113961125982,129,0.01,52.71088484975488
6666,-269.1177698032956,0,0.01,49.252228551646546
6667,72.48011726625003,61,0.01,48.27656191770074
6668,-119.11819596442288,0,0.01,45.503975796212735
6669,65.5974713830499,71,0.01,45.11075910874103
6670,141.891056816483,1,0.01,45.02933972959425
6671,126.5656158560137,1,0.01,46.075181245216115
6672,56.2347344663524,4,0.01,45.161082878161864
6673,135.90065857455883,108,0.01,45.220123664899745
6674,150.42331762530216,107,0.01,48.21585694389832
6675,155.07934680702485,121,0.01,48.552997569666
6676,124.24058416601022,1,0.01,48.70288743473517
6677,92.99219230742585,55,0.01,50.59926768969694
6678,116.10116775438885,2,0.01,50.33158415819025
6679,142.48289995258122,49,0.01,50.684930836278255
6680,141.90938386387856,2,0.01,51.518369592631394
6681,169.11338804565867,51,0.01,52.257850717513136
6682,104.07805098634253,31,0.01,52.59818752393457
6683,59.94064026090966,91,0.01,55.65429208314056
6684,167.65670336906203,57,0.01,56.42578940608746
6685,158.88641974346962,106,0.01,64.73908678112144
6686,-256.3338206269672,0,0.01,61.33510929992095
6687,84.21404200211245,98,0.01,60.48819557560323
6688,147.8904750359585,140,0.01,60.883276925098926
6689,123.88608691493985,135,0.01,60.94323701418873
6690,-23.357262094429302,2,0.01,59.72947411824319
6691,167.8802536977949,70,0.01,60.596078918332
6692,75.87071365575011,140,0.01,60.10921511372982
6693,87.62977877526502,30,0.01,59.72983934351418
6694,173.58264440624563,47,0.01,60.189786816359714
6695,83.52891054322268,124,0.01,59.43101472755277
6696,89.58686824632412,1,0.01,58.798728235595874
6697,126.90208219464012,4,0.01,61.01300258356572
6698,144.11089023764114,137,0.01,61.13699489302907
6699,58.23894415015865,25,0.01,60.46055281017322
6700,82.26218263506644,3,0.01,60.61615304413017
6701,106.16758260669755,51,0.01,68.42876424665673
6702,115.14562307474003,139,0.01,68.7826644947781
6703,129.31396152393145,2,0.01,68.77955853531854
6704,99.7752207334865,4,0.01,69.0754559669947
6705,111.55704348283197,99,0.01,69.29686143336846
6706,79.83359444460052,4,0.01,68.5850620205944
6707,56.98062145841795,118,0.01,68.15166391966441
6708,125.83113703142573,29,0.01,68.76859504682314
6709,87.25011260421684,3,0.01,74.5690093472461
6710,105.47182030643825,52,0.01,79.94742674295158
6711,124.21577344004929,102,0.01,79.66460731141488
6712,63.23981275289317,3,0.01,78.76955846095554
6713,128.99765161798206,71,0.01,78.79414796773997
6714,95.50908263863855,56,0.01,78.71508903718393
6715,142.20691348199787,35,0.01,78.70595743978424
6716,160.40873545454807,89,0.01,79.39364718816216
6717,91.65375994770952,2,0.01,78.80385101111978
6718,76.50832571302765,44,0.01,79.49745054628592
6719,149.58146960757142,62,0.01,79.86114275061658
6720,146.8146511095555,96,0.01,81.13118245255905
6721,80.74358642347809,3,0.01,83.1828628450907
6722,151.0645560870139,139,0.01,83.97798347737594
6723,164.55256386973355,127,0.01,84.04637585151391
6724,108.49743717752963,114,0.01,83.61740363690691
6725,61.819645248639894,113,0.01,87.66036916454588
6726,123.25470242185462,2,0.01,87.64145958835336
6727,-106.15115101413073,0,0.01,85.41976802675113
6728,73.23189496927428,88,0.01,85.1039652203608
6729,102.79222710066755,2,0.01,85.25409757227777
6730,164.22669399036764,1,0.01,85.4882537449164
6731,124.38608347543642,1,0.01,85.01625245948075
6732,130.37560309640347,1,0.01,86.81643800613557
6733,150.69474840978486,56,0.01,87.56779104503099
6734,123.92934176966651,2,0.01,87.32781209432689
6735,87.54640917971511,4,0.01,87.39088773245217
6736,-545.7537695700257,0,0.01,80.65474436802779
6737,25.85131761169913,89,0.01,80.26563836825571
6738,-7.435141083521508,24,0.01,79.54473384803518
6739,66.7971166441394,5,0.01,80.15625547051987
6740,133.86587314085838,138,0.01,83.32419000983232
6741,104.76553692009666,46,0.01,87.68475319164182
6742,-584.642794947175,0,0.01,80.89985469645463
6743,106.8115636926893,1,0.01,82.3908871302877
6744,-130.11870521271533,0,0.01,79.7790346790477
6745,84.48793105084864,4,0.01,79.60054781840586
6746,90.1655450981674,78,0.01,78.9747054295431
6747,114.5656346625972,52,0.01,79.8094267437678
6748,127.22513000918175,1,0.01,80.41639146620214
6749,107.84062356031633,53,0.01,80.48946515074391
6750,108.97325817405375,2,0.01,80.18668171893425
6751,86.20138549263332,87,0.01,83.23379981739156
6752,162.67715225360408,86,0.01,83.24354861632311
6753,69.08166073920879,3,0.01,82.38291106375021
6754,161.34907971262092,83,0.01,83.07183932476286
6755,92.90870244941084,20,0.01,82.6760771779019
6756,148.27423525536452,101,0.01,82.75209768538075
6757,169.69582224238175,66,0.01,83.01412646821365
6758,102.89414510358127,105,0.01,83.38296346428214
6759,84.78039840114816,1,0.01,82.86960280440177
6760,5.942742496996146,121,0.01,82.25474811529708
6761,122.62721214184529,59,0.01,81.79256276765933
6762,160.9981567944161,105,0.01,82.61271416070075
6763,101.66923341318905,65,0.01,82.18444560390522
6764,149.4134666671933,1,0.01,82.10641461013024
6765,144.22833982959048,4,0.01,82.62798661231356
6766,90.33499726253872,3,0.01,86.2225142829719
6767,154.7359460439563,50,0.01,87.04507257074896
6768,72.18873099135061,2,0.01,88.95814184030671
6769,101.62522103799789,119,0.01,89.31841933685617
6770,94.80210014723804,0,0.01,88.84752977016375
6771,101.91627211068389,46,0.01,88.60103633271042
6772,78.34308038400813,2,0.01,88.82211979188698
6773,87.49288960830306,54,0.01,88.33804210222442
6774,90.95256456490044,53,0.01,87.74333457162042
6775,173.7067844339596,136,0.01,87.92960894788976
6776,144.22856987423268,68,0.01,88.12948880497198
6777,133.5518282507416,4,0.01,88.53508516440516
6778,150.92653536385728,26,0.01,88.88333884049982
6779,-201.9114749107202,0,0.01,85.43939509186683
6780,73.18641896320922,19,0.01,84.75216544286013
6781,119.04058894732944,2,0.01,84.25143745187682
6782,73.75879180017337,88,0.01,83.94824486001515
6783,131.19355456244304,80,0.01,84.66077400303047
6784,122.80956401574295,1,0.01,84.21230260949727
6785,72.16307595818292,139,0.01,83.34506917164441
6786,170.30080805392657,133,0.01,87.61141545845334
6787,82.34724307511517,128,0.01,87.59274746918334
6788,71.23067859168074,22,0.01,86.82614950474058
6789,140.2602722253076,31,0.01,86.98989135784426
6790,-414.636999719233,0,0.01,83.07709398159625
6791,75.2575929782816,137,0.01,82.1508673744011
6792,126.7654916985478,3,0.01,82.65981515482906
6793,72.37722505777698,4,0.01,82.50728961765421
6794,34.31772739590036,25,0.01,81.11464044755074
6795,112.3008339785123,36,0.01,81.40235968190363
6796,155.64050623086476,61,0.01,82.06289606174903
6797,-161.8389705540529,0,0.01,79.17548553426212
6798,72.99959751029196,55,0.01,78.46437260698863
6799,-258.77259600613064,0,0.01,75.29425720542574
6800,140.38481383488943,4,0.01,75.87548351742396
6801,135.0802938514862,89,0.01,76.16461062987185
6802,-505.41404299404996,0,0.01,69.95901396918396
6803,156.49129953898262,125,0.01,70.23078734933446
6804,-70.78908131051534,0,0.01,68.52514432889444
6805,-1.063052469951515,0,0.01,67.3989433693666
6806,172.63890104375724,88,0.01,68.32699643535818
6807,156.91599917710144,57,0.01,69.32635021254501
6808,-3.7016624108290426,39,0.01,68.03102221812246
6809,110.44696644415615,4,0.01,68.26299075652186
6810,170.23431213140668,76,0.01,68.91061567477155
6811,-491.96820242139023,0,0.01,62.74877591615714
6812,120.1636017381466,2,0.01,63.318013806009695
6813,61.78920822712046,124,0.01,62.64592937210107
6814,110.56414071335287,82,0.01,62.796479952848216
6815,117.08678229961905,118,0.01,62.5452786410244
6816,176.6002182162027,92,0.01,62.70719346864096
6817,117.39981540279518,108,0.01,62.96465402319181
6818,146.70715778028372,49,0.01,63.666642343864375
6819,109.14584916988426,1,0.01,63.262286139487514
6820,91.67088810522492,37,0.01,62.710848509444205
6821,92.05053865409758,4,0.01,62.8239180317504
6822,-455.3462963410565,0,0.01,56.75980950746969
6823,141.48713418557767,3,0.01,56.52915521062813
6824,161.27074587349094,113,0.01,57.056888297587754
6825,173.1004714786331,118,0.01,58.16969655988768
6826,103.19226532736994,131,0.01,57.96907218894284
6827,157.76699299849741,113,0.01,60.608253629069125
6828,113.97086127499784,45,0.01,61.01564329212636
6829,122.63622524029958,3,0.01,61.214083273522675
6830,96.07215992392906,65,0.01,60.53253793285828
6831,120.10967681620804,32,0.01,60.489773866266
6832,81.03784462316729,32,0.01,59.996396281533634
6833,125.72948313588697,3,0.01,59.74674362879465
6834,67.16641825357732,107,0.01,59.17911439363376
6835,171.94131379950952,76,0.01,60.02306343983171
6836,146.21507468703822,36,0.01,66.94275188240235
6837,64.55037044368419,54,0.01,67.3297424107222
6838,123.23812217051977,34,0.01,68.63647504326262
6839,81.62189237192919,2,0.01,68.78472280054052
6840,75.50795085408187,90,0.01,68.20114357767275
6841,170.26588508465844,71,0.01,68.85614705931836
6842,178.84153050170136,127,0.01,76.49099031380712
6843,-236.67499729823098,0,0.01,73.05612470389794
6844,173.89240826481915,109,0.01,76.09623583867328
6845,112.04649211904443,5,0.01,76.37182144935522
6846,146.51779167161266,74,0.01,76.9353439150897
6847,99.89303949821564,47,0.01,76.78861796344587
6848,148.45402160879937,125,0.01,77.00090687944204
6849,62.8647994344765,3,0.01,76.55114863818363
6850,143.83404801701823,5,0.01,76.89975653661328
6851,62.93653057526486,5,0.01,76.6671079874396
6852,86.80509681881175,3,0.01,75.90838743309169
6853,92.22026564712448,5,0.01,76.13977348217082
6854,-197.10757474311373,0,0.01,72.55520693761349
6855,158.50318022679218,135,0.01,73.2111517153873
6856,-375.9680367087026,0,0.01,67.96872899574663
6857,153.43332692426023,71,0.01,67.80610404256541
6858,94.86314192754962,20,0.01,67.7257940108051
6859,93.21882750807069,91,0.01,67.81017830187434
6860,147.17414989595227,71,0.01,69.2224923758639
6861,-501.85500267568693,0,0.01,62.97767022768857
6862,143.44694795931096,43,0.01,62.802158139337514
6863,141.41126173382796,53,0.01,63.199578422543915
6864,104.57689826984264,50,0.01,62.75121273857041
6865,97.15162726917242,118,0.01,62.280445612966226
6866,21.59937490959345,32,0.01,61.59308938943677
6867,132.43027383947873,1,0.01,61.370032667391996
6868,80.49915754847007,72,0.01,61.45313693296319
6869,170.18151271773348,54,0.01,62.13869984976054
6870,177.57064097889355,140,0.01,62.96638525807711
6871,156.74157886686288,77,0.01,63.51463832563889
6872,93.53466129281605,118,0.01,63.66655413472697
6873,96.58751088577903,5,0.01,63.75750034750174
6874,121.7899992771051,126,0.01,64.06587469462379
6875,113.12301943465872,81,0.01,63.46003704463077
6876,60.640697267161066,5,0.01,62.62415831856006
6877,127.19553181055235,104,0.01,62.56059535415816
6878,127.88332859694711,28,0.01,62.33016328648906
6879,72.59315694613302,29,0.01,65.07520960505758
6880,94.60142886073206,1,0.01,65.28935970403282
6881,167.8095116311982,2,0.01,65.7770489308715
6882,149.27740857952358,72,0.01,66.53223509866501
6883,142.85847131380723,74,0.01,66.64888426617864
6884,79.41648681401429,124,0.01,66.21495349416135
6885,129.2521582374433,3,0.01,66.78584431695396
6886,127.43145220221422,60,0.01,66.35715075843683
6887,-277.2244763468658,0,0.01,62.76143356421702
6888,131.8046731462386,3,0.01,63.367173509762594
6889,-214.1721699981498,0,0.01,59.82284908752803
6890,11.220221044888376,112,0.01,64.08142129516925
6891,146.93376870821658,89,0.01,64.79818305246859
6892,179.71581729928607,96,0.01,65.32768630847599
6893,119.06225978965254,133,0.01,65.79453665579474
6894,90.43858405488581,1,0.01,66.3557452223846
6895,137.99758422153081,3,0.01,66.61271272481478
6896,105.77575712063596,1,0.01,66.1140652337125
6897,66.60426600267179,64,0.01,68.39849759927974
6898,125.18039582201388,1,0.01,68.92030558239695
6899,124.32606870980666,79,0.01,72.75129222955631
6900,82.5681124443416,4,0.01,72.17312521565084
6901,167.72363246649385,2,0.01,72.49955860180091
6902,125.03750572352422,93,0.01,78.80407408897666
6903,99.91130870480009,1,0.01,78.23827418063483
6904,69.24109246826858,101,0.01,79.63857591842267
6905,79.77438513715101,51,0.01,80.4469502944937
6906,95.32338421614706,126,0.01,79.67379512621761
6907,128.9890791246585,130,0.01,79.39452592569317
6908,151.7718469756008,96,0.01,80.94926101955748
6909,127.75954498711724,2,0.01,81.12238680498709
6910,65.32740762053405,110,0.01,80.07331775987836
6911,168.0456670843758,106,0.01,86.67345645493602
6912,178.10728111996488,62,0.01,87.2528932487542
6913,128.59766732112104,121,0.01,87.92097783969422
6914,180.19919753133254,81,0.01,88.617328407874
6915,175.92680851959975,128,0.01,89.20572867007382
6916,102.66551054197991,76,0.01,88.46638159333159
6917,70.27963760956462,73,0.01,87.99517981539928
6918,128.37513185377063,104,0.01,87.81185955613415
6919,100.17206517940429,2,0.01,87.72212171622935
6920,130.8705528535629,108,0.01,88.11411836371272
6921,89.80720537266325,107,0.01,88.09168503089838
6922,150.357177053746,117,0.01,94.1487197648464
6923,-551.5376111909177,0,0.01,87.21847231108146
6924,162.2987022704491,75,0.01,87.22875187505102
6925,-168.82898637597242,0,0.01,83.80945729650499
6926,113.23015862974616,22,0.01,83.90983622952874
6927,62.59199123857935,44,0.01,82.95808621192955
6928,102.1259126905282,1,0.01,82.83963672608486
6929,-176.8051611981836,0,0.01,79.84522286170004
6930,96.97933969360486,27,0.01,79.85429465939679
6931,91.66313342824046,4,0.01,79.56982922551711
6932,163.33652899548045,106,0.01,80.39281606924024
6933,174.43207070297478,130,0.01,80.87984194491113
6934,-350.81099089522104,0,0.01,76.70006785342315
6935,127.42134125070682,143,0.01,76.25486812793511
6936,-281.92226852766095,0,0.01,71.97349469578813
6937,138.47737463457446,1,0.01,72.71276473769703
6938,175.37498162825835,105,0.01,73.23413333227441
6939,112.63628663368546,141,0.01,73.54427727489197
6940,168.07385131582998,94,0.01,74.46993627950947
6941,175.01283193236247,139,0.01,74.5174057479865
6942,66.89098268617158,0,0.01,73.39790026983121
6943,122.88880377131207,3,0.01,76.99353828052664
6944,-472.0523229257085,0,0.01,70.53409096862136
6945,64.3133972280666,118,0.01,70.05676001971159
6946,108.6293315542691,1,0.01,69.67787541853814
6947,126.16740880142689,113,0.01,69.94061911157024
6948,63.92499925068387,117,0.01,69.0953288879891
6949,70.17427601340954,143,0.01,69.16842365377843
6950,160.01022148587828,1,0.01,69.33018538846703
6951,105.19007219059347,61,0.01,69.75272080462031
6952,135.75706894389893,56,0.01,70.24224052587118
6953,116.38183163485945,122,0.01,70.48385618574852
6954,162.58064361310443,69,0.01,74.08073836931071
6955,117.25374742852907,3,0.01,73.6682440413281
6956,146.13714417917396,91,0.01,78.88929585020686
6957,96.00903928232599,2,0.01,78.3150529737875
6958,128.3966802069684,2,0.01,78.6503883565817
6959,64.81213108398441,74,0.01,78.36632139234084
6960,155.25791021083802,57,0.01,78.4471589954897
6961,177.47338705750292,51,0.01,85.24044289282159
6962,110.60922952691186,87,0.01,84.91206570849761
6963,109.9531569360104,0,0.01,84.59748466051943
6964,103.52170426845166,3,0.01,84.58693272050552
6965,117.64326466207868,117,0.01,84.79184909443457
6966,153.26255090048048,51,0.01,86.10848085434344
6967,98.49234713246847,21,0.01,85.76910158727334
6968,153.35601231485958,75,0.01,86.49767013493725
6969,113.65888830517446,48,0.01,85.93244389081167
6970,182.74881914604742,110,0.01,85.98422567248318
6971,94.83630817111008,145,0.01,85.36517296552566
6972,122.8733726683029,63,0.01,85.65856007928052
6973,-457.53852739509983,0,0.01,80.11729969647175
6974,86.8273531343983,139,0.01,79.76767323504468
6975,104.93225800938615,81,0.01,79.68576562079194
6976,150.1614024928759,84,0.01,80.5809726730491
6977,80.88532375219853,35,0.01,80.11787059246556
6978,166.21515151068576,57,0.01,80.50118882160295
6979,134.34753205798302,4,0.01,81.11873257272146
6980,184.57184023812627,1,0.01,82.0184366864954
6981,144.94925790373125,2,0.01,81.78983414922072
6982,48.265451232567735,27,0.01,80.77971457575116
6983,-139.74122569081135,0,0.01,77.95371760570498
6984,111.14764236472772,44,0.01,78.27102916121211
6985,161.78404394307802,85,0.01,78.59634801826844
6986,69.59011186835883,2,0.01,78.01793461492989
6987,64.01309749626084,4,0.01,81.43031035336115
6988,83.19726067090208,0,0.01,80.9442362286078
6989,154.1292176611363,95,0.01,84.62725010520066
6990,-592.0700954868909,0,0.01,78.59434693988288
6991,157.19074948347497,69,0.01,78.69691674763544
6992,156.77555938076168,58,0.01,78.4675141684502
6993,70.93299328296372,81,0.01,77.98622150338333
6994,147.36837452353603,65,0.01,78.55551940806983
6995,127.75589623651905,37,0.01,78.4531025282197
6996,74.8892353047447,20,0.01,78.14423731006079
6997,101.36031415098138,27,0.01,78.49179779154389
6998,113.05090937100692,130,0.01,78.37050292703383
6999,133.37174439845626,3,0.01,78.46095968392032
7000,66.38731058585661,68,0.01,78.29915166533544
7001,178.60003033882435,80,0.01,78.40791564405878
7002,75.65112619891451,148,0.01,77.91405184881268
7003,130.19443018822784,3,0.01,78.21688306364696
7004,140.8026697780885,102,0.01,78.93249883674514
7005,165.31680405715665,142,0.01,79.7879230259452
7006,72.28300370048382,1,0.01,79.55751922078858
7007,180.7356702477066,51,0.01,80.07498513201905
7008,132.99559655920436,116,0.01,79.8872226278551
7009,115.25342120395769,34,0.01,79.76216139002351
7010,154.33460965304528,81,0.01,80.65223341034859
7011,166.24304377109675,52,0.01,80.63420717721581
7012,95.60652585547109,4,0.01,79.80919962457087
7013,121.7893977374502,99,0.01,79.74111692873417
7014,134.4225087298829,0,0.01,79.28335004071965
7015,100.4332331046517,71,0.01,78.5284142865702
7016,117.1812214840278,2,0.01,78.67357139599066
7017,110.01061176255499,1,0.01,79.07088113752057
7018,74.99971530251435,31,0.01,78.537126972008
7019,4.831848760328029,100,0.01,77.58372480781725
7020,179.11869033668214,80,0.01,78.06620618264844
7021,162.33225337397073,90,0.01,78.79145666266153
7022,144.53616670729545,58,0.01,78.73324655919703
7023,127.2673862052581,148,0.01,85.52129653315876
7024,128.4390515702522,1,0.01,85.1827000261568
7025,89.02166752868948,44,0.01,87.76120656520342
7026,-649.0746453120576,0,0.01,80.1381585257854
7027,155.26008179693784,87,0.01,81.06483943136898
7028,124.88448049719426,23,0.01,81.29242510943564
7029,113.89316859861698,138,0.01,84.19940840740362
7030,180.90343336673135,90,0.01,85.0386493441349
7031,110.37096570845729,2,0.01,85.22572766693706
7032,134.528619239989,5,0.01,84.93764856938215
7033,-124.04617653501279,0,0.01,81.95286609700229
7034,97.84150459803848,80,0.01,86.43939105193488
7035,-205.8194361359004,0,0.01,83.1069832780688
7036,132.87398986209163,31,0.01,87.25494586196633
7037,76.74061313757274,149,0.01,86.63757824699628
7038,69.23409738022322,4,0.01,85.57616940451595
7039,115.38405222260423,33,0.01,85.60364706040515
7040,81.95879584764994,78,0.01,84.74249650572334
7041,156.6789440148805,41,0.01,84.55915762654851
7042,181.64859108654818,129,0.01,85.70673371055231
7043,174.45629629250988,110,0.01,86.22240863576428
7044,153.83063277066793,57,0.01,92.48123819272807
7045,115.0532571025503,0,0.01,92.98863679147289
7046,151.73628082509606,53,0.01,93.41970628418117
7047,106.6058622902664,53,0.01,93.22409081906954
7048,170.84740310138494,95,0.01,94.29331485757655
7049,100.07458030041867,63,0.01,94.59231790044664
7050,-485.71859583045045,0,0.01,88.13502972728334
7051,92.41572825781759,144,0.01,88.0072862879556
7052,178.83053464509857,107,0.01,88.43802094496759
7053,73.01068170240801,109,0.01,88.00430944564306
7054,154.87195858894756,49,0.01,87.9272225954015
7055,80.32714333723405,91,0.01,87.55795655448854
7056,-44.513155983337924,5,0.01,85.65145355286342
7057,108.7439536961376,1,0.01,85.77880269700154
7058,-2.425326682495763,41,0.01,84.47058262810691
7059,67.11711403771939,26,0.01,84.49363245764427
7060,164.53151270586,71,0.01,84.58636848259448
7061,-151.18243407943385,0,0.01,81.29981027122511
7062,183.449138995592,87,0.01,82.02820936591192
7063,67.72231454189603,123,0.01,81.60590094197077
7064,143.65245441720577,150,0.01,82.00720844345831
7065,151.18876543987693,122,0.01,82.34266345123629
7066,98.50622329010982,95,0.01,81.79510017513259
7067,81.6988883647247,2,0.01,81.62716558745517
7068,162.49513368319205,138,0.01,81.71855680113848
7069,119.35719152854941,64,0.01,81.7755398333722
7070,71.75101691453702,151,0.01,80.66556181105712
7071,-133.43378809970665,0,0.01,78.38286084834895
7072,177.02686628536708,90,0.01,78.92439578451959
7073,79.29862147608775,22,0.01,84.29276727323146
7074,67.9717332417473,114,0.01,84.10421107430497
7075,118.41681494281428,1,0.01,84.23905664363924
7076,18.88681589429683,48,0.01,82.92631077765346
7077,108.65496078009161,30,0.01,83.20400714793239
7078,154.7513045417603,98,0.01,83.08936867824312
7079,-58.26456913077027,0,0.01,81.1632476663556
7080,109.38401027762471,140,0.01,80.41136936675056
7081,146.7141964504063,22,0.01,80.42901875221733
7082,71.96140421301264,143,0.01,80.66597828202177
7083,-544.606815749331,0,0.01,76.61732238143658
7084,-391.7672133589951,0,0.01,71.58817382419936
7085,187.9245211909897,138,0.01,71.84957859667847
7086,-190.84450248158893,0,0.01,69.24523245317899
7087,2.0981100712033935,1,0.01,68.6260825789284
7088,183.92814738163105,94,0.01,69.63339144603572
7089,185.97295836454944,63,0.01,69.95182885306984
7090,107.65482770812673,0,0.01,76.94907808502
7091,-180.29260737537493,0,0.01,73.57424451643152
7092,168.65057227695968,54,0.01,73.6929946453935
7093,183.54223844393022,133,0.01,74.81908709700315
7094,-402.576345491043,0,0.01,69.31963989685737
7095,-613.1600839218943,0,0.01,61.91048009527324
7096,169.57386997061434,109,0.01,62.857326441931924
7097,67.27214265493541,38,0.01,62.51644472697148
7098,136.5166111448884,129,0.01,62.7511017447103
7099,164.5731143086103,66,0.01,63.06311544381184
7100,163.5201786004962,110,0.01,64.03444412395822
7101,128.37874826596098,110,0.01,63.532231303229594
7102,119.81629352854699,43,0.01,63.97388297652593
7103,189.07940914797925,97,0.01,64.56273276612345
7104,158.01059650745398,4,0.01,64.73481203341709
7105,133.72552027625315,3,0.01,64.41889919560805
7106,0.2647536571077769,47,0.01,63.698716695174284
7107,166.25027551065233,92,0.01,63.55386274780375
7108,125.17168111269852,84,0.01,63.475623593338696
7109,88.40640793629058,3,0.01,63.20715346066202
7110,17.0801797391481,29,0.01,61.83460916152305
7111,101.09189095346923,120,0.01,61.18309763334677
7112,67.8649702287262,91,0.01,60.90568207707932
7113,74.52229096540202,62,0.01,60.43301100935884
7114,159.4113725280119,53,0.01,60.682899647340136
7115,187.2154599317389,124,0.01,61.550721915611014
7116,93.8356966767198,2,0.01,61.31726666753792
7117,128.70448360454958,2,0.01,61.504205385957874
7118,124.16791891907175,24,0.01,61.995887422123445
7119,117.91687594937383,48,0.01,63.12673769401391
7120,80.29010837457943,129,0.01,62.13845187439288
7121,161.0648041694103,118,0.01,62.12577738234728
7122,115.41033811504613,22,0.01,61.83451909642477
7123,171.06674947564602,144,0.01,62.27251272912866
7124,108.6045087721821,112,0.01,62.07416730114795
7125,185.8042816919874,113,0.01,63.04199344278093
7126,27.63317856326715,18,0.01,69.80907168153419
7127,127.13682792886985,119,0.01,69.5278391428535
7128,102.81381315650978,111,0.01,69.30713246944666
7129,120.92096628258157,54,0.01,69.37741044628632
7130,157.61664383754578,109,0.01,69.14454255099446
7131,154.86747450919484,69,0.01,69.58950763900182
7132,22.571644690449617,19,0.01,68.46993789350643
7133,80.78196045280274,86,0.01,70.5182192633846
7134,164.29939929805903,100,0.01,71.18279821038479
7135,158.33253346383182,60,0.01,74.82431790638212
7136,76.97175587668957,56,0.01,74.2652955665281
7137,-416.8941529326005,0,0.01,69.32894790582637
7138,187.8273447179264,130,0.01,70.51488037920339
7139,-266.85945596480946,0,0.01,66.69244529732926
7140,69.13323155271623,48,0.01,66.56418965437992
7141,149.6638952139944,4,0.01,66.49403916637105
7142,89.63697497431451,24,0.01,65.57392300524873
7143,82.61388960431486,3,0.01,64.65549893836676
7144,124.17847063969617,89,0.01,64.35897731705705
7145,-663.902347931654,0,0.01,56.56942126671501
7146,142.12806966600292,4,0.01,56.47333915512408
7147,172.8183330030845,28,0.01,57.13546386225225
7148,140.9568468259775,1,0.01,56.836558299498186
7149,154.7692790706704,121,0.01,57.3835052872007
7150,84.24947664296478,3,0.01,63.08318601193484
7151,111.72990254579086,94,0.01,63.276327754814574
7152,185.8004676481662,2,0.01,63.34602708484525
7153,169.73042023647702,90,0.01,64.31322447018593
7154,124.31284986938755,0,0.01,64.00763338299033
7155,97.69487430700268,150,0.01,64.18131069268803
7156,165.92004698949057,104,0.01,66.28564272241631
7157,170.07585683409792,153,0.01,66.89896175379592
7158,166.53662308019324,5,0.01,68.58858125142281
7159,138.04633280646053,136,0.01,69.29787343911022
7160,75.93801638900234,5,0.01,68.41193847594165
7161,146.29006391274055,122,0.01,71.38666345586338
7162,78.6866877635479,131,0.01,70.33903894354295
7163,32.70658625820511,18,0.01,69.98888166070603
7164,-236.88807270476747,0,0.01,66.1834763894863
7165,13.40825487148311,136,0.01,64.80567128380238
7166,131.51515886085303,1,0.01,65.13576063950981
7167,106.38455361065851,58,0.01,65.38261729196914
7168,190.65369802798654,145,0.01,65.66420293541708
7169,101.30678923893524,34,0.01,65.48369891252095
7170,101.00469853262075,85,0.01,65.77623572870179
7171,-400.1626184246001,0,0.01,63.108947425452854
7172,157.53197647448582,159,0.01,62.913998527344035
7173,82.9622719628234,3,0.01,62.950635032211395
7174,139.74621074541307,2,0.01,63.66837980724806
7175,104.25862493923404,1,0.01,63.52679790721225
7176,102.37650768693015,121,0.01,64.36169482513858
7177,182.4088470285309,4,0.01,65.09923368762298
7178,127.74682347880255,1,0.01,64.8291888769934
7179,135.17116569337702,2,0.01,66.76354622523488
7180,153.31527311940175,86,0.01,67.20285885365263
7181,167.62975127605492,119,0.01,67.41201440190913
7182,125.53766984509417,61,0.01,67.94777705822995
7183,125.11726677896057,79,0.01,74.64501788351286
7184,-25.490266815166592,0,0.01,78.30778734895115
7185,16.696000759115208,47,0.01,76.5955021446324
7186,179.77458944928554,64,0.01,80.30169306394116
7187,71.18262011005542,0,0.01,80.99253816432967
7188,135.7994820566563,1,0.01,80.51125151107992
7189,95.27919494509399,36,0.01,79.60431387688537
7190,123.8927763287256,125,0.01,79.76669336309136
7191,145.85566748747564,3,0.01,83.02817611171986
7192,135.37736281033963,110,0.01,82.69544401705365
7193,83.61297905149578,89,0.01,81.69615142312932
7194,158.17165172414371,48,0.01,87.30363139528117
7195,183.78576878933825,92,0.01,95.27308992239348
7196,112.83410079695949,106,0.01,94.70569223065694
7197,88.87178616567569,129,0.01,94.92168866576434
7198,131.74979478539052,141,0.01,94.87402050216934
7199,126.04284290439467,105,0.01,94.48871778812722
7200,161.01647317667198,123,0.01,94.46368073388898
7201,85.05252414669621,87,0.01,94.03041849269634
7202,92.75331555796049,75,0.01,93.75978871299047
7203,107.7414437355119,119,0.01,92.9464090588658
7204,186.6752332739443,118,0.01,93.2330554265307
7205,-237.9346136012407,0,0.01,89.51645408775576
7206,28.037719431460175,100,0.01,89.79418374549927
7207,139.40546370711542,148,0.01,89.52573562746392
7208,124.99810417243299,30,0.01,89.52399985806125
7209,125.34638319109285,1,0.01,89.89339961060926
7210,72.99208313279803,83,0.01,90.45251864454576
7211,70.96048789179652,27,0.01,90.15120461392904
7212,136.1072961047007,153,0.01,90.8336278726888
7213,177.14557598823893,71,0.01,91.85986072291716
7214,185.47813360818935,134,0.01,92.12052833371892
7215,166.04250302375996,105,0.01,91.90879876463916
7216,75.03932789935003,4,0.01,91.72083507686546
7217,-665.1238882096034,0,0.01,83.78255135872392
7218,82.31056995918368,1,0.01,83.36397786912502
7219,108.42672507097124,122,0.01,83.26907636034102
7220,151.158486306926,58,0.01,83.97776013966448
7221,-636.8892362902919,0,0.01,75.99821973506745
7222,75.58402649971325,79,0.01,75.59995661891412
7223,163.44311349583336,116,0.01,75.523720259116
7224,152.06443071101856,98,0.01,75.95831947850436
7225,128.9815101504625,155,0.01,75.39009176308913
7226,78.10760531911524,36,0.01,75.8948360306476
7227,176.9085319510546,163,0.01,76.39255307086945
7228,125.42048444855705,137,0.01,76.61861978378992
7229,110.6384110669178,143,0.01,76.51579423163328
7230,153.24773283731514,63,0.01,76.47210512163099
7231,-116.13803861776668,0,0.01,73.76204999036135
7232,-211.41357313562165,0,0.01,71.42219781210065
7233,93.46870090002042,89,0.01,71.54906521657283
7234,171.15080559856193,96,0.01,71.61757927957785
7235,-374.7891219268346,0,0.01,66.2863627256712
7236,99.14438253049398,1,0.01,66.50808899220924
7237,179.6536598817543,147,0.01,72.4735671203528
7238,-85.33198140078653,0,0.01,69.74197385916565
7239,90.18641309452195,92,0.01,73.31243254975898
7240,149.83002279995964,97,0.01,74.11940046223141
7241,124.02304208982804,87,0.01,73.86299193098974
7242,-681.6657775597705,0,0.01,66.14996440564889
7243,164.8150171967047,151,0.01,66.97197568157277
7244,89.83371857893931,81,0.01,66.62852816096522
7245,125.72871687997272,157,0.01,74.52483880908149
7246,190.42612971446243,87,0.01,75.00781940956607
7247,151.94789291002354,58,0.01,74.79911500863547
7248,93.69355812939513,4,0.01,74.32648212166964
7249,133.43973281252704,123,0.01,74.1131866590882
7250,129.14274536937285,148,0.01,74.56211934635229
7251,156.70739655681126,111,0.01,75.01189428646249
7252,158.14171519935948,100,0.01,74.73530676197443
7253,-127.89401908848401,0,0.01,71.75906236872481
7254,115.13427857373341,4,0.01,71.66727665576828
7255,118.83248069464425,85,0.01,71.87865271964468
7256,-688.6674570701955,0,0.01,63.33277767904782
7257,70.73849501428485,4,0.01,62.3394040608497
7258,14.044533701545049,138,0.01,60.814483167063216
7259,125.58357058999911,152,0.01,60.68985554489861
7260,139.19220674151273,70,0.01,61.322397448423715
7261,102.51478939844597,2,0.01,60.88464470328077
7262,160.0318511875526,99,0.01,61.698096337520816
7263,82.51977616188836,127,0.01,62.19622823655765
7264,-622.2340688216942,0,0.01,58.34276827538839
7265,164.54270190178465,88,0.01,59.8541127456914
7266,182.62913255691842,137,0.01,60.365252482652046
7267,80.92124882944216,2,0.01,60.11061943483988
7268,124.57529343133044,47,0.01,59.449835388873325
7269,174.094286528956,161,0.01,60.177710361773535
7270,196.15756266095946,161,0.01,61.12923900305693
7271,181.11750039478358,138,0.01,66.94204019125077
7272,-133.98673717628515,0,0.01,64.02685305474306
7273,188.32332857157783,53,0.01,65.08046362083059
7274,197.30641852548337,51,0.01,65.6560656986313
7275,-133.1077241856127,0,0.01,63.28240220738283
7276,-393.1148041515164,0,0.01,58.327489088998355
7277,140.25724318213108,1,0.01,57.905973050534364
7278,196.11887338784263,116,0.01,58.589693549624755
7279,25.177738646457897,39,0.01,57.48975927915557
7280,71.3910750383457,4,0.01,56.67051729834501
7281,122.90488983281043,31,0.01,56.223268683912565
7282,192.7749735207617,90,0.01,56.89564172066924
7283,120.92918816562046,64,0.01,56.85376093453584
7284,112.43186257244687,4,0.01,58.23298222841198
7285,92.10425240542105,84,0.01,58.987064744875035
7286,137.08000269594953,149,0.01,58.56011887734169
7287,84.04538759232564,117,0.01,58.688746552164375
7288,146.8385585675854,106,0.01,58.79913731727367
7289,180.28468048664843,90,0.01,59.64919217268921
7290,142.82845743744605,38,0.01,59.83854898377642
7291,105.10331258520301,148,0.01,59.431025434753685
7292,195.54550240191804,141,0.01,60.032706830669476
7293,138.32141910978106,63,0.01,60.57979123125233
7294,91.39376610976632,80,0.01,59.91201237510856
7295,79.3952483389817,27,0.01,58.868107170605
7296,184.19566586024717,131,0.01,59.58172282123788
7297,198.30920573498952,79,0.01,60.67609701693101
7298,138.52281906753188,82,0.01,60.74382725975242
7299,194.90089899133824,120,0.01,61.43240782062185
7300,116.91725657541855,1,0.01,60.99141565460932
7301,-169.816921289054,0,0.01,58.44272120025181
7302,96.12112685728067,4,0.01,58.47639931324502
7303,-191.26631840437796,0,0.01,55.486321691846115
7304,-159.35664384342437,0,0.01,52.026002920672425
7305,-326.58807175197865,0,0.01,51.13946833916505
7306,174.14475766906133,93,0.01,52.60053872154107
7307,-454.497880096412,0,0.01,46.6615052835058
7308,-44.46891807703699,44,0.01,44.966835061011096
7309,186.1599267932441,74,0.01,45.57497049703261
7310,-316.403084367935,0,0.01,41.68101882202527
7311,70.23105203318417,145,0.01,41.67372446343915
7312,136.55748942030493,70,0.01,41.6782263965952
7313,148.76598248991417,1,0.01,41.39443046161195
7314,127.29788446382426,26,0.01,40.8126279701683
7315,108.2232414608377,3,0.01,40.23443535453907
7316,75.94800074258123,86,0.01,40.24352208297138
7317,145.85058465069653,2,0.01,48.353266811574386
7318,166.36043175391615,61,0.01,49.1937654295217
7319,85.04956937632679,104,0.01,48.95999387257526
7320,-38.116365761505875,0,0.01,47.06724535189094
7321,38.89305493506595,56,0.01,53.82506826414452
7322,-278.0739821317616,0,0.01,50.28848817782977
7323,192.9943016804935,81,0.01,50.58400005967637
7324,77.50965701494681,2,0.01,49.83845232271565
7325,137.32740788351072,155,0.01,49.92191130004614
7326,-96.46762224655703,0,0.01,48.17615902438943
7327,-249.81022687508067,0,0.01,43.90897143612807
7328,198.17244337400075,83,0.01,44.636491025382504
7329,141.5036562047025,90,0.01,44.94514347676035
7330,93.3362523245801,148,0.01,44.346028671633
7331,191.69860048632472,73,0.01,47.42439506267391
7332,184.1045870392876,83,0.01,51.379576664423006
7333,117.46588298362296,104,0.01,51.61954848525902
7334,144.9005855432863,118,0.01,51.357046284706264
7335,150.38852700697575,76,0.01,56.60882277404436
7336,126.31922726894251,5,0.01,56.88057122142885
7337,102.60649266719686,131,0.01,56.11009954928328
7338,176.67373006792383,147,0.01,58.730156663970384
7339,24.763269137066175,5,0.01,58.07592522439583
7340,144.80895326094844,54,0.01,58.02571452900572
7341,179.40498334191534,117,0.01,58.57953394152659
7342,198.59968208325927,144,0.01,67.38218853795686
7343,139.52288519510944,84,0.01,67.12926721794094
7344,197.8487969197054,93,0.01,68.20941800134858
7345,127.15228083068048,4,0.01,68.22365364085567
7346,104.68064957506044,3,0.01,67.36619883946166
7347,182.07858900330376,72,0.01,67.66750580039447
7348,163.6343357186539,80,0.01,68.36691357628705
7349,75.32810191683339,94,0.01,67.78579726733011
7350,72.85915717951202,27,0.01,67.2229613854315
7351,153.67273756569637,3,0.01,67.19261479552036
7352,80.31062275905501,1,0.01,66.41430387111731
7353,137.5787647215889,127,0.01,69.06903170921804
7354,119.37579574196157,82,0.01,69.11144688090032
7355,154.33481263918273,60,0.01,69.4664702003457
7356,115.8227267914852,118,0.01,77.51137203896252
7357,93.18558368290783,168,0.01,77.73584292564874
7358,77.468447240814,109,0.01,78.37008206104144
7359,167.55719364832495,59,0.01,78.7898182916247
7360,159.18810203954902,171,0.01,78.98977724460508
7361,101.44402338237582,69,0.01,78.97906958444436
7362,-618.4236989870976,0,0.01,71.19451408269786
7363,153.3721851170124,98,0.01,71.9030381722491
7364,166.4192605054675,124,0.01,79.78957146552071
7365,179.52951437020937,121,0.01,79.93943959020494
7366,181.968585088302,55,0.01,79.9328341155188
7367,73.06457325730699,64,0.01,79.85426735979745
7368,191.92373611999665,161,0.01,80.5277517866841
7369,149.84542493156965,125,0.01,80.28526317071022
7370,184.51535694692973,153,0.01,80.16884111356994
7371,4.640561586978919,116,0.01,78.40407172549189
7372,-25.97909224427309,4,0.01,79.484148174812
7373,96.22111526018762,147,0.01,78.5631260416981
7374,200.03179762616128,109,0.01,78.59037983270488
7375,146.52358358151355,39,0.01,81.38669291037615
7376,99.35718707914279,1,0.01,86.31141282268274
7377,92.21691574621332,128,0.01,85.83100954832356
7378,141.08720955893267,68,0.01,85.28069291003447
7379,172.75528285527284,68,0.01,86.75646835212262
7380,133.22534128042213,3,0.01,87.3748110145434
7381,-164.05852406748102,0,0.01,84.50517687554047
7382,185.94919059269273,92,0.01,84.43691904625979
7383,95.04073676643155,127,0.01,84.1780345322679
7384,94.76572730591047,120,0.01,84.00137317960252
7385,120.45036743257916,124,0.01,84.28483432987409
7386,-267.3003853770212,0,0.01,80.24103044914438
7387,192.3558838046359,69,0.01,81.32413541126748
7388,85.2687697270571,129,0.01,80.7084375228622
7389,-486.5351079335612,0,0.01,74.0402396386601
7390,86.52889275556409,99,0.01,73.47724399184128
7391,151.840735806662,3,0.01,73.94461822405589
7392,110.27267341768335,28,0.01,73.09188993421354
7393,113.67379715045357,110,0.01,72.84541371462026
7394,-548.3263866199592,0,0.01,66.44821218732301
7395,74.70695698482639,99,0.01,66.40132927378144
7396,200.11788929770418,84,0.01,66.56055150815602
7397,-638.5583689985493,0,0.01,58.19187576082063
7398,152.21853062604717,171,0.01,58.328832876405784
7399,161.5459611194442,75,0.01,57.99528349768685
7400,178.5599192462288,1,0.01,58.61171012439496
7401,190.04999711381916,150,0.01,62.21037930842368
7402,-5.3549704182704545,0,0.01,61.19561833566817
7403,2.2804330604263985,31,0.01,63.13108585031621
7404,175.98516452939714,78,0.01,66.48450393404443
7405,42.392197783417934,37,0.01,70.17430662939842
7406,142.56417973310602,32,0.01,69.85850085003887
7407,108.12200104543717,3,0.01,75.48469966145734
7408,171.962301548931,160,0.01,77.64901185771703
7409,100.4193903381998,91,0.01,76.79160649316658
7410,174.2233339412458,58,0.01,81.6978706762584
7411,159.03384580802313,128,0.01,82.58589861400678
7412,112.4310116819785,134,0.01,82.34463383662353
7413,157.05717582690184,146,0.01,82.4275457699934
7414,134.5941811012908,147,0.01,82.50050873636805
7415,120.26097445333869,1,0.01,82.62088606629308
7416,-253.50450043864828,0,0.01,79.32636105448077
7417,116.0643482601208,102,0.01,79.02849869057502
7418,84.50171938260128,149,0.01,78.20991156686186
7419,124.73769124209298,2,0.01,78.60679278551953
7420,121.70153300297295,99,0.01,80.20497177316432
7421,175.0791849307963,170,0.01,81.56683307312163
7422,191.33103049234876,136,0.01,86.26088319936272
7423,74.36570764614682,172,0.01,85.07459725901927
7424,195.55614115911558,108,0.01,86.25506210046095
7425,108.90847792478303,2,0.01,85.97087280087368
7426,151.07489863543145,144,0.01,88.44629800969355
7427,73.12491009367342,132,0.01,91.67564937938108
7428,-493.2270131965396,0,0.01,84.76165481367569
7429,198.41531005724963,53,0.01,85.33077135220117
7430,-208.34482742610976,0,0.01,82.31396055469426
7431,110.2503837778923,52,0.01,81.49947838760994
7432,136.5491335569953,87,0.01,81.02392385278701
7433,-158.7215596373282,0,0.01,78.26204942657749
7434,190.69761844991777,84,0.01,78.72001975564382
7435,145.16466513525305,3,0.01,78.66778113692659
7436,-606.6841369495547,0,0.01,71.33774749474162
7437,202.45254328972328,127,0.01,72.33620800096689
7438,192.8785219473457,170,0.01,72.49825591976109
7439,145.0823555586646,3,0.01,73.70144678397709
7440,132.7444669742415,160,0.01,73.58080192111004
7441,21.318439225894338,16,0.01,71.99993647994981
7442,148.50821418628846,58,0.01,71.4990218009801
7443,108.62797999389474,3,0.01,71.19007274896795
7444,171.31334244625333,3,0.01,70.92471820423343
7445,128.60233757904993,35,0.01,70.93921877171711
7446,157.0782604842848,111,0.01,71.46319488080937
7447,135.40146766084771,4,0.01,70.9964236673848
7448,91.98581432381121,174,0.01,70.27993845343639
7449,174.38526230578407,133,0.01,71.27051005732588
7450,105.27061444305862,98,0.01,71.59462462996133
7451,163.2037177535434,129,0.01,71.68993443183982
7452,159.87871959952975,78,0.01,72.48561540024455
7453,97.7954322956623,41,0.01,72.0877820759853
7454,124.5058524019428,159,0.01,72.13908264258511
7455,133.29998819487452,84,0.01,71.92873439814203
7456,-203.83616450718756,0,0.01,68.7321454851553
7457,130.73018463847075,40,0.01,69.10759149471095
7458,88.44184526663007,143,0.01,69.21732547496909
7459,-74.9148889799886,0,0.01,66.79260464868595
7460,173.3020776382119,51,0.01,66.9337444046726
7461,130.36631947644696,52,0.01,67.2229673656133
7462,173.92671118366957,110,0.01,75.14647146732096
7463,145.4232342079185,1,0.01,75.06698195823003
7464,200.99454373439073,52,0.01,75.41273479051927
7465,161.5277216526299,70,0.01,75.23271686334347
7466,142.32510744541685,2,0.01,74.83628208691461
7467,113.26739151028121,102,0.01,75.23831026944437
7468,-1.499248639619065,13,0.01,73.3040804218482
7469,123.76921511195363,0,0.01,73.04331832365203
7470,154.71255278316173,108,0.01,72.74529028201435
7471,89.2799643339643,2,0.01,73.5916843094842
7472,99.44356471819279,36,0.01,74.84591087910887
7473,186.68555118161987,162,0.01,75.75055523832319
7474,182.7624265186245,95,0.01,75.57786152724782
7475,99.958448594888,128,0.01,75.11221017738157
7476,138.47094015984112,96,0.01,75.50334770818856
7477,182.49887602590135,4,0.01,76.40616731098544
7478,136.5661642405052,87,0.01,76.36095685780116
7479,83.17488339857837,110,0.01,75.46515286323421
7480,108.41655997793632,114,0.01,75.21706505020934
7481,187.62539399447826,60,0.01,78.73390423082895
7482,108.08830234554775,75,0.01,77.95529534835751
7483,179.75457212842895,56,0.01,78.80243370197748
7484,148.83359572984108,114,0.01,79.34311238621677
7485,-442.25575528361134,0,0.01,73.71605115905487
7486,112.58938160913061,1,0.01,77.51494882891639
7487,177.40198101758068,64,0.01,77.36540980104583
7488,-110.71062844459186,0,0.01,75.40561581932934
7489,95.27410320240708,54,0.01,81.22370793068903
7490,200.54216001471985,152,0.01,82.3638406032806
7491,96.39615387952864,147,0.01,81.80939478400926
7492,179.42687969350774,3,0.01,82.5009368467675
7493,101.7416842259526,74,0.01,82.3816157175225
7494,101.43977829689014,1,0.01,88.87927736669099
7495,-110.49703415287726,0,0.01,87.02723745531395
7496,119.03935899413273,76,0.01,86.21645215227824
7497,14.784839894710036,45,0.01,92.74988424121084
7498,174.4532488116188,171,0.01,92.97223142306655
7499,149.72152074158282,81,0.01,92.85398701928793
7500,202.69263568749494,146,0.01,93.09531418370061
7501,94.07312289463621,100,0.01,92.13554544150878
7502,142.69528992568215,97,0.01,93.61604804494833
7503,82.88930256511838,3,0.01,94.42213673999524
7504,194.8678254109082,89,0.01,94.61096334881034
7505,103.10331585387505,2,0.01,95.21807452951491
7506,100.36056544580273,5,0.01,94.79603838664187
7507,159.7018784836547,34,0.01,95.31183716102407
7508,170.35362738908225,65,0.01,95.29575041942554
7509,196.10305700951187,153,0.01,96.25258708613866
7510,128.7111300634049,59,0.01,95.79746504736023
7511,146.74216586452445,1,0.01,95.67454824792527
7512,156.1258991554385,77,0.01,96.11149712265987
7513,202.9117277548766,112,0.01,96.57004264193962
7514,128.4876884156933,117,0.01,96.50897771508366
7515,-330.58106434141416,0,0.01,92.00055732713612
7516,128.55717135186222,175,0.01,95.82117404504123
7517,149.80764505046886,88,0.01,96.15860701294469
7518,166.24062436278115,140,0.01,96.9759960627465
7519,102.37450189932305,2,0.01,96.7523641693188
7520,191.70326436767462,80,0.01,97.4523814829658
7521,-8.241069392029544,0,0.01,95.61917893973754
7522,146.42038580535387,101,0.01,95.17007249286759
7523,115.94186553570452,77,0.01,95.58583407176316
7524,81.2026189797158,2,0.01,94.44229884996918
7525,162.41623229322886,132,0.01,94.97737639365361
7526,198.42857850390772,138,0.01,95.45091319233839
7527,122.37368413376038,77,0.01,95.9434009327393
7528,172.36923230942978,121,0.01,102.59936338779897
7529,149.93896497495996,86,0.01,102.11459993697605
7530,181.75368691159414,57,0.01,106.01558508035309
7531,157.65917555579858,61,0.01,106.48967299813215
7532,162.9919864388388,86,0.01,106.75410152695059
7533,134.89843179048506,1,0.01,109.69030144122875
7534,95.90197222812645,0,0.01,108.74234497901084
7535,-277.01107736960853,0,0.01,104.52058755396222
7536,193.0578073325552,63,0.01,112.51800699678331
7537,-198.10240064685527,0,0.01,108.5124575574175
7538,130.70911502347866,93,0.01,107.89076348817888
7539,178.5001985666715,3,0.01,108.22494191825892
7540,173.5675327225096,178,0.01,108.6331725757416
7541,133.0100290726501,4,0.01,109.75008847420915
7542,144.0187693698512,92,0.01,109.7051940260448
7543,206.96365671856634,179,0.01,110.68855079329148
7544,78.6047382551937,121,0.01,109.7614647513809
7545,30.065893600613933,26,0.01,108.77610031159657
7546,76.22688321814539,112,0.01,107.96758653893518
7547,176.06207526338426,134,0.01,108.37419261496052
7548,133.6418939026917,178,0.01,108.79075341074933
7549,203.4357881270453,160,0.01,109.08125866896195
7550,120.48888405166139,76,0.01,109.23344136504797
7551,-514.2523723511987,0,0.01,102.45888046400056
7552,32.20813940540148,44,0.01,101.18217466205928
7553,-658.6296122831311,0,0.01,93.61792421627133
7554,159.0034760097511,97,0.01,93.96290045234942
7555,122.73873894493897,143,0.01,93.85728795985007
7556,147.7207333753792,112,0.01,97.37285693867574
7557,147.03403962143582,49,0.01,97.53589548850539
7558,161.6254013812807,60,0.01,98.2677310496519
7559,86.48843012824284,134,0.01,99.88176424073421
7560,151.71513419233577,67,0.01,99.66589480627545
7561,118.95768805085646,137,0.01,99.55180849201953
7562,107.82430591446325,42,0.01,98.89078443932748
7563,153.74088573454006,106,0.01,98.97396095459368
7564,83.01811148056947,3,0.01,97.79419663205545
7565,31.25982931856754,45,0.01,96.49151770871484
7566,110.53323623848746,2,0.01,96.17359899664557
7567,203.48703156331092,84,0.01,97.07579539717584
7568,143.18881127430953,1,0.01,98.52267599631514
7569,32.28925125949314,2,0.01,97.60787635779053
7570,208.6340111685309,123,0.01,98.14709094164422
7571,117.54539669682703,96,0.01,98.42974526527286
7572,146.50569787249236,35,0.01,98.90036659681584
7573,-656.2261887610854,0,0.01,90.47124919738879
7574,-151.47771001444028,0,0.01,87.12884783205814
7575,188.17156720305525,78,0.01,88.0109790181398
7576,193.54541204908168,71,0.01,88.56172373703221
7577,76.60681000292999,51,0.01,87.50280307680251
7578,119.57767195097989,4,0.01,87.33291815390724
7579,24.773849638044794,143,0.01,86.74890781630191
7580,97.66244396251652,2,0.01,86.64136665614771
7581,116.51340565332879,3,0.01,85.93024677273621
7582,152.81434423655395,89,0.01,86.37750719164627
7583,175.65877284749826,151,0.01,86.336549198837
7584,165.16885669419815,132,0.01,86.49990180848056
7585,142.51252441915102,129,0.01,92.34758460550819
7586,154.9411238349036,63,0.01,92.77110202776592
7587,79.95365769514231,162,0.01,91.79661879454153
7588,203.28348455086478,95,0.01,94.93655992449611
7589,192.9119977167239,74,0.01,95.91293886963928
7590,152.49238547242015,65,0.01,95.43244112421627
7591,80.05008082196528,3,0.01,95.26898039364063
7592,-242.12772062793158,0,0.01,91.05343439042625
7593,111.51657993376068,3,0.01,91.15118334750431
7594,115.75104037685493,153,0.01,91.294295968304
7595,-95.60188112749785,0,0.01,91.4432474985578
7596,-248.7846999233747,0,0.01,87.7650069093827
7597,122.54581622370114,3,0.01,88.8426166726726
7598,78.88456198805062,78,0.01,87.88692980443693
7599,171.37765473642494,174,0.01,88.10349114438533
7600,194.83823383341658,89,0.01,88.02494712584453
7601,41.63119486295551,25,0.01,87.50052784552774
7602,177.8491769861369,155,0.01,87.8520667161323
7603,123.58674426127136,184,0.01,88.25904113309382
7604,159.44664563804267,89,0.01,87.90482933536518
7605,149.1778634115439,81,0.01,88.36557481094187
7606,105.86194770170873,2,0.01,88.42058863350093
7607,83.54908282042778,136,0.01,87.65906067686865
7608,-533.5356548380425,0,0.01,80.6201678545974
7609,167.29342669325627,3,0.01,80.33207155143485
7610,153.5629860443388,71,0.01,80.58059011124419
7611,76.09872240563362,1,0.01,79.87415567665528
7612,121.48789839735755,5,0.01,79.52777566907446
7613,89.43986087641123,56,0.01,78.39305700028982
7614,132.70189091442833,1,0.01,78.43519902527716
7615,83.5327148261116,75,0.01,82.57633681695242
7616,98.74094952049099,94,0.01,82.27817459863871
7617,122.42952375255771,159,0.01,82.00439338565961
7618,194.74755226551218,71,0.01,82.28946266468691
7619,161.79379187398098,178,0.01,82.88365556443348
7620,98.22570813122648,4,0.01,81.94888000206902
7621,185.69778843907392,89,0.01,83.88826858038004
7622,195.43070260018283,91,0.01,84.37837174832832
7623,189.0383328486489,124,0.01,85.10933642145777
7624,105.25713419834976,128,0.01,85.34988157364413
7625,206.65569980390825,172,0.01,85.7922762487509
7626,-342.8051410031401,0,0.01,80.37993905368043
7627,94.6432924391766,153,0.01,80.10263513673458
7628,116.10832543331207,157,0.01,79.54002606797343
7629,180.50973417996818,4,0.01,79.84573376002349
7630,174.13577289074277,173,0.01,79.76955461981498
7631,211.40470653898285,96,0.01,80.30700992964682
7632,115.76931335469587,114,0.01,79.8347831988054
7633,206.95905730226883,79,0.01,80.55538945392324
7634,43.09253187684475,17,0.01,80.02729505041043
7635,136.7307486173488,3,0.01,84.16471331027998
7636,173.91665325256844,3,0.01,83.97330176948013
7637,163.53453325908026,163,0.01,87.58967110853948
7638,197.81181157722642,84,0.01,88.26069807407697
7639,6.335865278945903,2,0.01,86.5390547411997
7640,125.56177619309462,167,0.01,86.05899717590557
7641,91.8435410259855,2,0.01,85.64733229543894
7642,135.3962043857872,43,0.01,85.56110664559829
7643,197.38822850739618,55,0.01,85.46535236348655
7644,83.92088959802489,137,0.01,85.51851387691488
7645,128.2907291437934,4,0.01,86.50076223234666
7646,111.71142956892433,109,0.01,86.85560769585447
7647,89.01523305574327,4,0.01,85.98513927377805
7648,85.00850527884656,155,0.01,85.49880538753962
7649,134.63030987238884,1,0.01,84.81075060499305
7650,86.46468019306346,118,0.01,84.47050856640706
7651,87.57366684067946,3,0.01,90.48876895832584
7652,171.29982012185587,92,0.01,91.87968576549038
7653,208.69674248509978,118,0.01,100.55294931317269
7654,83.32530825596717,3,0.01,99.79616763563483
7655,180.7049134456637,113,0.01,100.37582938064207
7656,79.62734097745027,77,0.01,99.69489545666278
7657,201.01662721617367,127,0.01,100.23472133261016
7658,182.17624058587643,108,0.01,100.4402297246561
7659,113.56816781150911,1,0.01,100.7110271014888
7660,203.63210814375242,90,0.01,101.23019684100298
7661,93.52582890354316,172,0.01,100.97587824952986
7662,180.25064222061206,2,0.01,101.70014161259131
7663,142.96965630682752,63,0.01,101.5924293183142
7664,169.7169361355351,188,0.01,102.45941756486386
7665,115.90410215049906,2,0.01,103.30586029318317
7666,154.1189765397223,161,0.01,103.74171769619554
7667,-122.50168473347662,0,0.01,100.48183053322764
7668,102.24502355601678,141,0.01,100.07239265604474
7669,1.4130052828676014,127,0.01,99.76363019627847
7670,106.4690248419274,149,0.01,98.74198033301244
7671,114.4513455464795,2,0.01,98.71103982150896
7672,180.3588780749847,126,0.01,99.04957162353388
7673,81.6092926280639,35,0.01,106.42792643742536
7674,192.31934451540656,127,0.01,109.86589698272384
7675,-657.3510442403202,0,0.01,101.41067086829008
7676,77.71649873879987,182,0.01,100.25238173518727
7677,143.48805468622902,164,0.01,100.92119418202026
7678,147.33064999781678,167,0.01,101.19872396248864
7679,117.5138138793923,35,0.01,102.12612360490212
7680,135.36797258193823,2,0.01,102.50317889109633
7681,201.58991224264344,68,0.01,103.35394395698945
7682,155.65002660583178,158,0.01,103.38230078068226
7683,134.32606118441566,53,0.01,102.9689736640514
7684,139.10213233080066,2,0.01,102.70830642041744
7685,-193.21201378972484,0,0.01,99.35106103832868
7686,-32.66158120912587,5,0.01,97.47503398788838
7687,148.42969157978388,178,0.01,98.1597943267348
7688,208.27827439121882,55,0.01,98.20974222513833
7689,-22.714149505120872,2,0.01,96.05348075291991
7690,117.70276814822098,136,0.01,95.7055845796779
7691,138.83692807825005,3,0.01,96.29345305224076
7692,198.70838467471864,136,0.01,100.70181410526727
7693,170.93337001816022,58,0.01,101.29598200611126
7694,120.25007801630443,156,0.01,101.34097238250574
7695,-356.08580030844774,0,0.01,98.73613319069624
7696,119.16417042963448,142,0.01,102.41562189422632
7697,143.77553104611803,43,0.01,102.6279190424505
7698,-269.8530782643402,0,0.01,99.14054263992657
7699,108.86666639119338,67,0.01,98.5154327564743
7700,129.08498746402407,35,0.01,97.85790029278037
7701,-239.38743978909673,0,0.01,95.04771394625986
7702,116.6432690744283,158,0.01,94.43565486714274
7703,10.434948439169602,4,0.01,93.30413690892173
7704,184.21775212886917,135,0.01,93.55184797383
7705,109.74177294934242,141,0.01,93.15748706920796
7706,183.25803786319153,85,0.01,93.93144797082282
7707,207.3677199721123,123,0.01,95.16963434233963
7708,161.60567295117664,5,0.01,102.12104762023183
7709,-115.96371134193043,0,0.01,99.28847623987997
7710,96.51291250628248,77,0.01,98.7179755044994
7711,179.68213860319577,140,0.01,99.75380966647505
7712,131.08733785466373,150,0.01,99.8498040610481
7713,116.06864125147396,175,0.01,100.1160918647987
7714,144.2039464854953,160,0.01,100.23111242050938
7715,113.04356968129451,3,0.01,100.52622096906121
7716,103.05554079310494,52,0.01,100.56936688178736
7717,-667.986597597331,0,0.01,92.66520566828848
7718,149.0606837901647,138,0.01,92.20833698353499
7719,181.83360105212773,131,0.01,92.40873507531646
7720,119.16009909005356,4,0.01,92.61807898490473
7721,174.73038886535264,107,0.01,92.50840498916754
7722,113.78087451468465,180,0.01,91.69190670831254
7723,130.8017421846335,175,0.01,91.10954080167241
7724,-547.4664465851506,0,0.01,84.58230499383741
7725,-137.89129546739764,0,0.01,81.13683504112434
7726,144.3273640086689,61,0.01,86.00816009124243
7727,163.86161909515073,113,0.01,86.70034335780214
7728,-592.6753541289587,0,0.01,79.61250656217945
7729,91.1112230079738,2,0.01,78.7185214504595
7730,135.83593984063998,146,0.01,78.33552311995848
7731,161.0844466941649,49,0.01,77.8323205215103
7732,107.67026415927998,2,0.01,77.75133002955614
7733,183.89035364766255,74,0.01,77.52064299301009
7734,198.20842395373066,152,0.01,79.07180191377894
7735,121.99048209121554,158,0.01,78.9243992485176
7736,99.9197433403842,3,0.01,78.18443014939575
7737,142.99560543381534,57,0.01,77.97904087114311
7738,195.23401484210487,179,0.01,77.9532629037919
7739,181.7146748770432,128,0.01,79.70705099977286
7740,184.0167266723007,78,0.01,80.29160050456493
7741,149.92566767143933,3,0.01,80.87242177101948
7742,211.3656530074041,93,0.01,81.63211625723565
7743,-560.3328861788792,0,0.01,74.05490511037289
7744,181.5402386752545,136,0.01,75.03109860114519
7745,208.1407841937539,69,0.01,75.82959915164479
7746,192.23094522801821,101,0.01,76.63479430823573
7747,139.45957847212415,4,0.01,77.13923776239953
7748,123.35853567127594,1,0.01,77.52273806632383
7749,79.9617287311078,63,0.01,76.97605225491101
7750,153.30724708087052,71,0.01,77.6444779237891
7751,138.50689346199567,1,0.01,78.15381019000225
7752,168.66375647150034,93,0.01,78.1274495534987
7753,96.11642720876432,2,0.01,77.00164640073534
7754,211.18802582905704,51,0.01,78.28027357646624
7755,-401.3666920218235,0,0.01,72.45955752179135
7756,136.4912192855314,70,0.01,73.0281963048722
7757,30.785948526005598,1,0.01,71.32588951797051
7758,16.15526594351826,19,0.01,69.66567977154692
7759,204.5429623675484,192,0.01,70.57542771710732
7760,197.24913990253745,130,0.01,70.51159803469517
7761,107.59673025892191,4,0.01,70.65230704824894
7762,113.16968786482391,0,0.01,69.98149750469106
7763,186.72990595895072,79,0.01,70.41910000121229
7764,172.79887091228971,68,0.01,70.44991934897983
7765,-219.34586344782974,0,0.01,67.09741969299655
7766,167.43296267366424,109,0.01,67.23055955433598
7767,197.2782837217427,130,0.01,70.42835923888816
7768,171.7539168960556,108,0.01,71.12344817228858
7769,81.43615666496031,5,0.01,71.9236796861095
7770,99.37017141902794,172,0.01,71.85269115188049
7771,150.11083912471213,170,0.01,72.20928608766282
7772,200.37630347948107,141,0.01,72.40946034170778
7773,111.96697492383049,124,0.01,72.71303716466545
7774,80.65468934471225,54,0.01,71.59639061295849
7775,20.048805693120734,12,0.01,78.37038911229291
7776,207.58572565427164,70,0.01,79.66908138144763
7777,121.9014011838699,49,0.01,79.45321484642403
7778,198.5062568389427,141,0.01,79.96497091483529
7779,141.3890115389675,179,0.01,80.20372289143106
7780,100.30875337012111,71,0.01,79.85313069931289
7781,192.93846222602667,71,0.01,79.76661619914671
7782,201.11107978510682,66,0.01,80.22122673093945
7783,87.0955019982157,55,0.01,79.74892113907745
7784,125.60424099963518,4,0.01,79.61394222576581
7785,83.46018805435186,3,0.01,82.38066424420659
7786,179.59854413713433,3,0.01,84.50326549766916
7787,195.35205728045406,91,0.01,84.97248915467586
7788,-8.43053885506336,0,0.01,82.80540102221303
7789,81.33915924697489,190,0.01,83.84593410973399
7790,86.56900001979955,68,0.01,83.53459642844977
7791,129.46377998397313,187,0.01,83.44086494750701
7792,139.4948842813434,1,0.01,82.84872994357328
7793,-2.6435995984785734,5,0.01,81.11296024740687
7794,117.54737710542658,179,0.01,81.0859332382981
7795,-576.5501327316623,0,0.01,78.88128991406593
7796,-318.73050863376545,0,0.01,74.50234312343194
7797,37.233328954692354,2,0.01,73.4369211025177
7798,120.31443927312856,4,0.01,77.33859627789239
7799,130.6356736296055,149,0.01,77.55628635027651
7800,161.08445942945298,93,0.01,77.8762810699308
7801,186.99670626227837,163,0.01,82.14012253044457
7802,-526.9285213242334,0,0.01,75.70440462645793
7803,137.43751088622193,158,0.01,76.97443025092845
7804,-404.03342645971827,0,0.01,71.09191846504257
7805,147.92630027378183,137,0.01,71.47376373828698
7806,195.5656663846205,161,0.01,71.59684002350127
7807,175.94172324641698,84,0.01,71.2825800562443
7808,194.0919653284816,151,0.01,71.60744298001735
7809,118.08502259169839,115,0.01,73.94793031935366
7810,153.2157411686435,93,0.01,74.51495860597726
7811,107.33450935541394,2,0.01,73.79148231349944
7812,205.5661894556295,101,0.01,74.5362708295091
7813,185.30667583436323,83,0.01,75.228651175338
7814,-396.1430013062482,0,0.01,69.82518169742056
7815,143.024261776478,160,0.01,70.12498861837238
7816,180.27699233094526,55,0.01,70.89720313375079
7817,97.66320964064788,1,0.01,78.55370120613058
7818,170.0090061658397,110,0.01,78.76318442988732
7819,92.93771348028407,4,0.01,77.8742255541689
7820,167.50388226854324,70,0.01,78.35766338595378
7821,155.83885586615017,68,0.01,78.16874805596177
7822,152.94622536317178,101,0.01,78.56040156444665
7823,181.20568364948994,101,0.01,79.06444097909521
7824,-211.24491231305376,0,0.01,82.4266563218162
7825,188.667829335131,102,0.01,85.69224756984147
7826,172.03399506094524,90,0.01,85.96931388036424
7827,200.65628940422846,138,0.01,86.337260583455
7828,159.0420485348626,137,0.01,93.85443461009324
7829,133.989532721918,118,0.01,94.28321770723267
7830,85.42078436913063,132,0.01,93.77906615251759
7831,174.698380950985,94,0.01,93.91520549508577
7832,185.36639650742111,122,0.01,94.6921668185672
7833,196.83389491272104,164,0.01,94.82160223121778
7834,92.76070652302855,3,0.01,93.76712505691076
7835,42.63254367811743,185,0.01,92.97354567277976
7836,92.71005763071,185,0.01,92.901448815683
7837,145.47504688419804,166,0.01,92.92624323018683
7838,143.935177961497,1,0.01,92.41325486138075
7839,140.24281682992338,88,0.01,91.99853628090956
7840,82.69489858042135,150,0.01,90.98531799999077
7841,152.09194032688373,161,0.01,91.00698072654521
7842,192.1301409733943,51,0.01,90.81462560620511
7843,178.59516248244793,61,0.01,98.2039060928184
7844,178.98709031339223,129,0.01,98.17837460919978
7845,84.32280829309151,62,0.01,96.94019485019317
7846,156.20546435675098,118,0.01,96.5799400414805
7847,198.72289525491317,160,0.01,97.17257320930838
7848,180.58836789322106,109,0.01,97.74487153152782
7849,208.83218660994126,103,0.01,99.03357611031618
7850,-377.50418261815463,0,0.01,93.72546181332591
7851,-609.2859802445646,0,0.01,86.2475330762603
7852,139.93018826921696,4,0.01,85.96019739423747
7853,210.5393844485326,139,0.01,87.10442696663515
7854,154.51753622317585,168,0.01,86.53772207057636
7855,197.12367662007472,96,0.01,92.52262575699531
7856,39.75020788835798,5,0.01,91.5552156430236
7857,113.24886116488972,53,0.01,92.37984476941243
7858,115.0908986314217,55,0.01,93.36920109629148
7859,99.59628477520789,94,0.01,92.31973432036804
7860,99.17692761324739,138,0.01,91.33901219747514
7861,189.06013638609141,93,0.01,92.15364625874685
7862,206.1528972282041,108,0.01,93.08347835238067
7863,127.42489981754055,112,0.01,92.49042829096658
7864,150.25482331398428,109,0.01,92.2649878149835
7865,217.95234737746347,57,0.01,96.63796992323645
7866,180.37478928864783,134,0.01,96.76738818938628
7867,147.25760504406946,2,0.01,96.26718140260955
7868,-234.64328374836919,0,0.01,92.20320939616529
7869,99.04024759726187,3,0.01,92.3792503054883
7870,-606.4347710476303,0,0.01,85.3212008808217
7871,204.6639809656798,97,0.01,85.86673229923139
7872,-471.8474477311098,0,0.01,79.14449478712548
7873,175.22909575768688,60,0.01,79.77711599546404
7874,132.74736462802744,0,0.01,80.29804274829719
7875,165.44094015154073,174,0.01,81.75196409288141
7876,98.03278695029094,40,0.01,80.6564347058416
7877,116.14878558561355,55,0.01,80.59890854985903
7878,-479.3569539164288,0,0.01,73.82027644230531
7879,156.61427943470247,171,0.01,73.97252912126268
7880,143.50432399896707,83,0.01,74.40448482755113
7881,186.80371834245466,105,0.01,74.3431373887154
7882,198.1135167850341,70,0.01,74.31316175871467
7883,3.0088664701532934,136,0.01,73.47229540343406
7884,-601.6384406568728,0,0.01,66.19986858686897
7885,152.4464920501974,4,0.01,66.88973162682743
7886,6.235758670727989,22,0.01,65.15610377216336
7887,220.17899762269053,51,0.01,65.40437317558573
7888,205.1914883486701,172,0.01,67.54059344762307
7889,99.86341580328428,3,0.01,67.72583601318615
7890,191.05080342162728,142,0.01,68.77065404720443
7891,92.33344157528724,3,0.01,68.39935066311757
7892,185.51934609925084,154,0.01,68.85959528129665
7893,88.43947751212913,66,0.01,69.77042605240271
7894,133.56910579181337,122,0.01,69.93064333926658
7895,151.38543363742707,139,0.01,77.20999900295747
7896,174.2787805682982,125,0.01,82.14009189497813
7897,89.61130126517183,93,0.01,82.66387161808291
7898,-533.5532789196194,0,0.01,76.12519443615544
7899,218.4119574633794,101,0.01,77.00295727449318
7900,213.74908864921014,97,0.01,77.52960356669075
7901,-654.2484561425525,0,0.01,69.11715194264244
7902,185.286567601071,60,0.01,76.23930283189549
7903,193.3487367774229,132,0.01,76.7984150908075
7904,116.43908253458453,1,0.01,82.00314018075052
7905,168.2249381738249,159,0.01,82.20612655975096
7906,159.32232641041912,158,0.01,81.84369316000894
7907,161.49813054135083,174,0.01,81.69925723295827
7908,143.3502798970484,127,0.01,81.19184037864395
7909,125.73585212591885,1,0.01,81.26834867398615
7910,136.83724862194615,2,0.01,81.10456374851918
7911,168.3575065372839,170,0.01,81.71479372033788
7912,137.67915754047158,4,0.01,81.0359234011863
7913,149.66198494940426,196,0.01,80.6794764923367
7914,203.79693273677856,68,0.01,86.67887583276699
7915,164.22291170750617,71,0.01,86.89086233207725
7916,195.9350679016439,99,0.01,87.04744308778425
7917,92.93308294438727,2,0.01,87.00014182082164
7918,122.39669135979312,3,0.01,86.52401867276117
7919,93.29885358335946,1,0.01,86.52763007379191
7920,39.65141469703855,154,0.01,85.24910539807688
7921,119.93893887240647,91,0.01,84.89010622813943
7922,-111.35312629147913,0,0.01,82.24711271159295
7923,219.6249204127846,2,0.01,82.63130507922588
7924,118.84333247183861,45,0.01,85.93218752707482
7925,105.61587592414912,161,0.01,85.10166799296499
7926,213.92161479826194,162,0.01,85.52054419033816
7927,220.30153772060726,85,0.01,85.71699667350192
7928,139.38561824760643,4,0.01,85.52043237062936
7929,92.84397381406541,171,0.01,85.10897678155087
7930,107.27209406261792,5,0.01,85.32748987848574
7931,-691.2111734308249,0,0.01,76.66839433466764
7932,136.93759810213126,4,0.01,76.18410635061473
7933,171.08189993025098,121,0.01,75.92658640079003
7934,32.17052433250077,12,0.01,75.32068457888475
7935,207.06483421078462,121,0.01,76.96500748421141
7936,138.46839642854988,4,0.01,77.42259087218982
7937,-658.2953932616407,0,0.01,69.38488647073142
7938,-287.78770069326,0,0.01,65.06765768418386
7939,122.13677218365093,190,0.01,64.88659723772112
7940,85.32975783884515,156,0.01,64.91294583030538
7941,192.9803863268234,182,0.01,65.32183029030477
7942,173.07086655610797,122,0.01,65.13123754613193
7943,128.36743580591914,123,0.01,64.62896027936662
7944,154.1845765975815,93,0.01,64.38093514220851
7945,209.61211532251377,157,0.01,65.63382821250273
7946,89.49024004199613,1,0.01,64.9666759693552
7947,218.63749183654767,1,0.01,65.16582193517152
7948,182.97135034804393,74,0.01,65.18965175971977
7949,107.7667478108658,58,0.01,64.17899737172901
7950,138.34724739474197,145,0.01,69.337511671858
7951,91.29142725899106,107,0.01,76.34328574689354
7952,153.72196157918665,173,0.01,76.48120347999324
7953,102.84311720311743,141,0.01,75.40424080753908
7954,100.1469789074001,111,0.01,74.86053523438133
7955,-15.048159253536681,0,0.01,72.73881687564521
7956,193.54655277991486,3,0.01,74.27678032456078
7957,155.41086628061925,59,0.01,74.69840037571807
7958,140.92663095827675,187,0.01,74.95675769898662
7959,211.3884001577908,91,0.01,76.07467885281244
7960,202.015860784244,160,0.01,77.10306818452241
7961,195.50963615869279,138,0.01,77.16756318224844
7962,97.07164962913495,1,0.01,76.07675070625774
7963,107.25600236271984,190,0.01,75.87506173170954
7964,115.36122141837652,197,0.01,75.52612571275347
7965,91.68025982643502,2,0.01,74.26340483724317
7966,89.10526339611317,3,0.01,73.35070957831783
7967,-215.3794162289505,0,0.01,69.72433936558762
7968,-641.3968406153347,0,0.01,65.65680379691797
7969,152.55157957762154,3,0.01,66.19191711672157
7970,134.2056235790924,4,0.01,73.59832106298879
7971,94.55474054784291,56,0.01,72.49722865881043
7972,123.14415650616519,81,0.01,78.44714470118316
7973,158.57886470049078,67,0.01,78.2806423906112
7974,92.77896105991908,177,0.01,77.88095835493013
7975,-368.843137246838,0,0.01,72.53811758094635
7976,222.0061908274398,4,0.01,73.77785161971784
7977,205.13310411144948,205,0.01,74.6676948049762
7978,123.09943830862913,101,0.01,80.69225872722679
7979,140.40163888285076,1,0.01,80.53013232170825
7980,-153.85827135753232,0,0.01,77.55650636814325
7981,0.9729228260134484,43,0.01,75.69819841297884
7982,142.86761680372342,204,0.01,75.14573941316573
7983,2.7031342568767514,3,0.01,75.14268209103297
7984,-380.7134136126848,0,0.01,77.35193236147485
7985,132.51427431961972,96,0.01,77.15261018416908
7986,165.80076572388634,188,0.01,78.74826025470065
7987,94.13148180164988,110,0.01,77.48778509649023
7988,128.82311619955945,3,0.01,76.72410137499915
7989,128.10937580487519,2,0.01,77.00656097501506
7990,177.40223882783602,110,0.01,76.87007532907714
7991,110.70445580088688,5,0.01,77.05378547133314
7992,-140.36908192573344,0,0.01,73.7949011910833
7993,-266.0294447016293,0,0.01,70.25021196894572
7994,98.43043147752144,1,0.01,69.89882522580278
7995,168.71383964865873,61,0.01,70.07210928591512
7996,185.06610377519723,150,0.01,70.1799825179841
7997,178.27775544720822,77,0.01,71.06664705980447
7998,161.66662115969672,87,0.01,78.01884606059762
7999,217.45147843828144,157,0.01,78.00924127034665
8000,149.68829887362446,202,0.01,77.36863337259079
8001,101.45360030997173,91,0.01,84.92565393711602
8002,217.27105903777635,140,0.01,85.24549885148308
8003,135.15849171436113,99,0.01,84.66359640085246
8004,162.10467558934965,4,0.01,85.12025233140011
8005,149.0082832765425,59,0.01,84.9280857824273
8006,169.66295756358795,108,0.01,85.03149209395899
8007,148.25135944306825,128,0.01,84.89902438297615
8008,182.1287110587952,76,0.01,85.28680869459362
8009,181.09588831555428,71,0.01,85.84040905648997
8010,118.53431222146546,4,0.01,85.65737969248518
8011,220.13830998951124,144,0.01,86.17518772700745
8012,168.60981865291348,63,0.01,86.48449433813188
8013,98.74367016876558,4,0.01,85.9753111903255
8014,175.33789732816982,65,0.01,85.6907208362394
8015,31.197608054593275,107,0.01,84.36046779971026
8016,221.54294358593702,149,0.01,84.6165465565532
8017,-43.19725292964739,45,0.01,83.25524319781283
8018,123.44260749328376,142,0.01,83.26570235914774
8019,30.204947151730686,11,0.01,82.63476329483146
8020,163.83179501839513,95,0.01,83.87656709804503
8021,108.94182497937591,173,0.01,83.76659595911471
8022,179.92727457984063,119,0.01,86.67939996782793
8023,213.38178859525107,176,0.01,86.61696864965259
8024,-674.6257326669482,0,0.01,78.6822779982647
8025,97.03221538277484,5,0.01,78.59644139285096
8026,-505.6868766702757,0,0.01,71.40035647816559
8027,222.5039286089585,52,0.01,71.4223803870491
8028,190.93105489269243,138,0.01,71.93783475349997
8029,175.43949967917126,165,0.01,72.76379001215103
8030,87.72639889338267,3,0.01,72.56833306045868
8031,124.88038479070113,170,0.01,80.72924864267395
8032,109.14275903501715,192,0.01,80.4513002520028
8033,97.12174375862311,83,0.01,79.71169869028651
8034,144.11644182978338,115,0.01,80.83115786525933
8035,-237.91904232886782,0,0.01,76.38131909986281
8036,171.33960587703663,162,0.01,76.71003119434768
8037,115.38342994569804,123,0.01,84.44681942642106
8038,172.03357390771566,174,0.01,89.04503217243082
8039,104.47456904236287,97,0.01,88.86841014101793
8040,160.48353426778823,2,0.01,89.61994790530738
8041,93.06227605332461,84,0.01,88.6207668025724
8042,127.8627073117014,2,0.01,88.16868521012833
8043,-487.17043822882823,0,0.01,82.01330646978086
8044,189.1755816438801,74,0.01,82.36321652024384
8045,202.6319264530549,133,0.01,82.29341463154925
8046,111.87576509805089,185,0.01,82.5172698821098
8047,162.82941456168328,122,0.01,81.95918910936115
8048,181.7730979011675,206,0.01,81.94720658489237
8049,152.98349786744166,58,0.01,82.39937408545815
8050,106.78236343190844,176,0.01,82.08372524582981
8051,-75.34740703175754,0,0.01,80.41733690292232
8052,176.06777577867584,95,0.01,80.64079504491721
8053,197.49038875025403,53,0.01,81.58726776038858
8054,98.74362962704477,123,0.01,81.57323426758504
8055,200.10807314465052,90,0.01,83.7247965915669
8056,114.74503691505434,201,0.01,82.93678143291828
8057,222.3638789882063,146,0.01,83.60631155999417
8058,171.8618356582552,162,0.01,83.91566360699397
8059,-311.078842206546,0,0.01,78.6909911833506
8060,186.38314213793115,64,0.01,78.53466399688745
8061,112.67863549278556,5,0.01,77.70635399022838
8062,212.24330598493412,179,0.01,78.85807055378636
8063,98.03642179398643,2,0.01,78.76587474809904
8064,107.22885806653568,142,0.01,78.68455111458063
8065,192.0639450650349,134,0.01,79.68838796696664
8066,177.568813229066,184,0.01,80.57302346529616
8067,-1.9243122936581827,30,0.01,82.70757450464907
8068,157.89355630769035,0,0.01,90.70047847387931
8069,-422.73937304271465,0,0.01,84.94756894767596
8070,108.25985048193402,4,0.01,84.68811121670439
8071,-680.4996387349146,0,0.01,76.93756742387681
8072,-184.81596241482714,0,0.01,73.85796623466689
8073,177.72712388212727,127,0.01,74.04944882648324
8074,227.50027085189902,87,0.01,75.39666192440305
8075,146.0585129566541,193,0.01,80.54567842643797
8076,171.02411401894585,183,0.01,80.03585765835302
8077,25.256893106958337,37,0.01,78.23709554830812
8078,135.54841334399964,86,0.01,78.36158529866182
8079,205.03022603148912,121,0.01,79.0078711701482
8080,40.18285105226403,209,0.01,80.94828239424618
8081,218.22067030598544,70,0.01,83.12075986904588
8082,155.6952809435217,187,0.01,83.24903651044387
8083,113.16931562826696,126,0.01,84.35369832415778
8084,129.27207915875107,177,0.01,89.45355325187215
8085,161.00162757579574,55,0.01,89.7384267844339
8086,159.75903306780316,88,0.01,89.67800945787307
8087,199.74255840716626,69,0.01,90.73412022392822
8088,-485.4950480759006,0,0.01,84.59093858117363
8089,104.07600610684315,3,0.01,84.35060488419333
8090,225.45933784276434,199,0.01,84.8311758743426
8091,126.86656932069263,72,0.01,84.99279700954067
8092,200.33163561773642,72,0.01,88.39980418497537
8093,188.10780974505047,87,0.01,92.94117672944216
8094,114.5336783190696,104,0.01,93.10220919785763
8095,107.08652031143333,41,0.01,92.48593600448538
8096,86.24826420154004,182,0.01,91.4977576087488
8097,115.49011663270184,205,0.01,90.86988122060374
8098,113.41334679471152,175,0.01,90.3873484769539
8099,168.38230818437114,99,0.01,89.8966567744148
8100,118.78543419500345,1,0.01,89.58762812762858
8101,202.4336054771585,119,0.01,90.59742817930048
8102,130.7181268101156,3,0.01,89.73189885702386
8103,87.36190749582276,169,0.01,89.25393301483848
8104,198.52685732220058,112,0.01,89.61815483216697
8105,218.68814682058598,58,0.01,90.3149534676074
8106,117.61700334077267,3,0.01,89.79449392537924
8107,208.94740581093782,140,0.01,90.40145438905793
8108,189.60453169302437,197,0.01,90.47621259540024
8109,118.68789965420387,146,0.01,89.85213270878673
8110,159.9768162689175,3,0.01,90.26655774926127
8111,100.29154209225248,4,0.01,89.06809007028868
8112,143.9530437967708,75,0.01,88.82152232172724
8113,93.56501841122432,99,0.01,88.76973580415182
8114,191.94418070184278,42,0.01,88.93579863788855
8115,-395.48150160073783,0,0.01,84.66900754133523
8116,206.76275551523656,106,0.01,84.5212056606282
8117,174.75977204523915,70,0.01,86.7007759103771
8118,118.3407471746638,1,0.01,86.64975730719088
8119,126.78965572712298,2,0.01,87.6156043929448
8120,-286.2785749207414,0,0.01,83.11450069355345
8121,-397.695394080973,0,0.01,78.04812850294996
8122,193.0397002331881,64,0.01,78.17925275948345
8123,139.23882898162418,115,0.01,77.43782316334716
8124,106.55028464821312,4,0.01,85.24958333649879
8125,198.14089732375578,132,0.01,86.2606701559086
8126,96.71676361764366,2,0.01,92.28470655878779
8127,-212.0517627831906,0,0.01,87.93914964486629
8128,-252.23228505471042,0,0.01,83.50751624539227
8129,211.66381659159478,183,0.01,83.86975941451651
8130,123.51442024474034,63,0.01,84.22763962803009
8131,182.98523457695322,120,0.01,84.80868812589262
8132,154.46777688017113,176,0.01,85.26193830434413
8133,106.88194005002126,131,0.01,85.35954026725811
8134,-185.52428450905313,0,0.01,82.06313300386977
8135,197.91847865328393,153,0.01,86.42150821369127
8136,108.38421674428004,4,0.01,85.79195432236372
8137,-316.3214566002435,0,0.01,81.4749054569043
8138,142.4714670998861,113,0.01,81.17928438882602
8139,-486.18208678444654,0,0.01,75.27271783055791
8140,127.32990960309388,119,0.01,74.94118158391099
8141,155.3502654934946,68,0.01,75.56406147831268
8142,106.42178224338257,120,0.01,75.34965222762949
8143,96.17889239499226,87,0.01,81.18314553386769
8144,200.31212197452385,67,0.01,81.29451093717412
8145,166.1493324570938,143,0.01,80.92968499721452
8146,144.45465130719043,169,0.01,81.2554738593059
8147,101.70498366532294,128,0.01,80.6442295503423
8148,218.5720061846843,88,0.01,81.01221863317747
8149,136.01015235840865,89,0.01,80.84248517808713
8150,185.6518892423997,94,0.01,81.63118043619205
8151,171.3643453202754,105,0.01,84.09829795971238
8152,148.85622097894304,155,0.01,83.82618241171507
8153,223.85703278193995,130,0.01,84.08984885203192
8154,159.05439445291515,75,0.01,84.69295650029062
8155,228.30530478731418,170,0.01,84.97492881671725
8156,90.31586579908908,177,0.01,84.73063710555762
8157,157.96084797001538,192,0.01,84.08660679537569
8158,104.0102002362307,192,0.01,83.40809044115545
8159,139.87145625198156,2,0.01,87.91759342574072
8160,167.59678550841352,109,0.01,87.72972985944554
8161,171.9728392056739,79,0.01,88.32267189657443
8162,141.9941956850259,88,0.01,87.62018079357533
8163,151.2407880854391,180,0.01,88.15222445648986
8164,224.31353630333786,209,0.01,89.32307123885788
8165,99.6856572272417,84,0.01,88.39928836047994
8166,187.9890720692449,125,0.01,88.50349094888175
8167,96.98177721080809,212,0.01,89.49255184392639
8168,147.19671615739287,4,0.01,89.38558344242342
8169,157.5359013864268,141,0.01,95.18833618671486
8170,-106.5437178702011,0,0.01,93.04030050319348
8171,200.203007024886,111,0.01,101.8473269607915
8172,110.61528842940365,55,0.01,104.80163946923383
8173,97.66958213932354,143,0.01,104.00106405180578
8174,153.53013929536965,89,0.01,103.2613627362405
8175,132.07040416038075,160,0.01,103.12148164827775
8176,123.33245363279144,4,0.01,102.6445650444162
8177,109.66003326336603,2,0.01,103.48859644598028
8178,99.86749357025909,55,0.01,103.13178724824286
8179,88.12615011712069,89,0.01,101.96274648909919
8180,133.95359171495616,4,0.01,102.90045389572612
8181,112.6881328062007,124,0.01,101.84512852072827
8182,208.7414873775434,148,0.01,102.3755905850685
8183,90.13589898354924,3,0.01,102.14525641862132
8184,198.96569330425487,151,0.01,102.84219256007637
8185,201.1303610116508,1,0.01,103.2434798944349
8186,174.91380883497715,105,0.01,103.39502765210663
8187,93.13747485805499,5,0.01,102.32897681661552
8188,193.33655211026678,188,0.01,109.11729281847718
8189,36.57619486379666,11,0.01,108.44229470604674
8190,151.70151949764386,63,0.01,107.70471652259552
8191,95.0669420412644,126,0.01,107.38672024980127
8192,150.2698425001814,73,0.01,106.8861023186257
8193,-237.14032437078106,0,0.01,102.63362097746742
8194,113.97694084917941,179,0.01,102.62805360276849
8195,155.5094511315758,61,0.01,103.11228291096991
8196,88.12078561815508,66,0.01,103.13100812513605
8197,141.67861626968278,128,0.01,103.39289312150588
8198,-36.53418033991531,0,0.01,101.89341785015961
8199,133.72822838761408,216,0.01,101.54687705219203
8200,119.68475845076517,3,0.01,101.55587029474962
8201,95.14263477201206,1,0.01,100.48296058769816
8202,164.86404517979145,3,0.01,100.82441977139491
8203,158.7749458157381,62,0.01,101.53855015459406
8204,165.4987580576875,2,0.01,101.20826916194893
8205,140.16768712254407,2,0.01,100.42306456496851
8206,-210.6172267896494,0,0.01,97.1407222636643
8207,194.9583988078843,96,0.01,97.0008321936338
8208,-302.93803684211406,0,0.01,92.07540650828241
8209,123.09044822491467,131,0.01,92.11943199398952
8210,209.55024178804086,143,0.01,92.61516624918076
8211,94.43758833117104,115,0.01,92.55662671156995
8212,117.92390429605379,91,0.01,92.29633531656276
8213,99.38554719245577,101,0.01,92.35454060437509
8214,171.67278173679466,146,0.01,92.15182661472461
8215,-645.6805946745035,0,0.01,89.64983568398696
8216,128.62409714544944,2,0.01,88.86844910028907
8217,136.616314840455,64,0.01,88.48701452824123
8218,226.26081650554724,211,0.01,89.56621522155007
8219,102.25825254905335,153,0.01,89.32090118976937
8220,120.62392752845722,1,0.01,93.38992621426134
8221,110.88434187863311,157,0.01,98.4757235738574
8222,202.1322780887541,180,0.01,98.56664935241307
8223,192.57743511644247,176,0.01,99.10003541376123
8224,184.137486552566,4,0.01,99.87590743280478
8225,190.7003866474716,185,0.01,99.80150232604194
8226,-394.7495448584931,0,0.01,94.88683924128055
8227,131.6216935796987,70,0.01,98.32357380490947
8228,137.59141843224523,2,0.01,102.22181083977901
8229,104.16699511344953,154,0.01,101.14684262499757
8230,119.19786586191749,115,0.01,101.10367708116934
8231,232.64445632526335,2,0.01,101.60026929865242
8232,95.90465833081161,4,0.01,101.01463811315884
8233,159.40201263998148,181,0.01,101.53983883905845
8234,120.14492141727177,2,0.01,104.59653089832169
8235,116.0203407058165,1,0.01,103.77754951884702
8236,-237.50907118505876,0,0.01,100.31861663955362
8237,231.89557637788965,170,0.01,105.80078696933496
8238,184.8360434642277,141,0.01,106.22443273297839
8239,159.66863829154659,190,0.01,112.68293998373831
8240,102.19503866684205,143,0.01,112.43159127437579
8241,165.83230618483026,114,0.01,112.53641168128914
8242,114.87622801019353,4,0.01,112.62095613895724
8243,128.03897574376222,4,0.01,112.93955697244493
8244,108.64147494078591,69,0.01,112.02285050210757
8245,228.66943269452463,80,0.01,112.64805150448188
8246,190.39488911925818,99,0.01,113.10745388260257
8247,24.349665070488285,44,0.01,112.3339006966542
8248,162.479795115154,117,0.01,111.77297858595892
8249,185.39744696247232,92,0.01,112.26685153199952
8250,151.26339616671453,84,0.01,111.92296660124268
8251,231.22710564358886,103,0.01,112.52159420447582
8252,14.416525969642922,43,0.01,111.17719725438283
8253,169.5988077436981,94,0.01,110.63461500400042
8254,146.44201682960554,109,0.01,110.50849122776734
8255,154.45472099606351,60,0.01,109.76998538985482
8256,149.2674512864132,141,0.01,110.35950124472805
8257,96.95888180143005,90,0.01,109.74948158304221
8258,216.40095863630324,203,0.01,110.87338916704292
8259,193.56575020671988,223,0.01,111.41033210659032
8260,171.3257287354023,157,0.01,111.4476215388602
8261,178.9441979564653,197,0.01,111.51733512636811
8262,17.435175236341035,45,0.01,110.2717449218813
8263,121.8744611470143,47,0.01,109.97808165249702
8264,206.55634195824445,165,0.01,109.8005097090461
8265,125.47950360785522,1,0.01,110.05844817285224
8266,134.1262318801874,4,0.01,109.51981977096165
8267,177.83058206535304,218,0.01,110.3283078195071
8268,206.0040961305616,94,0.01,110.91638161923878
8269,-628.805752122626,0,0.01,103.05296508414825
8270,107.45062640972728,5,0.01,105.19290852694752
8271,175.90521300895495,99,0.01,104.94993058678821
8272,197.23469308562744,65,0.01,105.81612463335044
8273,167.19764865436392,67,0.01,106.51140529850086
8274,131.85630085956473,1,0.01,106.2946669141428
8275,194.8779205292339,51,0.01,106.92274207783136
8276,128.8645746468788,147,0.01,106.97806328797222
8277,93.67925216323121,1,0.01,106.81825547697086
8278,-242.46521394249774,0,0.01,103.39492840184329
8279,191.8184942301532,214,0.01,104.43185184297363
8280,12.845901429614855,76,0.01,103.2207749401202
8281,229.22519285884277,212,0.01,104.38614554064661
8282,224.7752689738668,57,0.01,104.54648335660985
8283,174.98030258643993,128,0.01,105.39492739263876
8284,99.14932936840862,118,0.01,104.3967637532803
8285,148.0392812981342,3,0.01,103.86585295614513
8286,208.6424222078927,78,0.01,104.20313908987431
8287,198.6854780015985,101,0.01,105.25861912130974
8288,202.8222110644203,144,0.01,105.35347571085127
8289,112.5934860594405,212,0.01,106.11364862280772
8290,220.00290846495267,86,0.01,106.7966625124808
8291,175.32341360271215,137,0.01,107.59922722809526
8292,216.59275105464081,174,0.01,108.26245631363987
8293,216.91497620188568,2,0.01,112.80300931936654
8294,125.31701957562092,201,0.01,112.91641010663096
8295,122.78751727044934,199,0.01,112.58919076801969
8296,116.5587936052818,3,0.01,112.87357084789097
8297,-510.25441304702576,0,0.01,106.35424055472387
8298,227.95190677575502,65,0.01,108.99910142588058
8299,130.60988855261442,194,0.01,108.9679180275306
8300,182.05307762091422,101,0.01,109.59160121923209
8301,209.49791415636867,117,0.01,110.73515401307564
8302,231.84654074967253,61,0.01,111.40497896877447
8303,136.76145399472173,2,0.01,111.1848440505643
8304,219.74233309724445,108,0.01,111.72727980095988
8305,205.4977934157567,124,0.01,112.38058086389199
8306,110.31086702549528,55,0.01,115.58986180204343
8307,46.183636215264414,130,0.01,114.10211417611723
8308,226.23348849819732,111,0.01,119.39382942952032
8309,123.82279955008684,204,0.01,119.40115294277207
8310,206.4018846069968,95,0.01,119.36966937096163
8311,-200.77400593002915,0,0.01,116.41755342834963
8312,-15.961903355012396,4,0.01,115.078695351839
8313,142.13672437258577,2,0.01,115.5062071236403
8314,-418.0387305632155,0,0.01,109.60909200064017
8315,146.0536956300852,88,0.01,117.52643490368605
8316,215.51061067397967,157,0.01,118.39530003897134
8317,141.13681828766659,99,0.01,118.44050507344348
8318,130.47505866817176,4,0.01,117.48264749506973
8319,148.98944601186585,0,0.01,117.94995942969784
8320,152.39339130784577,153,0.01,118.26765406749172
8321,101.8550190567916,203,0.01,118.17736083927329
8322,171.53473303536828,119,0.01,117.87138538873944
8323,-39.08368399991309,0,0.01,115.55477419757588
8324,219.16716385311403,93,0.01,115.90507097058135
8325,105.16568953789005,2,0.01,115.04972399948554
8326,187.40726718093242,177,0.01,120.87129211987977
8327,135.4819584692945,206,0.01,120.90989476877574
8328,157.92108073500438,187,0.01,121.11319139180334
8329,95.75820561629843,184,0.01,121.02910349683185
8330,214.44284731570934,73,0.01,121.98155331136977
8331,-111.84623034676216,0,0.01,118.5366464446495
8332,16.29596179783698,13,0.01,117.74055947931978
8333,186.32704141449548,125,0.01,118.00980976706491
8334,237.53180291488917,229,0.01,119.18367858204108
8335,-661.3678192814299,0,0.01,111.40979698216863
8336,141.19185823830566,157,0.01,115.19680627640226
8337,118.62948186959905,215,0.01,114.06414533131937
8338,132.53865614835732,68,0.01,113.54117145816065
8339,-287.1045038700408,0,0.01,109.07344003654477
8340,33.472776777925894,40,0.01,108.3862174176556
8341,150.78779169903413,85,0.01,108.23577227279766
8342,226.72424520165285,131,0.01,109.35425244471224
8343,-20.659061663326668,1,0.01,107.86727207064136
8344,209.05841374839736,123,0.01,108.87144145871744
8345,231.14853998308607,110,0.01,108.89623253160306
8346,-233.73699751639512,0,0.01,104.65491366524653
8347,92.08911118772562,224,0.01,105.33230812641892
8348,166.04371853534883,107,0.01,105.36794736062087
8349,133.63017215257867,2,0.01,104.85027461252196
8350,166.99849821843458,128,0.01,105.00762563303914
8351,225.35411219854564,111,0.01,104.9488956985887
8352,-485.89185172849415,0,0.01,99.94581192160732
8353,147.40785975420806,1,0.01,99.72390244171244
8354,157.21276050707633,4,0.01,99.83160987848713
8355,115.73497953325838,2,0.01,99.44441246385908
8356,142.1230376724931,150,0.01,99.37296832771989
8357,239.60358204094723,118,0.01,100.79941533011504
8358,148.90374756130024,100,0.01,100.124443219365
8359,103.77418615629381,181,0.01,99.22652757886075
8360,98.05935025559074,3,0.01,98.49386379406265
8361,173.093000010528,96,0.01,98.43535181460328
8362,130.87224428642588,89,0.01,99.56972250510412
8363,129.9125470778012,77,0.01,99.650103364412
8364,155.49436299850674,63,0.01,99.13948357481462
8365,121.6953448398641,159,0.01,99.1016419871347
8366,193.73570180469136,139,0.01,99.69773668637974
8367,184.2673861391723,64,0.01,99.76210472711793
8368,212.21073774333877,126,0.01,99.82417114324569
8369,1.0340361895126193,51,0.01,106.12256902636709
8370,144.03685864659803,145,0.01,106.48843134873577
8371,-363.90344098595136,0,0.01,101.09034480878674
8372,119.85745721104448,143,0.01,100.31657245004091
8373,168.84681567725107,157,0.01,100.33306412026977
8374,172.31181549014957,212,0.01,100.73761926657563
8375,129.07832352989473,4,0.01,100.07962329658223
8376,92.59343243874667,54,0.01,99.71691187450092
8377,201.75451693587144,126,0.01,100.79766452222731
8378,126.38966840083944,214,0.01,104.48621334566069
8379,-140.478711302673,0,0.01,101.16324129033242
8380,115.04404590746145,104,0.01,102.1852227351109
8381,22.482924862091522,179,0.01,100.11780005514339
8382,99.60802944340581,3,0.01,98.86612765983878
8383,100.40319230974865,61,0.01,98.12035655707184
8384,181.7790495742356,230,0.01,98.94665375913011
8385,168.41537460994533,185,0.01,99.15041469224823
8386,103.97029678977815,90,0.01,98.1036934380671
8387,123.31726223560851,138,0.01,97.3500112804072
8388,219.19530069062358,142,0.01,97.51374217666924
8389,136.62993321770165,3,0.01,97.75410664825185
8390,-301.52433949306635,0,0.01,92.53883416867167
8391,223.3161821042885,110,0.01,93.01876185368742
8392,201.57756402454243,165,0.01,92.86860998338645
8393,184.94821400698703,62,0.01,92.54894236143747
8394,123.65990723593761,208,0.01,92.5323712380406
8395,128.7586195470226,124,0.01,92.59208226080635
8396,143.24590632940163,4,0.01,92.85895338804752
8397,-629.617292065357,0,0.01,91.66532459786421
8398,200.49790419097658,86,0.01,91.39078457201644
8399,151.04422223612738,92,0.01,91.59512790885157
8400,104.85983868058426,90,0.01,90.82319551944828
8401,177.87956397781366,118,0.01,90.5070120176627
8402,4.054768844462625,47,0.01,88.22909429861062
8403,213.97147069547165,5,0.01,89.00119446561811
8404,93.08212347452242,3,0.01,87.7345923693909
8405,110.61740715624457,3,0.01,86.78578850679578
8406,100.51105667647157,166,0.01,86.68779040330556
8407,197.86892471426677,118,0.01,88.20464328829557
8408,226.65993884346827,73,0.01,88.20890779174827
8409,192.3192808578337,149,0.01,88.89387260482573
8410,193.74790125776315,136,0.01,88.7673327713334
8411,228.12207911117275,144,0.01,93.0562936217454
8412,241.89422418567193,110,0.01,95.63485489715225
8413,224.53427284698054,61,0.01,96.45883038189619
8414,185.89571879361378,86,0.01,102.4981748754645
8415,174.5024504829303,218,0.01,102.78266242399295
8416,24.31652630171186,74,0.01,100.87072158027031
8417,237.55408577456723,154,0.01,101.8348942551393
8418,138.0670174841352,137,0.01,101.91081384329893
8419,143.11867499813408,76,0.01,101.85210613316161
8420,130.64091749356913,143,0.01,101.63458139501881
8421,192.68270516995705,159,0.01,102.54285825615047
8422,-328.72321213268395,0,0.01,97.54027880446996
8423,183.24705038672636,67,0.01,99.76358614833636
8424,188.11815618498866,231,0.01,99.4530960716551
8425,144.47949949360725,0,0.01,99.84623417121227
8426,196.2051235135998,167,0.01,99.93421273453896
8427,10.823135131735569,70,0.01,98.68762450116336
8428,219.5510485803406,134,0.01,99.30392417961673
8429,167.82620091299438,181,0.01,100.02460413258368
8430,-30.285873476021862,0,0.01,97.57731692466636
8431,141.86374089946588,147,0.01,100.11441663712866
8432,95.18842625879465,2,0.01,100.90334128173824
8433,24.538436848307867,0,0.01,99.28545523607637
8434,22.760527190957703,216,0.01,97.13774247883704
8435,164.86000969810812,3,0.01,105.40002076863244
8436,95.62329991899404,2,0.01,104.9443351854393
8437,204.78532129909627,98,0.01,105.80589357973427
8438,198.2733024473801,101,0.01,106.46324004272451
8439,179.70261501789392,112,0.01,111.13131123160387
8440,-27.048648012307552,0,0.01,110.52609698370152
8441,94.05149020068569,63,0.01,109.95873396871804
8442,137.50921182471325,222,0.01,109.06658363494864
8443,-215.05940605872058,0,0.01,107.12258019099471
8444,148.65865380505983,1,0.01,106.51858259156134
8445,126.02264258356972,180,0.01,105.46732361756617
8446,175.16537032847896,174,0.01,109.5563472960149
8447,108.8568760562768,137,0.01,109.72402494470042
8448,204.25075631333237,234,0.01,110.10609532248027
8449,216.08794521002133,231,0.01,110.93067305305469
8450,21.67041005477205,21,0.01,109.47739217141809
8451,211.72720016880112,225,0.01,109.34112305112062
8452,176.4208447641963,114,0.01,115.96425001604753
8453,216.40393186204165,51,0.01,116.65421073712585
8454,18.852826740680143,171,0.01,115.27061139946188
8455,234.1758330763252,165,0.01,116.45501993489255
8456,151.01827029395355,161,0.01,116.54397226110717
8457,95.02707623813355,60,0.01,115.09820720307904
8458,184.37569535194496,179,0.01,115.45292668098547
8459,210.0248262078158,68,0.01,116.51543308150069
8460,129.568191465955,160,0.01,116.83052149360434
8461,113.55535177624284,178,0.01,116.23514501126151
8462,179.99075060829125,57,0.01,116.72633007448016
8463,233.55411164262495,77,0.01,117.76274572012836
8464,141.94928140685641,157,0.01,117.62729490421188
8465,114.71523951996959,3,0.01,117.55749385101294
8466,109.01096204502349,96,0.01,116.71024645341626
8467,187.6857697607822,3,0.01,116.74443028963236
8468,111.4273094308104,182,0.01,115.73659600650709
8469,204.71242871335625,196,0.01,117.7733799317455
8470,213.63660471390995,234,0.01,118.46937739241861
8471,-69.15496567862928,0,0.01,121.41686214549183
8472,100.66589987421331,4,0.01,121.22494657212351
8473,184.71316644367766,185,0.01,121.3836100797878
8474,134.8268907840134,1,0.01,121.00876083272644
8475,239.9163463187129,145,0.01,122.11714106061463
8476,192.00185426088382,1,0.01,123.11122527883599
8477,171.80134497964372,203,0.01,122.81169355927372
8478,147.4354305523504,89,0.01,123.02215118078881
8479,184.5908167018861,58,0.01,126.2728464608344
8480,172.4937129668316,215,0.01,126.84734313142813
8481,179.4651599103154,108,0.01,128.41716548191036
8482,-366.5095151121144,0,0.01,123.75599003635516
8483,188.3615115678705,167,0.01,124.6355732289364
8484,222.09753896797298,100,0.01,125.03875812287377
8485,143.88730811455264,175,0.01,124.79347745791982
8486,216.19753344761483,111,0.01,125.91574982449819
8487,180.19714063089026,4,0.01,126.48454860845101
8488,144.01328907575092,4,0.01,125.73272849230227
8489,172.25682091709155,110,0.01,126.08899736929618
8490,239.06589292631674,211,0.01,131.49489969349
8491,237.08166780870562,237,0.01,131.63255455053417
8492,223.50861118175567,57,0.01,131.8518650221063
8493,146.33951740368718,64,0.01,131.46577805607333
8494,114.42073843970414,158,0.01,131.37338636811097
8495,175.29267577860784,166,0.01,131.83872693042684
8496,-264.1971278448091,0,0.01,127.76429658868472
8497,138.70881620505082,4,0.01,135.44755767138884
8498,150.47653041110112,106,0.01,134.94734393359005
8499,171.00935550447318,185,0.01,135.1469952662735
8500,-18.746580784236414,5,0.01,133.9109310716253
8501,205.20986899718912,59,0.01,134.18423412181903
8502,9.31921010584384,43,0.01,134.23687853443286
8503,-300.8138924394298,0,0.01,129.08902490308384
8504,-245.66094753992977,0,0.01,125.70159419293934
8505,126.32981236049233,79,0.01,125.85871824498179
8506,231.66079560320622,4,0.01,127.17021563424916
8507,158.63446882951092,97,0.01,126.7778710754016
8508,208.88983894160748,225,0.01,126.600170076383
8509,108.95512436177171,92,0.01,125.76652851142235
8510,178.02089285207333,4,0.01,125.60925842736548
8511,201.32103516112426,112,0.01,125.34124798786499
8512,95.03957361137093,80,0.01,123.872701482122
8513,31.23921763708603,0,0.01,121.93975093002304
8514,129.60344858882377,109,0.01,121.37682822797515
8515,210.04852863013002,132,0.01,121.73228900944713
8516,-284.43074708320484,0,0.01,118.64481627559798
8517,167.99676644452225,235,0.01,117.94924308229751
8518,179.5507199186992,81,0.01,118.36408010664316
8519,105.17532729597707,111,0.01,117.98464662962161
8520,161.01844071698036,210,0.01,118.2884218618557
8521,241.5019832766328,81,0.01,118.77661464292245
8522,209.98988047847848,76,0.01,124.16374556903408
8523,212.30765436109735,155,0.01,124.45435160877776
8524,136.75033262032468,216,0.01,123.94067337313112
8525,135.12069012256666,66,0.01,123.84708527942071
8526,201.5420780551441,219,0.01,123.90045482483617
8527,195.01722916292132,59,0.01,125.74239576514803
8528,200.62830843640043,147,0.01,125.55316836370862
8529,175.2924846903361,154,0.01,125.62783120148204
8530,-693.7013473852212,0,0.01,118.99367646239007
8531,196.59375119577737,97,0.01,119.54097656535319
8532,127.14245022819338,221,0.01,119.86051680504717
8533,2.8765450737398517,24,0.01,119.64389788730146
8534,-270.76169641617076,0,0.01,116.70867565123018
8535,214.5563463540695,167,0.01,117.20563901778978
8536,177.60128352889143,97,0.01,118.02541885388875
8537,228.15631303867912,196,0.01,118.25912877128458
8538,-239.7505707632493,0,0.01,113.8788900391783
8539,242.16705005680194,177,0.01,114.50353438956738
8540,228.50154810998535,225,0.01,117.05903635079031
8541,214.63533192299087,93,0.01,118.26487476801336
8542,96.66612030018443,164,0.01,117.85644385276808
8543,226.66714731449514,118,0.01,122.27370938650023
8544,155.63231042181903,139,0.01,122.34344595266782
8545,214.78586512195045,70,0.01,123.23107817805163
8546,-149.90522674980707,0,0.01,119.98037220726877
8547,161.48431220187916,165,0.01,120.5066465687248
8548,181.67309225073768,100,0.01,120.28086992809885
8549,182.34968081790646,119,0.01,119.94348728417772
8550,175.66478703333973,191,0.01,121.48343105396337
8551,178.73328351048883,69,0.01,121.15349188738026
8552,191.459682891441,70,0.01,121.3038802686527
8553,132.54977625228,213,0.01,120.4653387125551
8554,113.83664910525269,216,0.01,121.41517693620082
8555,217.23354209889516,200,0.01,121.24575402642652
8556,207.54540195425466,203,0.01,121.81102534302953
8557,10.323912895608203,197,0.01,120.96399370960427
8558,109.48790162690773,2,0.01,120.2151157723539
8559,155.33173575052814,242,0.01,119.66818486778102
8560,-263.8507142913993,0,0.01,115.73399581020749
8561,108.49507908432125,4,0.01,115.68339308328827
8562,144.53944583538993,192,0.01,115.32888003555927
8563,128.86934268970884,54,0.01,114.28203234603008
8564,128.02202357417565,140,0.01,114.14275976770328
8565,195.38066215324528,58,0.01,114.94941399403606
8566,133.71444761262802,111,0.01,115.19644884971211
8567,164.40234575538665,82,0.01,114.96361460965817
8568,110.45124492058095,122,0.01,114.95385396455588
8569,109.57387856809169,201,0.01,114.0024684631032
8570,220.51716528047103,128,0.01,114.07127406876882
8571,228.40059236093555,227,0.01,117.04682964916445
8572,177.5293568722186,126,0.01,117.8154642191445
8573,158.22050750313545,154,0.01,117.55053762973908
8574,193.96164447091724,194,0.01,118.14188516660813
8575,214.08071500653216,76,0.01,117.88352885348633
8576,196.70877710457603,231,0.01,117.93059808192325
8577,135.24216354658512,220,0.01,117.56500626759265
8578,167.64570240087698,167,0.01,117.76710898607793
8579,100.00486125094196,4,0.01,116.92124943156848
8580,152.79978477732527,113,0.01,116.72431014967344
8581,163.72816176368008,197,0.01,116.56694016820707
8582,245.10887614827925,149,0.01,122.683124080811
8583,234.82585536564454,151,0.01,123.14776751878875
8584,33.3861854484166,141,0.01,121.26065398359316
8585,227.8626395519533,84,0.01,122.10040729796718
8586,230.71472372086527,141,0.01,122.24557920069967
8587,207.31559357087463,150,0.01,122.51676373009951
8588,184.78020855456995,236,0.01,122.9244329248877
8589,114.07214187091762,214,0.01,122.34258613442597
8590,210.58795061892354,154,0.01,122.05780671135204
8591,166.85007935442775,77,0.01,121.35549082680927
8592,232.77404146712593,208,0.01,121.44814512966298
8593,108.77370801906444,3,0.01,121.07248703581672
8594,-383.8636377746898,0,0.01,116.08964327367279
8595,158.59522433359845,206,0.01,115.9226687592227
8596,101.48087010080233,3,0.01,119.57944873867882
8597,188.1090669701401,97,0.01,120.0734512463297
8598,195.52609367929017,147,0.01,120.5239468790116
8599,213.6845239137204,162,0.01,120.95069856310407
8600,196.8210940063931,52,0.01,123.10637531101038
8601,152.6624830651656,64,0.01,122.58090145169014
8602,226.56516359520003,70,0.01,124.75336098658369
8603,246.9406693593661,68,0.01,130.23090660457166
8604,208.28513911828355,54,0.01,134.77036747115378
8605,-1.574409169885909,38,0.01,133.49132525585003
8606,227.58978135827442,0,0.01,133.45061511340072
8607,-312.9849333887389,0,0.01,128.73442109121822
8608,155.61886037508512,120,0.01,128.20171130555298
8609,127.3811909002679,1,0.01,128.38597197093793
8610,120.70740410288766,66,0.01,127.81283708344607
8611,112.84244936391886,4,0.01,126.92805122547402
8612,208.3871820444596,164,0.01,128.06152730980492
8613,182.93534600292546,53,0.01,129.5784885934633
8614,101.58677438622331,1,0.01,129.29832185143732
8615,-39.63467259674047,0,0.01,126.80148983916861
8616,155.25586261815673,84,0.01,131.19835593618222
8617,157.34899571715192,223,0.01,131.0918782289085
8618,147.13206814990883,2,0.01,130.7676917112206
8619,114.1763173257087,3,0.01,130.8577016115179
8620,226.14147809246307,63,0.01,131.50893198527274
8621,109.80359377555341,146,0.01,130.19194809026197
8622,163.33989369072148,156,0.01,129.72544822238441
8623,108.67421181730117,207,0.01,128.68911379694643
8624,249.47606826311178,206,0.01,129.8163711533743
8625,131.0688259453909,176,0.01,129.77585251160252
8626,-452.2539524647274,0,0.01,123.23789220640381
8627,135.27979734749104,176,0.01,122.64051788824955
8628,188.44630456540955,143,0.01,122.51869784953962
8629,191.41938616482133,207,0.01,122.6799668642845
8630,227.44960058366541,91,0.01,131.89147634397332
8631,199.2671276280352,203,0.01,131.9182101082959
8632,133.34400540389998,4,0.01,131.98022566005298
8633,194.82338018004714,70,0.01,133.89969401111605
8634,112.65831885115506,184,0.01,137.7338941637893
8635,240.24820876858735,57,0.01,137.9908127879345
8636,165.2997530159177,232,0.01,137.86779748280475
8637,165.4452714486053,165,0.01,137.240687066904
8638,146.90638156546044,148,0.01,141.1072565901911
8639,201.7554540709205,238,0.01,140.70314063033229
8640,226.4219543306932,2,0.01,140.68234469253935
8641,215.26806065883451,168,0.01,140.6886719798978
8642,98.63278404916682,97,0.01,140.70833861738762
8643,120.48357890900174,81,0.01,139.6465029333327
8644,186.57966520435872,61,0.01,139.95597648115807
8645,152.28319134377364,216,0.01,139.33094974337632
8646,-685.3541026291929,0,0.01,133.97646098458245
8647,232.86994588295266,128,0.01,134.69031732139317
8648,-139.94735964566848,0,0.01,131.47411280242912
8649,194.03605174432232,3,0.01,131.59097651169327
8650,236.68779941071767,110,0.01,132.2012066354671
8651,140.8754263307985,122,0.01,131.82262806367015
8652,204.59631711832836,231,0.01,131.95399440593906
8653,104.59417811512279,3,0.01,131.67443842456748
8654,197.9034510008695,103,0.01,132.51510644352365
8655,219.9987859559251,193,0.01,132.54275888209395
8656,199.940022572791,232,0.01,132.4667050882793
8657,248.01262146770824,195,0.01,134.8435921740003
8658,143.679968964284,162,0.01,135.18551284737407
8659,245.21362739579092,103,0.01,136.0843317638267
8660,144.70122290430658,59,0.01,140.16985113578374
8661,-699.3791391279364,0,0.01,132.0911089536612
8662,106.18544968658396,211,0.01,131.70756899217312
8663,110.84711090665083,125,0.01,131.52734667434254
8664,157.79523742667237,124,0.01,131.82507881286747
8665,122.64218013241717,73,0.01,131.09769399265923
8666,172.10694888006083,148,0.01,131.48161900533353
8667,36.439465736774025,233,0.01,130.2019902051474
8668,114.96154948304914,0,0.01,130.2470932507721
8669,-104.1838620215068,0,0.01,128.1095158448761
8670,142.15045570446588,4,0.01,127.32584874911606
8671,180.11390631992248,107,0.01,126.84298188870592
8672,105.55238946347082,5,0.01,126.12321221461848
8673,152.05342390087537,129,0.01,126.06154137859589
8674,141.63144667206396,121,0.01,125.53823940060734
8675,127.12428838057079,153,0.01,124.66867513434772
8676,127.25173212328103,231,0.01,123.97410468453477
8677,165.5183458074515,137,0.01,124.27686650714344
8678,2.658957504068553,215,0.01,122.62699905817536
8679,228.1966815603418,97,0.01,123.90891726126934
8680,137.3523950493891,248,0.01,123.75444336398998
8681,214.7367657299218,151,0.01,124.26452940365239
8682,134.1365465753006,143,0.01,123.15480610792261
8683,155.68686328646646,70,0.01,122.36341618713082
8684,-197.84653299798833,0,0.01,120.0510890026668
8685,234.81155737430137,145,0.01,120.12057818089026
8686,204.824687766891,79,0.01,119.86167782135053
8687,250.27534261079413,108,0.01,120.29127531174973
8688,51.69641389297607,97,0.01,118.9604373651338
8689,140.97817793777068,197,0.01,119.2294977258023
8690,162.33088612614412,250,0.01,118.74692708087451
8691,-208.0832810307858,0,0.01,114.99759347702238
8692,224.0363770047548,237,0.01,114.91021683239869
8693,250.85043976581267,179,0.01,116.33098414986617
8694,213.0632693973546,217,0.01,122.30025322158662
8695,126.33877813607127,148,0.01,121.97768875961133
8696,245.36933756198164,198,0.01,123.41657343422314
8697,31.681317232535093,169,0.01,121.85229593684706
8698,240.1622956143953,145,0.01,122.29865795619811
8699,124.06971049585006,186,0.01,121.40250982201943
8700,108.79302695384946,91,0.01,120.52222915149399
8701,102.3306932557584,5,0.01,120.0189112533999
8702,217.21245236453353,86,0.01,119.92538414109328
8703,241.51526752906398,120,0.01,119.87113012279023
8704,230.06406795616937,135,0.01,120.0889194111691
8705,227.99024760443217,101,0.01,122.38456597891226
8706,241.9544843671714,223,0.01,122.52821300900123
8707,239.11595063535583,149,0.01,128.04922184924217
8708,-200.82693489934564,0,0.01,124.48476389649788
8709,233.96012223125166,168,0.01,125.55055320980772
8710,143.50539033511527,4,0.01,125.77853307212997
8711,179.23755774299158,61,0.01,126.44248415592072
8712,153.35857086993357,82,0.01,125.89219804417546
8713,-223.92492075240875,0,0.01,121.82359537662212
8714,154.21308561712965,85,0.01,122.34985848893116
8715,228.81182729626812,140,0.01,125.03432348786126
8716,-601.0536931421485,0,0.01,117.47122793025821
8717,220.05076531258902,140,0.01,118.09824562621257
8718,111.08270839848166,177,0.01,117.73775202869831
8719,137.3853473860581,2,0.01,117.96984232930181
8720,194.15870991146343,131,0.01,117.65001464749183
8721,166.0915168518494,143,0.01,118.21289387825476
8722,195.54721100006395,3,0.01,118.53496705134819
8723,-689.015193321295,0,0.01,110.55807299996223
8724,127.39701676011163,88,0.01,109.33728248493222
8725,253.063968786094,181,0.01,110.55723391333926
8726,164.9003777984465,173,0.01,116.72877721597101
8727,180.90357873140908,250,0.01,117.18501502981019
8728,218.52294053891637,99,0.01,117.48578138954525
8729,205.44627013087597,86,0.01,117.62605022920582
8730,243.25595274690144,245,0.01,117.78411375083815
8731,-303.32286589781665,0,0.01,112.75821381557962
8732,133.76976212347313,139,0.01,112.76247138277535
8733,125.55808756540071,198,0.01,112.06981845662891
8734,110.13884328901733,2,0.01,112.04462370100754
8735,-541.4688051970143,0,0.01,104.22745356135151
8736,-210.0122795598034,0,0.01,100.47433323559432
8737,111.45071164254824,136,0.01,99.93438763753373
8738,148.45747430638085,107,0.01,99.9498985649429
8739,113.88892619693095,166,0.01,99.07123328620303
8740,151.2090157536053,161,0.01,98.31910390043217
8741,118.17990139882708,224,0.01,97.34822230783207
8742,223.98763422598955,166,0.01,98.60177080960031
8743,218.69001735460742,115,0.01,99.58383519405638
8744,225.22687721098544,157,0.01,99.97030731412264
8745,110.89008546134039,1,0.01,99.5563762552983
8746,219.75105191562142,233,0.01,108.60742780074642
8747,132.30011601207207,186,0.01,107.60172950203763
8748,192.39099543997037,151,0.01,110.92511305289399
8749,-231.91833574203488,0,0.01,106.66556917803042
8750,235.4769718630347,136,0.01,106.6534609025536
8751,-593.646385736631,0,0.01,99.30824278187929
8752,192.28354031374585,114,0.01,99.18511501383347
8753,221.7558659940119,220,0.01,100.35673189262238
8754,236.94858678496036,128,0.01,100.74718325046328
8755,215.88944966099518,72,0.01,100.70608988751397
8756,210.8326298156855,137,0.01,100.81501595994294
8757,226.0148717673339,95,0.01,100.59503846293921
8758,169.32731049675303,65,0.01,100.8515118782639
8759,1.7474721874932015,1,0.01,98.41685032618093
8760,167.9582924561882,55,0.01,98.64942102169972
8761,227.6763060579697,235,0.01,107.9199754735588
8762,-96.81320106448925,0,0.01,105.88998896604804
8763,119.2706227783577,4,0.01,105.97422408476513
8764,191.52707767857368,1,0.01,106.31154248728413
8765,201.48771686926136,152,0.01,107.09999785465257
8766,179.065821841844,74,0.01,107.16958658427042
8767,216.60533557404267,93,0.01,108.97124528264308
8768,186.98607551932068,123,0.01,109.6914905430058
8769,139.5075963078023,191,0.01,112.12840512629887
8770,-196.28519655500077,0,0.01,108.74404860370421
8771,-486.5458309519402,0,0.01,102.07745123098559
8772,133.0429585676075,136,0.01,102.352356922027
8773,162.2075775987311,238,0.01,102.45389845900553
8774,214.8862765224156,78,0.01,103.18644675750906
8775,-309.22852014793784,0,0.01,98.82291867222395
8776,-345.1743993698865,0,0.01,94.09865735729228
8777,140.69973232002894,0,0.01,93.85047122241804
8778,-191.48328197037824,0,0.01,91.90904882767362
8779,137.7208695800573,2,0.01,91.00429070787075
8780,119.16697957722518,72,0.01,90.82243655314909
8781,221.00019344336476,87,0.01,90.88507083028351
8782,193.99190902606415,243,0.01,91.48362445479118
8783,139.93459952559158,127,0.01,91.32610181718242
8784,191.1020653451717,110,0.01,95.21558780061403
8785,161.36696064621106,76,0.01,94.48114183333315
8786,172.65519321706813,226,0.01,94.15944688783489
8787,173.58642518738435,138,0.01,93.3925577136008
8788,137.3463685959852,168,0.01,94.24905726063088
8789,244.532180972726,75,0.01,95.28459729098044
8790,204.57954285978715,139,0.01,95.70708385831688
8791,254.50280935549762,231,0.01,100.33294476217971
8792,200.79781472647653,67,0.01,100.1005591393969
8793,216.67949885555282,57,0.01,99.7588497302943
8794,146.23655161256477,124,0.01,99.0905825524464
8795,183.0908469899634,87,0.01,99.65810324098534
8796,160.54612347266803,76,0.01,98.80987110009221
8797,194.98737493015585,110,0.01,100.44293167706843
8798,40.852172352930445,47,0.01,98.44983044445377
8799,173.13306005198194,234,0.01,98.94046394001506
8800,102.07222936830067,3,0.01,98.87325596415958
8801,203.78717332552563,166,0.01,99.88782076485727
8802,219.2206467770535,207,0.01,99.90790270898248
8803,118.40203893189955,60,0.01,98.67677042301082
8804,189.15039866234758,189,0.01,98.26763373007262
8805,256.3838464098111,164,0.01,98.55156971812639
8806,221.30077330178236,93,0.01,98.34503260747252
8807,125.01242170248489,219,0.01,97.20399731814379
8808,181.8234278027327,104,0.01,101.03050094516456
8809,227.2364449558673,130,0.01,100.9632641724107
8810,168.2865398905156,65,0.01,101.21107566796474
8811,243.7376503357848,121,0.01,101.85607659389268
8812,4.213631485446882,236,0.01,100.36462720004782
8813,-7.717926131161832,42,0.01,102.52669714626029
8814,-259.11388052402543,0,0.01,98.39342748484873
8815,-179.91100659981544,0,0.01,94.30619914588789
8816,154.94836706149138,174,0.01,101.86621974792429
8817,101.89945555894225,3,0.01,100.68470665038781
8818,130.4171204253342,1,0.01,100.87805077065636
8819,136.3181591198633,105,0.01,100.86737888799438
8820,115.96539122266687,176,0.01,100.08544570110644
8821,175.38761495869903,171,0.01,100.17840668217494
8822,111.36810694721179,71,0.01,99.3366156416464
8823,185.32548938688313,105,0.01,108.0800224687282
8824,27.107747838285036,223,0.01,107.07712977950992
8825,227.21947088232923,3,0.01,106.81868480047227
8826,21.53920997067746,198,0.01,105.38507312219457
8827,145.22250959479476,153,0.01,105.02826243082845
8828,142.1373066022555,4,0.01,104.26440609146182
8829,158.1834500534532,119,0.01,103.79177789068758
8830,192.4784887874888,168,0.01,103.28400325109347
8831,184.17501995001996,90,0.01,108.15898210957184
8832,234.74599584619082,133,0.01,109.16874444679902
8833,225.42384276600626,57,0.01,110.16740199880508
8834,216.52138626035753,120,0.01,111.23122742851848
8835,248.11307627616108,233,0.01,119.12704624325022
8836,254.34547216589937,125,0.01,123.77062376050725
8837,245.83757216999118,67,0.01,125.11449236578169
8838,160.04099225403343,61,0.01,125.23032754525819
8839,126.6248234421866,82,0.01,125.35768651771077
8840,123.39554397644704,227,0.01,125.07955179993918
8841,243.51968567123913,202,0.01,126.33294964266332
8842,202.7540541439395,112,0.01,126.12061384184281
8843,104.40154477772604,1,0.01,124.97772911607399
8844,-302.53491748145854,0,0.01,119.70011116914954
8845,142.10189336460272,1,0.01,120.01222924818218
8846,241.63670143947655,171,0.01,120.23108574342072
8847,159.64268680269245,108,0.01,120.50451145132692
8848,-585.7226239598033,0,0.01,112.72337525732917
8849,235.64188623435047,132,0.01,117.39897747709303
8850,-251.78485759499796,0,0.01,112.52635918251273
8851,-106.90862720455311,0,0.01,117.3937367678335
8852,242.1226404122737,123,0.01,117.8921277688188
8853,186.33086807161692,64,0.01,117.53787778959482
8854,229.47271908246887,202,0.01,117.46311911256991
8855,136.63538197942253,69,0.01,116.67057843575418
8856,122.13662547118956,154,0.01,115.78361839230924
8857,6.527148215189982,151,0.01,113.58874115678778
8858,107.05718907650815,3,0.01,112.96603994258533
8859,247.824183550245,147,0.01,115.42680705621285
8860,129.11216043519855,250,0.01,115.03834573600295
8861,254.65644895933357,100,0.01,115.30814716501659
8862,-227.85711032036988,0,0.01,113.99770807245778
8863,258.25375762630244,204,0.01,115.38753942093723
8864,245.0947391020523,198,0.01,115.92321603517203
8865,116.24674837481412,1,0.01,115.07080635022754
8866,122.25740356059691,246,0.01,114.5027221674151
8867,191.17331588663203,218,0.01,114.24840197054098
8868,132.088606638664,181,0.01,113.6994272817344
8869,126.00519448585088,3,0.01,113.56440326351492
8870,149.49394729009833,109,0.01,117.02219470196592
8871,136.1291002903009,2,0.01,123.24894401438833
8872,194.70643258054417,99,0.01,123.86557875451768
8873,138.7126378352785,142,0.01,123.63062935688316
8874,-490.7480374262998,0,0.01,116.57428621739601
8875,221.0053488442871,206,0.01,121.87662490731823
8876,164.89145415076877,125,0.01,126.97728344252481
8877,132.24423815783052,91,0.01,126.89272850090282
8878,240.45915163046368,113,0.01,131.21215283691126
8879,140.22056857340218,74,0.01,131.2371498268447
8880,43.13435294985249,35,0.01,130.47682356057095
8881,5.434443214413051,249,0.01,128.32116605828145
8882,256.3136685083705,164,0.01,128.9443836531045
8883,231.2277910396719,115,0.01,129.8573155682453
8884,-306.02939842412786,0,0.01,124.88600093055231
8885,232.58607531956193,174,0.01,125.5981920772858
8886,134.1478055244867,1,0.01,125.21311820035999
8887,233.95969133953918,250,0.01,125.81685086188153
8888,149.78420330076352,218,0.01,125.94122920892933
8889,227.05443567359492,136,0.01,125.76645175593802
8890,249.73010115844716,230,0.01,126.21795733892465
8891,214.57411243872303,195,0.01,125.81867036975687
8892,183.36175251465872,79,0.01,125.64430974763869
8893,107.66793653619725,151,0.01,124.55419412444515
8894,254.38911190676362,220,0.01,125.63571972738711
8895,234.3303660216767,68,0.01,126.14811491770426
8896,200.9994504884138,239,0.01,126.55264818786173
8897,141.3966931039721,146,0.01,126.0167413695999
8898,221.48466362647252,98,0.01,127.82306628233529
8899,199.77930171590592,157,0.01,128.08952869897453
8900,160.12219923771383,64,0.01,128.67002839766866
8901,110.17317612454598,117,0.01,127.73388842565888
8902,187.0876614231687,193,0.01,127.41255857212003
8903,185.55763041893178,3,0.01,128.08411448699036
8904,165.8484219444985,59,0.01,127.85109471981187
8905,-320.89260339743686,0,0.01,122.07833022173939
8906,-222.89315231885482,0,0.01,117.63639096553301
8907,241.0042499911873,211,0.01,118.79630924842002
8908,-210.18165715831898,0,0.01,114.87625839880951
8909,45.95144225357607,10,0.01,113.06340837178661
8910,141.07558160359378,178,0.01,112.79129878891737
8911,253.00324030877107,209,0.01,112.88395468864726
8912,159.30494501069393,142,0.01,114.43486782389974
8913,234.33502538305632,179,0.01,116.85539733904191
8914,204.55937252918002,152,0.01,121.49212986957394
8915,208.23256084710994,64,0.01,125.37356554404319
8916,247.80099752647533,225,0.01,126.30209184869305
8917,227.27288327256514,216,0.01,127.55582612582928
8918,200.29273242953352,3,0.01,128.25458224587126
8919,241.58697993134126,59,0.01,129.30727045398604
8920,120.84103771799036,117,0.01,129.35602691893925
8921,104.30488241017179,1,0.01,128.645199593454
8922,245.25359019636795,226,0.01,129.98405442594554
8923,152.96163638053918,149,0.01,129.66041589588212
8924,221.56167388225532,96,0.01,131.60495515632184
8925,-108.23072906741288,0,0.01,128.2504531568244
8926,179.65659778096506,142,0.01,129.8316270349273
8927,105.77995298255053,142,0.01,129.43720146880486
8928,210.8571936273766,179,0.01,130.12440033905605
8929,259.8095529668492,224,0.01,131.14066136819002
8930,168.14160728556982,130,0.01,130.89729255317081
8931,232.29568643304864,141,0.01,131.3784992180011
8932,251.33726469460555,68,0.01,131.54441190648527
8933,23.374256226892328,250,0.01,129.52391604109414
8934,126.24075175578122,2,0.01,128.62110969604836
8935,190.20563753537402,98,0.01,128.0420353086405
8936,29.2115188856082,76,0.01,125.79069577583756
8937,225.33664115309108,104,0.01,125.58568646566854
8938,-271.44815913833526,0,0.01,121.27079495174489
8939,226.03842952447772,191,0.01,122.2649310125678
8940,232.12971070319117,193,0.01,123.35227267983527
8941,248.86011217316883,108,0.01,123.40567694485453
8942,122.04408805140952,246,0.01,122.59857728392925
8943,176.02550499025168,231,0.01,123.31481688605449
8944,111.10186662122898,82,0.01,127.45118472708134
8945,207.86208905597022,177,0.01,128.10878668399505
8946,239.3108217046218,77,0.01,128.0855278866465
8947,151.58741318817462,228,0.01,128.0049751505013
8948,245.76346003058552,59,0.01,136.31983599040518
8949,-99.00724723399458,0,0.01,132.97334465572175
8950,165.32997465784024,65,0.01,137.14449297825013
8951,206.6866812905775,74,0.01,140.28044606320148
8952,106.39354941353062,3,0.01,138.923155153214
8953,143.02027199556352,222,0.01,138.49004919245348
8954,234.78393647008812,217,0.01,138.54316136632968
8955,-561.1573520475189,0,0.01,131.56523402606027
8956,216.41767348559372,97,0.01,132.5080445062043
8957,44.849186601969336,142,0.01,132.89126489007208
8958,176.77372161514467,102,0.01,133.58843021545846
8959,194.05467553369596,196,0.01,133.05073513529297
8960,-382.45779595817777,0,0.01,127.93503557135921
8961,-563.1116968791945,0,0.01,119.75735411297393
8962,205.5928692816619,3,0.01,124.09185390899425
8963,146.66299470478975,1,0.01,122.97594627977911
8964,139.29682814503326,151,0.01,121.91796717020893
8965,244.63714779756899,250,0.01,123.20187116443647
8966,244.44296826129482,69,0.01,124.42372681144347
8967,216.49480060671956,109,0.01,124.67694165864434
8968,40.52743195245063,0,0.01,123.76132991178218
8969,119.49121282236965,186,0.01,123.69619009514737
8970,182.7379295966761,105,0.01,124.02862991821316
8971,195.77710296429143,110,0.01,124.62510994495307
8972,252.39020540568836,203,0.01,125.20194767320453
8973,223.56257606922844,198,0.01,126.05044705554404
8974,144.15711090196112,2,0.01,132.39949853882663
8975,149.77837477908832,203,0.01,131.68722879817466
8976,164.19714785091827,221,0.01,131.68028573517614
8977,134.3341612828704,226,0.01,131.70118496642655
8978,196.52552885227794,87,0.01,131.2618487386447
8979,133.79693537800046,159,0.01,131.19761240669067
8980,210.76651186761418,2,0.01,132.87393399586827
8981,160.0121831648496,4,0.01,134.41971139537264
8982,217.6358211355547,139,0.01,134.0329329216445
8983,137.35537076466707,194,0.01,133.09420871889444
8984,168.51396049605967,81,0.01,137.83964230809633
8985,238.9796464685291,86,0.01,137.903578019586
8986,4.363652395968225,26,0.01,136.6057364883008
8987,211.78377245389643,246,0.01,136.38397729944438
8988,176.0465405914855,108,0.01,136.64660067235158
8989,-154.13587589626945,0,0.01,132.83469755665294
8990,114.87890824363019,3,0.01,131.48618562750477
8991,236.75892327443069,72,0.01,131.70803373586185
8992,105.0380721702048,130,0.01,130.9247969324173
8993,238.23374273503538,183,0.01,132.23045499440568
8994,111.88809038957694,148,0.01,130.8054447792338
8995,204.90241482698912,198,0.01,130.51116526728694
8996,220.58963123521534,129,0.01,130.70706707475497
8997,237.84065987038824,127,0.01,131.67150674241913
8998,223.2407069622414,108,0.01,131.6890671757768
8999,171.92177033371007,218,0.01,131.41049186195485
9000,222.42644323446115,78,0.01,132.03353430192234
9001,-13.015627209007363,0,0.01,130.80164626858678
9002,176.74046597612642,139,0.01,130.69817431411636
9003,128.75463757550114,121,0.01,130.13014438568206
9004,264.0651872646117,104,0.01,131.1123120388832
9005,213.1616071338372,227,0.01,136.45285414419592
9006,7.084290156441341,118,0.01,138.7526285689489
9007,150.5388583527565,132,0.01,137.8479746525646
9008,-474.4052900276754,0,0.01,135.20573832387103
9009,120.24784145314015,72,0.01,135.94870231586665
9010,232.31060302209204,85,0.01,136.86105253005164
9011,167.10476469981032,237,0.01,136.00206777396204
9012,174.33350300092644,74,0.01,136.15235335386436
9013,-56.74837310035096,0,0.01,133.24151936903027
9014,137.94210748265488,196,0.01,132.57534671856504
9015,215.72036210595465,250,0.01,132.6502247311535
9016,116.73200556715862,1,0.01,131.33953481156033
9017,-179.50722314808138,0,0.01,127.27173374735386
9018,260.83161816116336,111,0.01,127.87712260467015
9019,-595.7981401566694,0,0.01,119.50327140379005
9020,219.30235547688883,146,0.01,120.48788458137906
9021,171.64062498852076,5,0.01,121.16124200716254
9022,143.92739199946104,3,0.01,120.14798002519345
9023,146.270937857766,203,0.01,120.08107303996572
9024,113.89053960181154,4,0.01,119.00436169716126
9025,241.59769496505103,60,0.01,122.50264593748591
9026,203.64751420041677,143,0.01,122.74255510168041
9027,112.1372855962089,4,0.01,122.806128427817
9028,237.07460781783158,92,0.01,123.06830256972154
9029,201.90431454978983,205,0.01,122.48925018555096
9030,239.23846871796331,126,0.01,123.20021879987489
9031,-299.85579418973737,0,0.01,117.87870399364701
9032,256.82341604574333,154,0.01,117.93356550715842
9033,115.68084150330033,0,0.01,118.85663135992252
9034,243.87737003209207,188,0.01,120.03299754268562
9035,245.1467973493185,2,0.01,120.58240914082506
9036,209.29495893140427,93,0.01,122.38324354128302
9037,225.27161004937386,99,0.01,122.38259323024586
9038,201.1576860040763,193,0.01,127.10865168166997
9039,216.50204394739626,128,0.01,127.01328782589917
9040,220.71647337291424,71,0.01,126.89915545259639
9041,255.43469903662344,250,0.01,126.96490132123091
9042,151.83017320507398,85,0.01,127.26276217276757
9043,255.14852195256864,5,0.01,128.05399234239076
9044,124.48783454159751,163,0.01,128.18785202159444
9045,146.56300186345743,250,0.01,127.5748611496693
9046,202.3084501435464,196,0.01,127.20483743405856
9047,108.63288518904378,183,0.01,126.77529215406723
9048,186.15766539743157,124,0.01,126.17923420773572
9049,184.9774633732346,244,0.01,129.019081313808
9050,48.37346138004949,87,0.01,127.84951618103007
9051,59.139165763824906,221,0.01,126.37404102576255
9052,155.30300421755288,4,0.01,126.86313557380278
9053,259.48103433467037,5,0.01,128.02774319719384
9054,237.2395913030204,91,0.01,128.05229974552316
9055,253.4853210059817,76,0.01,136.19872647605817
9056,153.67085641725953,51,0.01,135.57125830537484
9057,166.88553069623228,89,0.01,136.79162174631745
9058,181.9298346303479,250,0.01,136.84318287646948
9059,187.34767707826887,172,0.01,136.7761128919152
9060,137.93422404246647,4,0.01,141.98003309192165
9061,218.1435381362665,250,0.01,149.7925854420763
9062,155.9751713512154,71,0.01,149.2964084627718
9063,123.79792147832232,220,0.01,149.06775773050714
9064,151.79676662861564,104,0.01,149.19275711534297
9065,126.73637394585633,181,0.01,148.01374937682584
9066,258.9897271069992,193,0.01,148.15921696528287
9067,-485.6042806326361,0,0.01,141.1382261528893
9068,251.42349266438188,103,0.01,143.24718676000862
9069,217.96420929825268,78,0.01,144.23191672476744
9070,175.1556956564254,97,0.01,144.15609438536495
9071,242.7920425670252,146,0.01,144.6262437813923
9072,140.97252791087493,3,0.01,143.51206700644417
9073,138.11930041241305,1,0.01,142.657634249876
9074,253.71189273402135,203,0.01,143.7531820681966
9075,169.2795675145558,195,0.01,143.9481939955513
9076,-249.2532073688957,0,0.01,139.81369044335312
9077,145.5543547592165,1,0.01,139.9258923781166
9078,229.81922942846052,222,0.01,140.2588293838784
9079,127.80718744408648,180,0.01,140.19893190453928
9080,204.3361894514136,94,0.01,140.1346286803773
9081,253.1269909311912,107,0.01,141.06577675804067
9082,165.47798019513763,109,0.01,140.5441983486365
9083,204.0683404102687,122,0.01,141.21132804509253
9084,239.15635283019446,1,0.01,141.9177519684339
9085,-598.4816256219196,0,0.01,133.54313924752938
9086,-488.7081247543552,0,0.01,128.61242147602616
9087,137.97555615482318,239,0.01,127.87433931303542
9088,117.42294133905887,3,0.01,127.28810332051114
9089,247.2868048684469,86,0.01,131.30233012815833
9090,257.3665520735982,200,0.01,132.727206566458
9091,192.76621917938004,3,0.01,132.2872795255075
9092,163.02619840227555,57,0.01,132.86716078782823
9093,254.86737869685527,178,0.01,133.03349714744644
9094,203.97623351822392,132,0.01,133.9543785787329
9095,112.15064392304234,210,0.01,133.02686086969342
9096,-403.22435346200353,0,0.01,126.78872102272123
9097,-369.52000017561016,0,0.01,120.71511442226125
9098,244.5515000046451,189,0.01,120.9282223526853
9099,-200.93185194622703,0,0.01,117.19968612988592
9100,118.06543793718615,117,0.01,116.15607607691318
9101,111.88296150590338,2,0.01,117.40506196406228
9102,241.56242733275963,88,0.01,118.05328157762862
9103,30.29784433762171,155,0.01,117.06871364524982
9104,235.43062556882535,89,0.01,116.78236802829197
9105,255.3373205857069,76,0.01,117.20412516281066
9106,249.52421841300315,110,0.01,119.62852444537629
9107,259.7483226740659,2,0.01,120.72061908858936
9108,223.21709476720935,141,0.01,127.69684293653819
9109,-195.53372904792246,0,0.01,124.5390272315276
9110,-357.7173364524432,0,0.01,118.63874783678224
9111,115.19184698383329,250,0.01,118.11961865962246
9112,121.91041456639795,161,0.01,117.59538777527717
9113,242.02417960960378,130,0.01,120.58311330237672
9114,256.02554914781365,83,0.01,121.7639477190283
9115,267.03080467353607,180,0.01,122.2770521447041
9116,185.84018019862845,250,0.01,122.96813389101881
9117,177.53843792692837,140,0.01,126.53859050176892
9118,164.3380583076522,118,0.01,125.57365490323382
9119,201.09640483004512,66,0.01,133.54260035310097
9120,192.71451891381162,250,0.01,133.27672198747018
9121,187.93684350989867,147,0.01,133.43968417268397
9122,-205.42907108612127,0,0.01,129.94611954182812
9123,149.41521478818117,1,0.01,129.97756231113232
9124,155.13992492074175,70,0.01,130.3900561643216
9125,168.09099941781056,111,0.01,129.6549892088492
9126,227.53956716963472,81,0.01,129.8939097385414
9127,-207.6869036772718,0,0.01,126.69566784580658
9128,122.74438395245184,2,0.01,125.55236560715277
9129,264.21457100196255,164,0.01,126.1754681716745
9130,212.9373523640083,2,0.01,125.91245700813494
9131,31.38708018135145,1,0.01,129.22488575184582
9132,121.19970648448742,250,0.01,127.86864865623325
9133,135.406548799562,159,0.01,128.06590572919586
9134,158.41830541903838,78,0.01,127.21131508306533
9135,263.82776644033447,250,0.01,127.39812477397548
9136,248.12864675645324,103,0.01,127.786461652226
9137,-52.10139707353147,0,0.01,125.01273158099693
9138,-408.9779289795977,0,0.01,118.91137543116021
9139,195.12906423289826,222,0.01,118.69764563401525
9140,175.34665707112913,114,0.01,118.2439474709974
9141,198.6178256019968,133,0.01,117.67577873665114
9142,111.90313406880577,236,0.01,117.27650834528843
9143,128.25994050316686,1,0.01,116.00762253079442
9144,-444.2498961956154,0,0.01,110.32024522342228
9145,-670.3748872725087,0,0.01,102.15086633206263
9146,247.25204217467754,125,0.01,102.60030225237394
9147,113.59895512164665,226,0.01,102.64996295169996
9148,192.37683988585363,68,0.01,102.71215469658418
9149,-268.0728655065807,0,0.01,98.18165140778603
9150,268.25446643588367,1,0.01,100.38046145834434
9151,134.80207026160406,233,0.01,101.13709050332214
9152,158.88969050382073,125,0.01,101.17295736618482
9153,116.10233715958988,206,0.01,99.73917039443403
9154,231.98886977694397,84,0.01,99.68666317917327
9155,133.84121706622105,3,0.01,98.49022213977565
9156,240.10352790602187,112,0.01,99.35454885466328
9157,11.09118981416998,250,0.01,97.79660544584266
9158,205.66878660244976,171,0.01,98.03399496556369
9159,206.86634045303128,2,0.01,98.22918159931129
9160,268.55561807029767,75,0.01,99.53539553958959
9161,147.87876327859422,239,0.01,98.83274779101288
9162,252.29844130270078,112,0.01,99.79598049052773
9163,246.36508883023384,250,0.01,101.02165216404687
9164,171.59710694051395,55,0.01,101.21965556716583
9165,167.09203504187656,107,0.01,101.62321217812605
9166,267.3762536868271,169,0.01,101.70707744392432
9167,205.49786697658436,114,0.01,108.61809892001651
9168,-313.3939980510932,0,0.01,102.96992401286178
9169,242.73946244820903,248,0.01,103.21767654436135
9170,177.72961892338122,3,0.01,103.24341577703092
9171,150.05754418738047,95,0.01,102.31607079323447
9172,181.19859583812897,74,0.01,102.718331472507
9173,151.63017084909526,91,0.01,102.85344017687383
9174,170.16474858166117,131,0.01,102.01796873535022
9175,128.6421874576055,208,0.01,101.61159493478071
9176,126.27278707053885,134,0.01,105.36685487917504
9177,225.07008131578334,66,0.01,106.16201214474073
9178,241.0532497543694,250,0.01,106.27435234799982
9179,-444.75642203007715,0,0.01,100.54871625325818
9180,114.68844208053082,4,0.01,99.65223877954935
9181,262.5990285328398,250,0.01,99.74695915556583
9182,250.29104653553418,143,0.01,100.5950898189698
9183,-6.952575198880993,0,0.01,98.4848806628783
9184,202.20398838106345,128,0.01,98.11535701838699
9185,179.34473732733028,97,0.01,105.89362064787949
9186,-667.4681938014623,0,0.01,104.10601995740842
9187,119.72184629740264,3,0.01,103.92348285883422
9188,187.48342896695425,142,0.01,104.62408773511316
9189,159.4199320223233,250,0.01,103.74541900665194
9190,205.44098757853146,140,0.01,103.22616336170125
9191,257.7015440759285,184,0.01,103.87551661066675
9192,134.0510529570486,1,0.01,103.58576515621448
9193,127.4688695520001,181,0.01,102.31178006476594
9194,254.68124605506546,116,0.01,102.81883019013436
9195,-174.15080320647962,0,0.01,99.95581571883913
9196,240.74002481686614,2,0.01,106.39545950162783
9197,259.1980385461219,85,0.01,112.68263988884513
9198,188.92591743974646,98,0.01,112.12638406319617
9199,139.83262065674182,3,0.01,115.53402878922584
9200,236.69180441290283,250,0.01,116.72029245398302
9201,24.949602433270798,243,0.01,115.8509588632567
9202,131.24863156717328,2,0.01,114.74782090560083
9203,230.52145398458663,180,0.01,116.75005700207049
9204,-484.187231471048,0,0.01,109.55387843167176
9205,134.95089342388204,100,0.01,108.3500141600535
9206,-270.5509210252072,0,0.01,103.1492627656714
9207,112.54545241010598,1,0.01,101.67723406303179
9208,162.58793046154312,250,0.01,101.07094241997511
9209,247.0875180805003,250,0.01,105.49715489125933
9210,156.91669297101063,80,0.01,110.64349518549386
9211,29.710060552502505,37,0.01,109.78867732118057
9212,263.68204749724015,118,0.01,111.20639365048899
9213,212.7400095718563,4,0.01,110.91355195011153
9214,158.12820812736004,170,0.01,109.93457853990702
9215,187.6609411184445,176,0.01,109.14087990435608
9216,166.91986349218863,64,0.01,108.95167673729168
9217,189.07415703679177,250,0.01,109.06703392839032
9218,149.70129104463922,2,0.01,108.92066625576017
9219,180.84047209730062,114,0.01,108.71810692843275
9220,110.67834930682433,192,0.01,107.89774523236288
9221,187.93858248581904,250,0.01,107.89776262212209
9222,132.92236768306626,4,0.01,111.28127700981395
9223,229.17482916618587,249,0.01,112.07887315359399
9224,205.87716431915368,72,0.01,112.58624554757812
9225,240.67836995391986,100,0.01,113.3121192529392
9226,134.2847021779687,250,0.01,112.37957060302253
9227,233.569089071596,126,0.01,116.79213053051122
9228,152.44267976872933,179,0.01,117.08911348867399
9229,262.1822832822993,161,0.01,117.06879061147738
9230,184.27921643253475,3,0.01,116.78220925216264
9231,132.54011436381995,250,0.01,117.79373959398733
9232,-234.00159627182987,0,0.01,114.24172656642413
9233,230.90044912817518,196,0.01,115.19666556971026
9234,262.0824633834595,246,0.01,116.23330714935447
9235,184.19292161385772,153,0.01,115.43695870108972
9236,177.57699179971218,52,0.01,114.73144215152232
9237,135.9380789619227,111,0.01,116.61183691187684
9238,115.80500738403761,3,0.01,121.85966627551318
9239,199.6751533215657,222,0.01,121.90512716639985
9240,44.27270688554711,237,0.01,120.59438766454406
9241,8.781767202580287,38,0.01,118.69602708054988
9242,174.14474174217838,114,0.01,119.31844315728362
9243,-29.15829027027874,0,0.01,117.74426084954915
9244,-17.367893450669783,0,0.01,122.01308087699861
9245,-63.82711956928779,0,0.01,128.07855855403082
9246,221.46277661865886,250,0.01,127.82066589847064
9247,262.88937819265857,203,0.01,129.31357012918073
9248,184.93506235611102,131,0.01,129.23915235388333
9249,118.76829670387639,188,0.01,133.10756397598792
9250,187.6825466398614,74,0.01,132.3018447780277
9251,207.9144723090792,90,0.01,133.03296879850245
9252,122.93388132989725,189,0.01,132.6734107067632
9253,242.78525142152844,250,0.01,133.94023984938258
9254,193.50768295473694,50,0.01,133.55542798116048
9255,136.4556618073616,250,0.01,133.58157242857192
9256,151.8510274354598,125,0.01,132.6990474238663
9257,234.90680379732228,221,0.01,134.9372035636978
9258,222.90992100996903,97,0.01,135.109614907773
9259,223.6293143776208,212,0.01,135.27724464701888
9260,159.75097580485928,104,0.01,134.18919822436453
9261,196.37195004092558,133,0.01,134.67413009198785
9262,236.334897427249,51,0.01,134.5144946532333
9263,177.40712353865004,119,0.01,133.8249150003175
9264,168.81289421685273,130,0.01,133.79707287308088
9265,169.9820964448937,250,0.01,133.82597348711104
9266,214.45885656628863,147,0.01,133.29679951590566
9267,187.82613509784755,250,0.01,133.1200821971183
9268,-388.52246096317765,0,0.01,132.36879756799746
9269,158.18808035534187,66,0.01,131.52328374706877
9270,127.82816710353153,184,0.01,131.02426922887028
9271,158.02506782132247,108,0.01,131.1039444652097
9272,-35.29657961629155,4,0.01,128.9389927106655
9273,231.55826607986938,205,0.01,129.73827366297326
9274,142.0026879128717,4,0.01,129.45665305628535
9275,243.51613892690023,250,0.01,130.60539257097827
9276,196.50284544945987,123,0.01,131.3076931547675
9277,149.9399775237751,100,0.01,130.55639211684738
9278,188.394511850092,185,0.01,130.02980473780462
9279,-404.6558393537915,0,0.01,130.43081056456748
9280,209.26300597957658,138,0.01,131.37655620355795
9281,161.02298066400797,74,0.01,130.36079572486963
9282,36.08597180414845,34,0.01,128.2187449775558
9283,-353.1063185952013,0,0.01,124.75720754359257
9284,-600.9667953788693,0,0.01,116.72549970599326
9285,126.54808958221898,3,0.01,116.19753322854214
9286,168.5529464660757,106,0.01,124.55774463121752
9287,216.94346706195108,164,0.01,125.52996083886299
9288,201.57219180726722,149,0.01,125.67084846726611
9289,-44.73704806347547,0,0.01,123.62927866640811
9290,175.61984614811593,118,0.01,123.33106725210395
9291,8.479189341867595,31,0.01,120.83884370476336
9292,-101.97453438871798,0,0.01,118.4785878313057
9293,246.29081757611647,116,0.01,119.66680731154689
9294,256.4322222991846,222,0.01,119.68431707398805
9295,117.85750779268606,250,0.01,122.60440018397972
9296,161.81083110795086,56,0.01,121.81510824689056
9297,175.9737689733875,250,0.01,120.98286555116323
9298,162.34324428277762,100,0.01,120.71703881959353
9299,261.4367848990881,76,0.01,121.93308046201699
9300,158.91034232325606,214,0.01,121.15526584112052
9301,135.45173419295529,136,0.01,122.26028715871736
9302,247.50419541221265,108,0.01,123.42284279716776
9303,194.76812982038183,97,0.01,123.06530955552573
9304,159.37785796918993,202,0.01,129.50096044992813
9305,161.52024301767193,171,0.01,129.766653945866
9306,275.365085181102,171,0.01,135.2258140079291
9307,113.55215912499172,2,0.01,135.23588107507797
9308,36.4995781037213,12,0.01,133.97499755149974
9309,126.78613315219606,79,0.01,132.7719837022167
9310,181.1977334350104,238,0.01,133.0147941068567
9311,264.24660352391743,237,0.01,135.36015953657082
9312,246.7889498098703,164,0.01,135.19122855969715
9313,147.0355873246717,125,0.01,134.5341843372253
9314,146.92099720463426,250,0.01,134.42211222799804
9315,154.97945849429448,107,0.01,134.0952974017565
9316,120.83857514043801,2,0.01,133.63448451823902
9317,236.1129430350686,250,0.01,134.10487237822178
9318,259.78344551192185,133,0.01,135.2056939228946
9319,159.05041042347258,98,0.01,134.98779330615633
9320,161.23589624676742,143,0.01,135.49336877555575
9321,-142.66135394337653,0,0.01,132.1873694112638
9322,184.42858345260504,248,0.01,132.7024315689592
9323,146.1182058595588,78,0.01,131.87186533589292
9324,195.76157343247587,133,0.01,131.77070942702613
9325,122.26804267800614,1,0.01,130.586606154267
9326,277.63336747354913,66,0.01,132.0200928072228
9327,175.23161694642695,213,0.01,131.4367180859711
9328,162.94954818122508,162,0.01,131.54178677009605
9329,193.95694855835262,122,0.01,130.8595334228566
9330,187.3223131238617,213,0.01,130.88996438976986
9331,197.4633773661804,88,0.01,131.53919701979348
9332,113.44570396411538,207,0.01,135.01367002215292
9333,-560.4680210753796,0,0.01,127.09998532011737
9334,251.9682822435455,1,0.01,126.99884350871827
9335,124.56021617246506,137,0.01,126.40251645430435
9336,256.3425579050022,179,0.01,127.19017211535726
9337,123.1728196120646,184,0.01,127.06251952185865
9338,15.72989645177529,109,0.01,126.06176841253604
9339,151.27551443625487,160,0.01,125.5777720236829
9340,242.54542777995846,105,0.01,127.56049923262702
9341,7.779220643567712,48,0.01,127.5504737670369
9342,178.33951918527436,120,0.01,127.59242154146787
9343,162.47149541334426,246,0.01,129.5087193983041
9344,152.46230393150702,213,0.01,131.20702137212587
9345,218.58666807583467,94,0.01,134.03115924857707
9346,239.12606387645184,131,0.01,134.20779212115502
9347,250.94638695293563,93,0.01,134.0883622087578
9348,-241.6966250661373,0,0.01,129.82204533453532
9349,170.9535319975576,250,0.01,130.34389768747212
9350,37.63425273313425,4,0.01,128.84341474840485
9351,250.16667604080587,75,0.01,129.26593678572215
9352,211.02552989404603,250,0.01,130.14685327136363
9353,149.79891179300367,3,0.01,129.21698987507835
9354,249.27241196519128,88,0.01,129.7746371651829
9355,187.6241324555246,78,0.01,130.28632187166454
9356,-313.93682639291836,0,0.01,125.62844333338074
9357,248.83181318828983,198,0.01,125.76769342729044
9358,162.7311419591167,250,0.01,125.1659056367819
9359,115.58147548223721,93,0.01,124.08542724782806
9360,27.254918970448337,11,0.01,122.76046667948394
9361,201.22112440560574,131,0.01,122.80895842313073
9362,252.5943188205253,228,0.01,122.97155263706351
9363,202.3913589620605,88,0.01,123.22139499129761
9364,266.3811611566229,92,0.01,124.19707766069534
9365,128.2371735532392,1,0.01,123.7796284317788
9366,168.96264577663572,76,0.01,123.32466632388227
9367,124.23381033135043,77,0.01,122.68874307621729
9368,241.34434432325207,60,0.01,128.98741112908158
9369,250.1528747917605,125,0.01,129.90705907344577
9370,180.47512359155985,88,0.01,130.43352863832604
9371,233.189660702091,192,0.01,131.1851745671337
9372,-523.607479403396,0,0.01,126.30206556926268
9373,208.99270259525872,117,0.01,126.07640993441659
9374,140.81582249724414,240,0.01,126.06454128026033
9375,245.3509410140821,1,0.01,126.08288930113213
9376,215.3312590273079,71,0.01,126.2711734369106
9377,145.1318130913949,87,0.01,126.2230917925868
9378,-410.64655958519853,0,0.01,120.2326810782339
9379,175.76651268483502,94,0.01,126.03690459862015
9380,278.7103933513451,89,0.01,126.73137847233784
9381,192.44315400825357,181,0.01,127.0455802057803
9382,241.02399199240506,116,0.01,129.09496040766288
9383,126.7265686305634,141,0.01,133.8932892799205
9384,276.636451500892,113,0.01,142.66932174871815
9385,203.83104570135555,164,0.01,143.4421513099095
9386,204.46143692648457,121,0.01,143.80123621451358
9387,39.489145856688424,10,0.01,142.02669300246097
9388,276.5368973436492,220,0.01,142.77634005782477
9389,121.57218770261119,226,0.01,144.43943241548564
9390,207.99871775146948,196,0.01,144.76322113151917
9391,132.15532145315208,4,0.01,145.99998245263203
9392,190.22775278613233,240,0.01,148.92200532438054
9393,213.12727016986975,200,0.01,148.59036985031804
9394,169.28411819748723,175,0.01,147.7188888093011
9395,227.76112435937875,133,0.01,148.81792497496798
9396,162.14014277720617,85,0.01,148.82121809166057
9397,155.04420530533193,250,0.01,148.61192245498003
9398,167.6805969025801,203,0.01,148.66529598117805
9399,20.354882924852177,2,0.01,146.25447696143567
9400,254.37186706912948,250,0.01,147.20909220889442
9401,-213.6455926132041,0,0.01,143.71811894083282
9402,148.7035690799836,250,0.01,142.7301126775105
9403,160.0581515999515,137,0.01,142.38301289530622
9404,280.41570101019136,102,0.01,143.59339132571623
9405,-106.6057047286561,0,0.01,140.91213184825295
9406,125.35054770787663,3,0.01,139.4119864735207
9407,182.76457409559677,221,0.01,140.10411062322675
9408,126.61998904500575,147,0.01,141.0053147326396
9409,163.89046797704606,4,0.01,141.37635808088808
9410,259.5666808595234,181,0.01,142.16004755513322
9411,150.22388525251563,250,0.01,141.0198203724192
9412,124.62069667037159,250,0.01,139.79813784102421
9413,-107.92935990868403,0,0.01,137.24848836869066
9414,-526.5553678087288,0,0.01,130.51372471855703
9415,155.58823795568065,250,0.01,130.5198125131709
9416,274.8998616858441,200,0.01,132.06042537862496
9417,221.64522155397822,194,0.01,131.91574816381404
9418,247.89359478747923,194,0.01,131.79684965656963
9419,131.25889679683056,5,0.01,131.51893452030322
9420,263.88901583913247,159,0.01,132.54546571622686
9421,116.90919531609966,83,0.01,135.14117120882165
9422,208.27583900310788,243,0.01,135.37964376432666
9423,247.67858789004052,224,0.01,136.39524758463148
9424,270.7367358056073,128,0.01,137.14499920836278
9425,125.657757839903,185,0.01,137.17889635998176
9426,245.4136103720013,128,0.01,136.85669878896627
9427,230.69391829823394,71,0.01,137.4113218024843
9428,125.95066836976862,2,0.01,137.04133300436976
9429,238.36540204255596,203,0.01,137.4854175392118
9430,201.12797561583085,123,0.01,137.62347416413152
9431,245.38472035846408,88,0.01,138.10268759405434
9432,189.20527847337178,113,0.01,138.86028333914692
9433,157.0354291538867,250,0.01,146.03531784143956
9434,63.23154958524049,83,0.01,144.1479505148565
9435,120.53238354381311,232,0.01,144.10767218856998
9436,231.47801068330344,203,0.01,143.85902671635301
9437,260.29088262260484,112,0.01,145.2302073464584
9438,-255.64028852320337,0,0.01,142.51650549670865
9439,241.37840165855073,151,0.01,143.41753436893157
9440,120.0777125609985,244,0.01,142.19285721674197
9441,197.80718210549452,137,0.01,144.09313683136125
9442,147.52107935273088,231,0.01,143.7849524330358
9443,144.91691086543858,0,0.01,143.60940658755678
9444,16.076318391491327,79,0.01,142.2455467321566
9445,235.86229349584326,69,0.01,142.41830298635668
9446,18.814593762910306,238,0.01,140.21518828522127
9447,190.61189972547248,230,0.01,139.61184341294666
9448,134.3623196163481,250,0.01,143.3724328597715
9449,5.025324996471937,150,0.01,141.71315078976062
9450,224.58237876855233,141,0.01,143.5826320501148
9451,205.22644961877089,134,0.01,143.13322978589449
9452,-518.8075930149721,0,0.01,135.8348985568043
9453,179.5570350548153,140,0.01,136.1324797894224
9454,-617.1898904340158,0,0.01,127.46785676543033
9455,207.16646645811193,250,0.01,127.6632801054562
9456,189.5512793847421,223,0.01,132.6981611632328
9457,279.69095565578505,120,0.01,133.00675258790776
9458,-490.67492654007765,0,0.01,126.47269190291581
9459,162.53774536363662,58,0.01,126.94225460172984
9460,221.70932103453163,234,0.01,128.88679862237066
9461,134.1546049017598,3,0.01,128.21613342733218
9462,-390.47540391844905,0,0.01,121.78543619994245
9463,174.6549988517111,159,0.01,121.50807259883895
9464,136.7644826063211,140,0.01,120.21190581333593
9465,130.13389961744238,1,0.01,120.23087307397795
9466,266.6235262951009,206,0.01,121.2074818791626
9467,158.90282690233465,250,0.01,121.55417204487247
9468,-543.622577458375,0,0.01,113.70450282705619
9469,278.83664303862895,160,0.01,113.99134050952489
9470,194.5331941107922,245,0.01,114.13192121471721
9471,-334.7810683428323,0,0.01,108.45221392426798
9472,-674.521804106658,0,0.01,106.94307067723534
9473,181.26467084769803,134,0.01,106.66579035975974
9474,193.2930337098593,250,0.01,107.19056247188588
9475,255.37760858224993,250,0.01,107.29082914756756
9476,-133.87622888787328,0,0.01,103.79875426841576
9477,25.336911191648028,70,0.01,102.60080524941826
9478,282.1230253437926,96,0.01,109.5285010987082
9479,160.95648235685144,127,0.01,109.38040079542836
9480,156.3886644795185,250,0.01,108.15718350671008
9481,161.11091601759455,203,0.01,107.84386112680349
9482,177.4008986385955,210,0.01,107.20763019326542
9483,135.16827268058552,93,0.01,107.29204723376563
9484,224.53335011487766,139,0.01,106.77101621990546
9485,144.12375392445134,2,0.01,106.17394330213645
9486,-619.6440337263739,0,0.01,97.93288859560785
9487,199.16507777211194,250,0.01,99.52964791476208
9488,125.48151966449319,2,0.01,98.01909413797053
9489,239.2473357274688,156,0.01,99.19584561821912
9490,133.88170577309114,122,0.01,98.45467549843532
9491,225.09617701137415,140,0.01,99.38408405401753
9492,122.79666323992356,1,0.01,98.70977315855545
9493,258.54587333585386,241,0.01,99.1639591902153
9494,211.20864487384313,111,0.01,99.58320445697886
9495,263.83561187724314,96,0.01,99.9439493321575
9496,145.84365106137327,250,0.01,99.78098441499918
9497,185.26121960576583,250,0.01,100.0831545580035
9498,-235.45989671548972,0,0.01,96.05174962182282
9499,183.33364678007908,72,0.01,97.68153726037508
9500,127.53017194657798,190,0.01,96.41312030914956
9501,225.47638429250372,147,0.01,100.80434007820666
9502,259.99992287402597,77,0.01,101.91730361614705
9503,-34.99788596230226,0,0.01,99.96674324052454
9504,268.49543122486193,126,0.01,99.84754054267123
9505,142.87390596074405,122,0.01,102.34233664956523
9506,131.45201383790246,92,0.01,102.40335131086549
9507,199.8681492063213,92,0.01,102.57438706197274
9508,208.00216667388776,95,0.01,103.38820883826158
9509,172.12557286378816,250,0.01,103.47055988712899
9510,-263.70136904870185,0,0.01,98.23787938804674
9511,118.6759100006057,151,0.01,97.92239963552764
9512,161.84456206484003,141,0.01,98.29463828947232
9513,148.72552410653867,185,0.01,100.86118712962455
9514,-228.55554229059828,0,0.01,103.84118538480585
9515,133.15980919477664,250,0.01,103.6169010971968
9516,270.0710288524178,154,0.01,103.56861276886255
9517,186.3965345696177,98,0.01,103.21612589901893
9518,-541.5633646658364,0,0.01,95.32155630448577
9519,234.73699495031758,153,0.01,96.35633728602062
9520,24.045868125077142,29,0.01,93.9579058088801
9521,227.56566274731057,105,0.01,95.0644704831922
9522,-620.0963441302,0,0.01,86.78074865185914
9523,196.57147383838122,3,0.01,86.26967751134254
9524,283.054073006896,149,0.01,86.39285088335542
9525,133.06255962092177,128,0.01,86.46689890116559
9526,231.87926388090892,199,0.01,86.33155543625467
9527,162.8085881326145,236,0.01,85.6527021345985
9528,258.33884514297864,59,0.01,86.9765839023306
9529,-229.75099934073933,0,0.01,82.29541988849763
9530,176.36562089249486,187,0.01,82.04779634126427
9531,250.24894385544707,148,0.01,82.0964385762341
9532,220.99196086470363,222,0.01,82.41430540014743
9533,137.94968205702736,4,0.01,82.22344792917882
9534,259.98325924410204,132,0.01,84.19096502576745
9535,27.36976936353335,2,0.01,83.25933888396465
9536,263.2575728827663,203,0.01,83.57713450595928
9537,117.69551127098804,83,0.01,82.1511807924431
9538,181.9689382729057,127,0.01,86.52727306040418
9539,241.5648411197733,233,0.01,86.52913745501642
9540,256.48550803603655,250,0.01,87.8932154097668
9541,0.07283762944666705,2,0.01,85.91587196500632
9542,231.0103238833943,215,0.01,86.75076441031297
9543,237.7771913957044,213,0.01,87.6793672156156
9544,192.71639678884745,84,0.01,89.4457679995892
9545,160.54906691123247,111,0.01,88.69263573374309
9546,198.54748746955596,87,0.01,90.48996467080953
9547,135.1907772346571,126,0.01,89.93575344590137
9548,187.12029089028596,127,0.01,90.46333315864075
9549,232.0815801209293,175,0.01,92.73389570988533
9550,130.65904906213146,4,0.01,91.79466241282111
9551,130.36048922300392,1,0.01,91.04600280886345
9552,256.2183332531988,239,0.01,98.79626207154517
9553,200.8283591666796,84,0.01,99.00897531266381
9554,236.6211899649868,78,0.01,107.54708611665383
9555,164.34068899208233,123,0.01,107.11882834199353
9556,143.61249464858983,2,0.01,106.65944049463204
9557,234.4614111890411,250,0.01,106.20714504996458
9558,186.33664896907908,136,0.01,112.97726080505616
9559,148.8348700867656,207,0.01,112.84023205228745
9560,237.20091597099173,74,0.01,112.99514800165205
9561,199.79622332317854,169,0.01,113.65156418586625
9562,283.0243110689578,190,0.01,120.3865613357403
9563,144.7730786884008,4,0.01,120.08774213410719
9564,161.50075857595044,153,0.01,120.33510489380348
9565,210.10916351780978,250,0.01,121.13485753280713
9566,250.99396870230277,107,0.01,120.97856195687916
9567,140.08765792752007,1,0.01,120.79041026713102
9568,58.13795523137264,187,0.01,126.80801559402852
9569,186.8114966184421,118,0.01,125.88776412982665
9570,149.43857355520856,89,0.01,125.4368179242708
9571,210.0528818644214,85,0.01,130.8851574263433
9572,280.6216207843688,177,0.01,140.4365916752536
9573,161.06996278750347,157,0.01,140.23464459465166
9574,193.86370719482449,84,0.01,140.24035132950132
9575,229.72018684395277,189,0.01,139.98377711211836
9576,48.10538127113978,218,0.01,141.8035932137085
9577,257.74914750497925,150,0.01,144.1277155768418
9578,194.57216368602965,250,0.01,143.25220696026415
9579,205.30982932508851,143,0.01,143.69574042994654
9580,60.0979725682746,217,0.01,142.73283351083407
9581,50.69930633737914,134,0.01,141.6287174140319
9582,187.47599002924431,147,0.01,141.7294683279384
9583,152.4244159792748,94,0.01,141.9020297609253
9584,276.02776437469635,250,0.01,142.41697390352348
9585,-674.0339385883972,0,0.01,134.235396978395
9586,152.04177950432577,87,0.01,141.952255110702
9587,195.9812455480631,90,0.01,141.9204167884615
9588,199.24153547682155,65,0.01,142.65801694658478
9589,137.33921024232643,3,0.01,141.63893569173337
9590,264.3232026231298,195,0.01,142.94335066023376
9591,247.2857321772346,156,0.01,143.16524621189237
9592,276.4730208646859,4,0.01,144.70200978813997
9593,268.2598522586853,250,0.01,144.7991495773683
9594,172.6083099512426,4,0.01,144.4131462281423
9595,198.2760019037699,236,0.01,143.7575501284076
9596,215.92319565626545,198,0.01,144.45834557435649
9597,229.4949578682876,96,0.01,144.90068295698174
9598,225.4950099930657,126,0.01,149.51023202406728
9599,210.18308117443723,90,0.01,149.77872636801084
9600,233.5002979459291,163,0.01,150.83842762800435
9601,248.10811680093275,104,0.01,151.06474495308865
9602,277.88463700547976,126,0.01,151.24359209440317
9603,191.55796766080692,55,0.01,153.50915063063428
9604,160.8750533932839,88,0.01,152.43294685231848
9605,125.71152920106087,129,0.01,152.26132308472165
9606,120.92820750764592,174,0.01,152.15608502141907
9607,119.27121716562793,212,0.01,151.35011570101216
9608,230.54787542695988,250,0.01,151.5755727885429
9609,-268.04530071162253,0,0.01,147.1738640527888
9610,40.67821969967531,150,0.01,150.21765994027254
9611,118.32852269546265,79,0.01,150.2141860672211
9612,232.3056133332588,250,0.01,150.91879657990532
9613,183.31465698200316,142,0.01,151.26468790865997
9614,150.9375889815745,93,0.01,155.0596192213817
9615,177.97096587024407,79,0.01,155.50773078813637
9616,118.69842867351377,250,0.01,153.99400478634732
9617,160.16490487935374,81,0.01,153.73168848944465
9618,-402.40559119949506,0,0.01,155.12326622410808
9619,235.77391885859134,80,0.01,155.1336354631908
9620,162.34869770984426,142,0.01,156.5166637590385
9621,253.36814080485868,99,0.01,156.77468853961398
9622,233.97307915615403,165,0.01,165.3153827724775
9623,184.82702101612003,156,0.01,165.1979382442549
9624,250.57520063591454,81,0.01,164.87314952054513
9625,132.5844910917744,245,0.01,164.86836883525365
9626,277.59650840198844,250,0.01,165.32554128046445
9627,225.06606024960274,4,0.01,165.9481160016343
9628,244.03081303650472,215,0.01,165.80503568056957
9629,206.0705169721018,223,0.01,170.16325084369794
9630,192.2808880598263,250,0.01,170.3224035153713
9631,175.96483450448636,4,0.01,169.5795624218617
9632,180.0700113228803,165,0.01,169.17034292644348
9633,150.09716237539791,73,0.01,169.29181772962718
9634,128.69100878373655,214,0.01,167.97889522502348
9635,125.12578983316438,1,0.01,168.95645542971977
9636,-175.52877072469437,0,0.01,164.5685919936452
9637,252.81819552290463,2,0.01,165.91981883616435
9638,-640.6755515545847,0,0.01,157.69337393788945
9639,192.08342961161182,129,0.01,157.19855982280785
9640,193.8377361892464,222,0.01,156.57208210433996
9641,243.77289273500014,236,0.01,159.00908265539547
9642,129.8397787290268,186,0.01,157.9973772038518
9643,176.13550334153342,171,0.01,157.3809603233101
9644,278.37887459169497,84,0.01,158.23758510133857
9645,245.58426714289135,184,0.01,159.08793710365515
9646,145.13333924584805,182,0.01,158.55379562141806
9647,241.90312106269988,140,0.01,159.62091905969848
9648,171.37279740337854,147,0.01,159.4634441248294
9649,266.34934346618496,239,0.01,159.80612175828196
9650,259.13514171617066,239,0.01,161.0908826848224
9651,200.35548508208353,250,0.01,161.79083264341318
9652,264.3385883993615,233,0.01,161.8720351948748
9653,144.12733250498653,237,0.01,161.3050249282579
9654,224.98149687309865,223,0.01,161.18862799733898
9655,245.59859443819067,1,0.01,162.00120705180007
9656,133.70540705484333,138,0.01,161.9021361758626
9657,174.62929381634422,185,0.01,161.30381500213562
9658,223.47168583493863,120,0.01,161.67516537079422
9659,190.9079108818227,2,0.01,162.0958957787448
9660,143.29130923482376,243,0.01,161.15679971138312
9661,197.97567406924733,92,0.01,161.1385942188438
9662,148.63363010273292,4,0.01,159.79468740918156
9663,-198.09598505005374,0,0.01,156.36599677179703
9664,166.08692707106158,242,0.01,156.41185845674812
9665,196.66151655915723,60,0.01,156.27738198716162
9666,124.2247795876014,202,0.01,155.0096900960146
9667,284.5458455500748,211,0.01,156.45427197224012
9668,229.185426745131,128,0.01,158.16474668737774
9669,266.17497936611534,215,0.01,158.95838151485444
9670,201.23001718523358,164,0.01,159.47629595115467
9671,249.47594162254475,140,0.01,159.87052654873594
9672,250.337000417735,126,0.01,159.5676803450696
9673,157.5412572668174,180,0.01,159.53239328986274
9674,230.28433733245808,139,0.01,159.89659959123907
9675,245.36731363180485,171,0.01,160.0530708591176
9676,245.8490478413267,188,0.01,162.03050752481946
9677,17.71584698089231,197,0.01,159.6301745195786
9678,-266.62938287892854,0,0.01,155.018159053929
9679,187.04890503751875,244,0.01,154.83554981105328
9680,165.7133506945696,155,0.01,155.89170359231628
9681,119.70521850446593,135,0.01,156.58176271398713
9682,187.19380945877754,250,0.01,156.57894090828245
9683,164.98778953029043,125,0.01,156.70457464379263
9684,148.81337914387146,121,0.01,155.4324307914844
9685,290.2506298122896,181,0.01,165.07527647549122
9686,176.2261224034149,83,0.01,165.31711990448218
9687,225.64496985636185,84,0.01,165.6137571475651
9688,243.55909259071626,177,0.01,166.05693271870405
9689,-12.572102194350805,1,0.01,164.55781959433727
9690,127.11746649874895,114,0.01,163.1857622330935
9691,173.2316949693547,52,0.01,162.4452218610147
9692,183.1623489077635,3,0.01,161.51211514144546
9693,148.9039353393436,5,0.01,160.31855597225203
9694,268.64458617060956,219,0.01,161.2789187344457
9695,272.3621334810225,214,0.01,162.01978005021826
9696,172.24868433984125,203,0.01,161.583034937054
9697,196.61178707123494,250,0.01,161.25420322908352
9698,287.51437118571636,124,0.01,161.87439684101
9699,-48.26444328031798,0,0.01,159.28992159646245
9700,241.28875579629488,250,0.01,159.3678061749661
9701,277.4158848783761,1,0.01,159.66088385574054
9702,158.0268243897083,143,0.01,158.4623057295828
9703,126.85743472110083,171,0.01,157.81530040018575
9704,242.98042147429385,160,0.01,158.63635408099583
9705,268.55411212406534,250,0.01,160.06477991022592
9706,139.34509985481236,165,0.01,160.24894883369757
9707,171.91830536075912,88,0.01,160.77541971564887
9708,138.61289839158638,5,0.01,159.85606994529513
9709,289.8857131338888,158,0.01,165.43538008375023
9710,187.6962978181184,250,0.01,166.90556086493467
9711,162.90642733274518,250,0.01,167.35133991130752
9712,170.60565705036365,134,0.01,166.73434034847855
9713,241.60065659105013,80,0.01,167.31720034456902
9714,136.07472572059154,2,0.01,167.1685717119592
9715,211.23384493401272,80,0.01,167.50120050259687
9716,249.03261949397296,250,0.01,168.8045424108015
9717,227.1486132919075,250,0.01,169.474379494927
9718,215.41408636966287,228,0.01,175.65257627061862
9719,191.21786141779276,250,0.01,175.20701569621062
9720,123.41515942431654,78,0.01,174.81768031335537
9721,220.0635492482559,162,0.01,174.4846343977893
9722,230.80175313498333,133,0.01,174.45292113757762
9723,159.03112674679076,75,0.01,174.19496219488428
9724,183.00448851001158,104,0.01,173.5192550736253
9725,136.16380693358903,244,0.01,173.55504823204345
9726,-548.6707933730131,0,0.01,165.2923752142934
9727,251.11167908717994,111,0.01,165.55283140266914
9728,132.19912809377757,4,0.01,164.43451455324194
9729,121.77267660205266,173,0.01,163.5915361495414
9730,250.51897161476455,250,0.01,164.1739169850908
9731,285.3210319234603,250,0.01,165.26747895928054
9732,166.7011124319113,248,0.01,165.13378997037086
9733,9.276606575420601,250,0.01,163.7255844123711
9734,237.9782568644187,3,0.01,164.8184568931779
9735,-343.3644763784515,0,0.01,160.1335542310617
9736,235.38836062819536,180,0.01,164.2427255445906
9737,-195.86590633060894,0,0.01,159.7558845260555
9738,197.77845267708884,250,0.01,168.14042456837228
9739,-475.0131844458864,0,0.01,161.46945842779726
9740,129.3411440944807,1,0.01,160.82449250684962
9741,138.40317823417794,2,0.01,159.77079536184135
9742,237.1041775959725,192,0.01,160.8434393505108
9743,145.20275819105944,1,0.01,160.53411189900606
9744,44.27558351919703,200,0.01,158.19307898828112
9745,-131.53890811998644,0,0.01,154.4218472356523
9746,188.89733401185057,150,0.01,154.85948718331235
9747,-135.41914620321097,0,0.01,151.08626451065322
9748,205.84753295777472,135,0.01,151.4310118661972
9749,187.3762912206327,184,0.01,150.6412813437417
9750,-5.226871827926459,0,0.01,147.9976612083007
9751,172.50750905290795,250,0.01,147.71918144800895
9752,203.197536288646,161,0.01,147.1077709269018
9753,227.3833861008865,161,0.01,147.94033146286077
9754,-402.3294811501773,0,0.01,141.66722168262805
9755,182.19806916126973,111,0.01,141.03321642985884
9756,-335.15884691896775,0,0.01,136.34457389012073
9757,160.62178922573855,195,0.01,136.20449884421467
9758,161.31080802925936,250,0.01,135.58289006615786
9759,154.94762908018203,63,0.01,135.22328724814145
9760,212.06722536856773,132,0.01,135.9110464094789
9761,153.6215735178738,183,0.01,135.46750540396516
9762,134.27732709983627,105,0.01,135.3239423739362
9763,261.76342776777557,1,0.01,139.9225365021145
9764,145.22876543736572,1,0.01,139.71395488577753
9765,181.73562579675854,3,0.01,139.56469597815354
9766,261.81174042707045,77,0.01,140.94056558654825
9767,-617.4036748934158,0,0.01,131.92107038211333
9768,155.01202255818544,85,0.01,131.17933634024388
9769,130.44734537814801,208,0.01,129.8220600003642
9770,152.6417213158995,250,0.01,129.33617704167088
9771,-33.584188696398854,1,0.01,126.50557573848143
9772,157.05716195256917,250,0.01,125.57277735382976
9773,226.18798126328318,149,0.01,126.25924459379443
9774,-195.66536599569042,0,0.01,121.99974756051293
9775,188.09480663079643,1,0.01,121.42702249050284
9776,262.1606364274665,112,0.01,121.59013837636425
9777,239.21433534361893,183,0.01,123.8051232599915
9778,177.73168220869675,4,0.01,128.24873391086774
9779,20.167779565430465,168,0.01,126.57992265614688
9780,255.6028553722856,107,0.01,127.47881770292406
9781,153.65072280308803,153,0.01,127.81827274591028
9782,223.28859126539464,121,0.01,128.17922056397646
9783,291.7271687668,119,0.01,129.44661435634154
9784,227.14789458865323,250,0.01,130.22995951078937
9785,270.0598057831689,100,0.01,130.02805127049814
9786,247.94294238410384,194,0.01,130.74521947030505
9787,127.4907457328756,167,0.01,129.76367722907017
9788,-509.97810256362516,0,0.01,122.22830527752676
9789,229.45463443127986,119,0.01,124.64857264378307
9790,227.276207973137,250,0.01,125.65016005852695
9791,-216.73070925443903,0,0.01,121.750536016289
9792,124.7303675560337,250,0.01,121.16621620277172
9793,282.6784935644742,194,0.01,122.50396178502302
9794,190.54933461484654,168,0.01,121.72300926946541
9795,264.1231412268023,243,0.01,121.64061934692319
9796,141.4943961067953,201,0.01,121.33307646459272
9797,-287.2164445272536,0,0.01,116.49479414860784
9798,272.56563031792325,243,0.01,116.34530673992991
9799,237.76975536129135,250,0.01,119.20564872634598
9800,231.419353122316,175,0.01,119.1069546996062
9801,262.58733034506054,122,0.01,118.95866915427305
9802,254.78397058690868,92,0.01,119.92624061624505
9803,144.8248305920982,1,0.01,120.10591457495502
9804,256.7694511790167,250,0.01,120.24380487200226
9805,251.40605343926387,208,0.01,120.07232428515427
9806,208.05233933047737,79,0.01,120.75939667991089
9807,141.96605229362783,107,0.01,120.45987414923958
9808,2.47178678778522,2,0.01,119.09846303320157
9809,157.71701680184609,217,0.01,117.77677606988114
9810,-8.79964978929836,11,0.01,115.81181659380697
9811,126.97529966247906,5,0.01,115.4525053171043
9812,133.5011445918598,1,0.01,115.08146019251926
9813,187.32601714674345,180,0.01,114.53871379807619
9814,202.8070128546297,56,0.01,115.20603666941658
9815,178.5548014387626,250,0.01,114.87924623446408
9816,-487.2355834055878,0,0.01,107.51656420546847
9817,196.59758268801156,83,0.01,107.21105389942952
9818,48.677595696500816,250,0.01,105.5436889926979
9819,221.00643785418197,86,0.01,105.84157475706179
9820,220.2582811528269,84,0.01,106.8100059743469
9821,130.3519341946643,250,0.01,105.91288982381097
9822,266.0875610702441,127,0.01,106.26574790316361
9823,258.8857373890141,250,0.01,107.26429400958583
9824,162.64611780068282,73,0.01,107.06071030249254
9825,123.30428215077535,250,0.01,106.9321150546644
9826,284.3949645820826,204,0.01,115.26277263421534
9827,291.6422404054158,141,0.01,115.66807824739772
9828,225.79787240829694,78,0.01,116.6040656905429
9829,-244.39332896101496,0,0.01,112.9424056349122
9830,138.40970268605528,4,0.01,111.82131294562511
9831,177.0551440678189,250,0.01,110.7386540670687
9832,276.0160868393673,169,0.01,111.83180381114329
9833,267.94039375811417,97,0.01,114.41844168297021
9834,134.0574350115322,250,0.01,113.37923346444136
9835,214.71015103760513,215,0.01,118.95997973860193
9836,283.5672458006437,76,0.01,119.4417685903264
9837,-90.5070598999935,0,0.01,120.49535705463256
9838,277.93539038516593,216,0.01,121.29692643171333
9839,139.1491097526965,2,0.01,127.43854937369917
9840,-394.45715050322906,0,0.01,122.20056642772207
9841,242.76789971740342,51,0.01,123.24421364255431
9842,248.51462776223286,199,0.01,123.35831814421692
9843,193.22955552696436,120,0.01,123.83858611757597
9844,211.16983566382447,221,0.01,125.50752863902225
9845,181.54625304884405,86,0.01,128.63838025071055
9846,24.200106001986832,30,0.01,126.9914079706119
9847,238.5387675033757,115,0.01,130.73098710767778
9848,159.11710893721704,119,0.01,130.2636828674722
9849,240.3467927757652,250,0.01,130.7933878830235
9850,163.12777858014994,138,0.01,132.47693438710428
9851,196.7731233444037,213,0.01,132.71959053001922
9852,286.49809828405586,250,0.01,133.55259614997334
9853,132.0512848934359,0,0.01,132.59927513789884
9854,-399.1481593338717,0,0.01,132.6310883560619
9855,295.0423015980765,165,0.01,133.75953068042995
9856,232.08749153827262,136,0.01,139.43199406500236
9857,195.12894254586945,250,0.01,139.77706559820365
9858,148.3400578456412,246,0.01,139.64735809636747
9859,-208.44284746532503,0,0.01,136.0134533309124
9860,-1.4202128996258079,41,0.01,133.87857894823048
9861,150.2816977857579,65,0.01,133.84518019090933
9862,136.8654628609453,92,0.01,133.87106154852043
9863,284.1483061211733,163,0.01,134.0949103320544
9864,223.00272309807764,170,0.01,134.87264990866154
9865,267.6476803319821,226,0.01,135.73177045401377
9866,-390.430045588794,0,0.01,129.2093525938551
9867,152.25672446365047,236,0.01,136.90595658742578
9868,273.5556778380875,111,0.01,138.0913931402248
9869,224.71649198366816,113,0.01,139.03408460628
9870,286.3440976375861,114,0.01,140.37110836949688
9871,208.10934011312023,250,0.01,142.78804365759206
9872,134.18158570743017,130,0.01,142.55928789514067
9873,226.1849615888054,219,0.01,142.5592576983959
9874,127.28790515647125,163,0.01,145.7887904099175
9875,139.6461517481066,220,0.01,145.3043038610906
9876,167.1855464813624,142,0.01,144.35455296162954
9877,204.78499304968418,130,0.01,144.0102595386902
9878,253.17980875923212,234,0.01,144.76474080419558
9879,124.9831125431035,250,0.01,145.8128941339723
9880,241.5378717114164,208,0.01,145.67224429736362
9881,174.41276826015573,105,0.01,145.87986475193426
9882,238.12951097299296,145,0.01,146.02827394901024
9883,-581.7641969657791,0,0.01,137.29336029168445
9884,290.97985971627793,148,0.01,137.9316799429607
9885,217.07362895001233,250,0.01,137.40181817462914
9886,295.2979209050979,113,0.01,137.87536795983908
9887,187.6887993414806,2,0.01,138.47734849592513
9888,162.6178521774077,101,0.01,145.20330804333548
9889,258.1112860310083,206,0.01,145.48987455933275
9890,291.3476609567857,172,0.01,146.13058908916926
9891,235.5347707846816,74,0.01,150.65324388956046
9892,197.015742168178,189,0.01,151.3760976356819
9893,178.88785378360856,250,0.01,150.33819123787325
9894,-663.5319775651981,0,0.01,141.7973781160728
9895,250.13185999116223,97,0.01,141.6574653037164
9896,-85.10885589605391,0,0.01,139.39143278368792
9897,222.7172444210022,174,0.01,144.49076967317046
9898,46.7402430757075,118,0.01,142.2325158007483
9899,174.4147480416429,128,0.01,141.59896572755184
9900,158.34156380716618,73,0.01,140.86818783440035
9901,208.8874442178024,118,0.01,140.33118897312772
9902,243.8936502701019,188,0.01,140.22228576995965
9903,240.77548263163473,4,0.01,141.18179229035502
9904,138.35514701590427,250,0.01,139.9976492487239
9905,194.03318340321488,211,0.01,139.4239205483634
9906,187.4995934845241,250,0.01,139.21839308990388
9907,24.80866952661991,33,0.01,138.0468192622338
9908,-491.8857527206682,0,0.01,133.10324386714927
9909,150.42589709066658,154,0.01,133.03033267003747
9910,220.12438850401017,168,0.01,135.31957305297055
9911,162.68453020942405,250,0.01,135.67666535844003
9912,232.76321666935308,250,0.01,136.66928607921494
9913,126.93053427852546,127,0.01,136.06533125053275
9914,262.14262426199286,247,0.01,136.6586873646064
9915,191.3705855465488,246,0.01,136.78684520568424
9916,234.25091108263842,120,0.01,144.0017101505665
9917,62.05573518263253,96,0.01,142.6562916755127
9918,265.7568171549235,72,0.01,144.82708389009696
9919,248.19914578170278,145,0.01,145.09901096937216
9920,297.0487064569352,88,0.01,145.86691522241324
9921,252.82538339240986,152,0.01,147.0916497143907
9922,-156.15104827550033,0,0.01,142.86926362093328
9923,169.53748025522856,61,0.01,141.9757810495954
9924,291.00288280466935,169,0.01,143.2593486996353
9925,243.3503838864537,201,0.01,144.45980971699208
9926,204.83599249917674,210,0.01,143.66421999616298
9927,298.3538951205306,196,0.01,143.73133654331414
9928,248.05828828132866,100,0.01,143.95394070204446
9929,125.64251486474856,250,0.01,147.6542991403021
9930,283.33358104191444,103,0.01,149.10353792386067
9931,182.0289804780769,2,0.01,149.15327628796328
9932,192.10948669417655,250,0.01,148.31421028651135
9933,153.30198628129082,250,0.01,147.16782621174312
9934,229.27572643669896,174,0.01,148.1200091259948
9935,239.16794486516818,52,0.01,148.36458706427044
9936,204.72946748539476,158,0.01,147.57620928111794
9937,-38.44687061303776,2,0.01,148.0968111739875
9938,-141.79469015161482,0,0.01,143.8995103686197
9939,7.972109866024368,107,0.01,142.58774036975296
9940,240.66970878894904,250,0.01,148.93900896267476
9941,269.15932764249465,65,0.01,149.20292324192567
9942,158.396905333096,50,0.01,148.30174601763431
9943,297.3132446726876,94,0.01,149.34258290909153
9944,271.19527589688676,121,0.01,149.94283731142215
9945,-41.21940035205597,1,0.01,147.71518077741314
9946,136.53953952711467,1,0.01,148.83857511266442
9947,-407.10367424986066,0,0.01,142.38215069513208
9948,229.06500437132343,177,0.01,143.08162964947314
9949,144.99654556710297,150,0.01,142.12812717738652
9950,288.89043553696706,200,0.01,143.38575374695466
9951,275.2018141458682,86,0.01,144.1700406549693
9952,293.75367726178035,250,0.01,144.24259644474657
9953,-541.9044639873309,0,0.01,137.5030389559389
9954,136.3826123888786,250,0.01,142.8583466731664
9955,240.21800389931477,168,0.01,142.3101036961788
9956,129.72497814633414,0,0.01,141.2864785622594
9957,245.02921264125243,82,0.01,141.78548126321326
9958,181.38704433878425,86,0.01,142.11595112814467
9959,292.3999591199097,140,0.01,147.12437919399702
9960,182.4441025483457,250,0.01,148.96302234847676
9961,165.53836750945737,250,0.01,149.11558904571373
9962,246.0002267399588,102,0.01,150.2069366845039
9963,241.35902154550752,189,0.01,149.77904383874724
9964,274.9647793810381,179,0.01,150.29866440157681
9965,-34.8234373829452,0,0.01,147.27395322442754
9966,142.3223903636046,195,0.01,152.60147758395152
9967,149.1854990178358,2,0.01,152.57076532949338
9968,299.9359589706041,250,0.01,152.83456814081853
9969,147.85322318472808,250,0.01,152.06593545282914
9970,139.09687131286938,3,0.01,150.59346318958197
9971,-8.160784727844003,0,0.01,148.4307619411723
9972,252.68718110410683,116,0.01,149.6158178951391
9973,167.34895807672862,66,0.01,149.02745786001833
9974,289.7081257833827,200,0.01,150.65166006628746
9975,185.1141833586493,238,0.01,151.1063403823929
9976,167.41528457956903,76,0.01,151.10863776337496
9977,283.4816881313169,72,0.01,151.89560471419128
9978,219.2571991928487,232,0.01,151.55637861852745
9979,125.60872019235816,127,0.01,151.56263469501994
9980,280.52856825015317,109,0.01,151.95254166040732
9981,241.47172495168599,121,0.01,152.62313122732266
9982,176.3368842881845,242,0.01,152.00520496047454
9983,300.1377355509111,218,0.01,160.82422428564144
9984,204.3456794069495,123,0.01,159.95788248254814
9985,207.63642784491032,250,0.01,159.86351047149716
9986,171.18208230200213,84,0.01,158.6223520854662
9987,219.334012101643,199,0.01,158.93880421306784
9988,187.28967515188594,125,0.01,159.1855224428126
9989,190.44624967355085,250,0.01,158.50887207923802
9990,232.84075300763166,79,0.01,157.92380299974647
9991,302.3170223020566,101,0.01,158.59162551492022
9992,-105.69609441506122,0,0.01,155.56450714908783
9993,141.66847622444197,4,0.01,155.19231337349618
9994,156.6070056118768,200,0.01,163.39370320526695
9995,194.6201521643699,110,0.01,162.83858612699902
9996,170.96329284738565,137,0.01,165.39930761443338
9997,258.0896263212265,121,0.01,165.7530314334356
9998,254.76912827137446,82,0.01,167.8333202853923
9999,216.23764303709856,96,0.01,168.25154923534686
10000,209.1882836432614,104,0.01,168.7600164337078
